"","true_like","ml_like","ml_X1","ml_X2","ml_X3","ml_X4","true_X1","true_X2","true_X3","true_X4","M","N","z","run","seed","p","nbio","nevents"
"sub",-260.168275416792,-260.168275416792,3,3,2,1,3,3,2,1,100,4,1,1,11007541,0.75,4,1
"sub.1",-265.401260118548,-264.354855994188,2,3,4,1,2,2,3,1,100,4,2,1,11007542,0.75,4,1
"sub.2",-263.795839608852,-263.795839608852,1,1,1,1,1,1,1,1,100,4,3,1,11007543,0.75,4,1
"sub.3",-264.900628490066,-264.46045051756,1,2,3,4,1,1,2,3,100,4,4,1,11007544,0.75,4,1
"sub.4",-263.07728057445,-263.07728057445,4,1,3,2,4,1,3,2,100,4,5,1,11007545,0.75,4,1
"sub.5",-249.526872883913,-249.526872883913,1,1,1,2,1,1,1,2,100,4,6,1,11007546,0.75,4,1
"sub.6",-263.750702711721,-263.750702711721,3,3,2,1,3,3,2,1,100,4,7,1,11007547,0.75,4,1
"sub.7",-259.230667758818,-259.230667758818,1,1,1,1,1,1,1,1,100,4,8,1,11007548,0.75,4,1
"sub.8",-262.053869151898,-260.71638911126,1,2,3,4,1,1,2,3,100,4,9,1,11007549,0.75,4,1
"sub.9",-264.428651639954,-264.428651639954,2,1,2,2,2,1,2,2,100,4,10,1,110075410,0.75,4,1
"sub.10",-256.927578242242,-256.927578242242,2,1,3,3,2,1,3,3,100,4,11,1,110075411,0.75,4,1
"sub.11",-265.531371266634,-262.900772381558,2,4,1,3,1,2,1,2,100,4,12,1,110075412,0.75,4,1
"sub.12",-272.009810720904,-272.009810720904,2,2,1,3,2,2,1,3,100,4,13,1,110075413,0.75,4,1
"sub.13",-259.349477387419,-259.349477387419,2,3,1,3,2,3,1,3,100,4,14,1,110075414,0.75,4,1
"sub.14",-260.747015248186,-260.747015248186,1,1,1,1,1,1,1,1,100,4,15,1,110075415,0.75,4,1
"sub.15",-273.502261690208,-272.226269531992,2,3,4,1,2,3,3,1,100,4,16,1,110075416,0.75,4,1
"sub.16",-260.730885866256,-260.730885866256,1,1,1,1,1,1,1,1,100,4,17,1,110075417,0.75,4,1
"sub.17",-263.415239908467,-263.415239908467,2,1,2,3,2,1,2,3,100,4,18,1,110075418,0.75,4,1
"sub.18",-252.786291279011,-252.786291279011,1,2,1,1,1,2,1,1,100,4,19,1,110075419,0.75,4,1
"sub.19",-261.755784618941,-261.755784618941,2,1,1,1,2,1,1,1,100,4,20,1,110075420,0.75,4,1
"sub1",-269.498593256745,-269.498593256745,2,1,3,1,2,1,3,1,100,4,1,10,101007541,0.75,3,2
"sub.110",-263.519954543581,-263.519954543581,2,4,1,3,2,4,1,3,100,4,2,10,101007542,0.75,3,2
"sub.21",-257.977001685872,-257.977001685872,3,1,2,3,3,1,2,3,100,4,3,10,101007543,0.75,3,2
"sub.31",-263.859538855178,-263.60560785514,3,2,1,1,2,2,1,1,100,4,4,10,101007544,0.75,3,2
"sub.41",-263.471810478421,-262.135490163906,2,3,1,4,1,2,1,3,100,4,5,10,101007545,0.75,3,2
"sub.51",-267.436641939017,-264.510118967247,4,2,1,3,3,1,1,2,100,4,6,10,101007546,0.75,3,2
"sub.61",-263.331765706148,-263.331765706148,1,3,3,2,1,3,3,2,100,4,7,10,101007547,0.75,3,2
"sub.71",-265.565766710474,-265.565766710474,2,3,3,1,2,3,3,1,100,4,8,10,101007548,0.75,3,2
"sub.81",-270.785223077836,-270.785223077836,1,1,2,1,1,1,2,1,100,4,9,10,101007549,0.75,3,2
"sub.91",-279.714742257992,-275.306244910944,2,1,1,3,1,2,1,3,100,4,10,10,1010075410,0.75,3,2
"sub.101",-267.404926318367,-265.616850478315,2,1,1,2,2,1,1,3,100,4,11,10,1010075411,0.75,3,2
"sub.111",-267.303191020123,-265.809913107808,2,4,1,3,2,3,1,3,100,4,12,10,1010075412,0.75,3,2
"sub.121",-253.220866223089,-253.220866223089,1,1,1,2,1,1,1,2,100,4,13,10,1010075413,0.75,3,2
"sub.131",-263.011671496023,-260.970458179385,2,3,1,3,2,2,1,2,100,4,14,10,1010075414,0.75,3,2
"sub.141",-263.12241801024,-263.12241801024,1,2,4,3,1,2,4,3,100,4,15,10,1010075415,0.75,3,2
"sub.151",-257.235753409543,-255.113500438661,2,1,1,1,1,1,1,1,100,4,16,10,1010075416,0.75,3,2
"sub.161",-261.57131779488,-261.57131779488,2,3,3,1,2,3,3,1,100,4,17,10,1010075417,0.75,3,2
"sub.171",-262.038472379541,-259.94279394103,2,3,1,4,1,3,2,4,100,4,18,10,1010075418,0.75,3,2
"sub.181",-261.891765910145,-261.891765910145,2,1,1,1,2,1,1,1,100,4,19,10,1010075419,0.75,3,2
"sub.191",-257.749769207096,-257.749769207096,1,2,3,1,1,2,3,1,100,4,20,10,1010075420,0.75,3,2
"sub2",-260.368426322207,-260.368426322207,1,3,2,1,1,3,2,1,100,4,1,11,111007541,0.75,4,1
"sub.112",-266.686419716804,-266.132960984388,1,2,3,3,1,2,3,2,100,4,2,11,111007542,0.75,4,1
"sub.22",-260.895303893425,-260.895303893425,1,2,3,4,1,2,3,4,100,4,3,11,111007543,0.75,4,1
"sub.32",-263.406336123866,-263.406336123866,1,2,1,1,1,2,1,1,100,4,4,11,111007544,0.75,4,1
"sub.42",-262.77418836132,-262.77418836132,1,1,1,1,1,1,1,1,100,4,5,11,111007545,0.75,4,1
"sub.52",-258.225145893216,-258.225145893216,1,1,1,1,1,1,1,1,100,4,6,11,111007546,0.75,4,1
"sub.62",-260.524265267762,-260.524265267762,2,3,1,1,2,3,1,1,100,4,7,11,111007547,0.75,4,1
"sub.72",-263.936592895334,-263.147465189723,2,1,3,2,3,1,4,2,100,4,8,11,111007548,0.75,4,1
"sub.82",-256.804596584518,-256.804596584518,2,1,3,4,2,1,3,4,100,4,9,11,111007549,0.75,4,1
"sub.92",-257.69819088752,-257.69819088752,1,1,1,1,1,1,1,1,100,4,10,11,1110075410,0.75,4,1
"sub.102",-254.665495908784,-254.665495908784,1,1,1,1,1,1,1,1,100,4,11,11,1110075411,0.75,4,1
"sub.113",-258.209016511286,-258.209016511286,1,1,1,1,1,1,1,1,100,4,12,11,1110075412,0.75,4,1
"sub.122",-257.42496120562,-257.42496120562,2,1,1,3,2,1,1,3,100,4,13,11,1110075413,0.75,4,1
"sub.132",-263.661629740728,-263.661629740728,1,2,1,1,1,2,1,1,100,4,14,11,1110075414,0.75,4,1
"sub.142",-259.937583328183,-259.937583328183,1,1,2,3,1,1,2,3,100,4,15,11,1110075415,0.75,4,1
"sub.152",-268.513630543558,-267.097809637761,4,2,3,1,3,2,3,1,100,4,16,11,1110075416,0.75,4,1
"sub.162",-268.052921038614,-266.403087445876,1,3,2,4,1,2,1,3,100,4,17,11,1110075417,0.75,4,1
"sub.172",-268.328752695026,-268.045473090629,2,1,1,1,1,1,1,1,100,4,18,11,1110075418,0.75,4,1
"sub.182",-268.159974488714,-266.085237634033,3,1,2,4,1,1,1,2,100,4,19,11,1110075419,0.75,4,1
"sub.192",-268.510879133676,-268.510879133676,1,3,3,2,1,3,3,2,100,4,20,11,1110075420,0.75,4,1
"sub3",-261.514899820591,-261.514899820591,1,1,2,1,1,1,2,1,100,4,1,12,121007541,0.75,3,2
"sub.114",-268.296493931166,-268.296493931166,1,1,1,1,1,1,1,1,100,4,2,12,121007542,0.75,3,2
"sub.23",-248.962087328541,-248.962087328541,1,1,1,2,1,1,1,2,100,4,3,12,121007543,0.75,3,2
"sub.33",-261.390105163507,-261.390105163507,3,4,1,2,3,4,1,2,100,4,4,12,121007544,0.75,3,2
"sub.43",-260.881543094509,-258.397102614562,3,1,3,2,3,1,2,2,100,4,5,12,121007545,0.75,3,2
"sub.53",-265.847090026066,-265.847090026066,2,2,3,1,2,2,3,1,100,4,6,12,121007546,0.75,3,2
"sub.63",-266.252195096964,-266.252195096964,2,4,3,1,2,4,3,1,100,4,7,12,121007547,0.75,3,2
"sub.73",-263.086735841495,-262.925209809652,1,3,2,4,1,2,2,3,100,4,8,12,121007548,0.75,3,2
"sub.83",-267.732487383198,-267.250536697405,3,1,2,1,4,1,3,2,100,4,9,12,121007549,0.75,3,2
"sub.93",-260.888987312994,-260.888987312994,1,3,2,2,1,3,2,2,100,4,10,12,1210075410,0.75,3,2
"sub.103",-271.186259540488,-271.186259540488,1,1,1,2,1,1,1,2,100,4,11,12,1210075411,0.75,3,2
"sub.115",-254.664210668439,-254.664210668439,2,2,1,2,2,2,1,2,100,4,12,12,1210075412,0.75,3,2
"sub.123",-272.782562073362,-271.987973751517,1,3,1,2,1,2,1,2,100,4,13,12,1210075413,0.75,3,2
"sub.133",-256.543975868069,-256.543975868069,1,2,1,1,1,2,1,1,100,4,14,12,1210075414,0.75,3,2
"sub.143",-266.01913983248,-263.894152238411,1,2,3,2,1,1,2,2,100,4,15,12,1210075415,0.75,3,2
"sub.153",-272.529128465484,-268.134679310811,2,3,1,2,2,2,1,3,100,4,16,12,1210075416,0.75,3,2
"sub.163",-259.230667758818,-259.230667758818,1,1,1,1,1,1,1,1,100,4,17,12,1210075417,0.75,3,2
"sub.173",-269.407799867991,-265.749784173831,2,1,2,1,3,1,2,1,100,4,18,12,1210075418,0.75,3,2
"sub.183",-255.641754717322,-255.641754717322,2,1,2,2,2,1,2,2,100,4,19,12,1210075419,0.75,3,2
"sub.193",-261.074473356863,-261.074473356863,2,3,1,1,2,3,1,1,100,4,20,12,1210075420,0.75,3,2
"sub4",-262.003932565004,-262.003932565004,2,1,2,1,2,1,2,1,100,4,1,13,131007541,0.75,2,3
"sub.116",-264.095440617864,-264.095440617864,2,3,1,2,2,3,1,2,100,4,2,13,131007542,0.75,2,3
"sub.24",-259.061660417143,-259.061660417143,1,2,1,2,1,2,1,2,100,4,3,13,131007543,0.75,2,3
"sub.34",-260.358462661578,-260.358462661578,1,2,3,1,1,2,3,1,100,4,4,13,131007544,0.75,2,3
"sub.44",-260.726324924799,-260.726324924799,2,1,1,3,2,1,1,3,100,4,5,13,131007545,0.75,2,3
"sub.54",-273.826455845354,-271.987275454856,2,1,1,1,3,2,1,2,100,4,6,13,131007546,0.75,2,3
"sub.64",-259.970572823347,-259.62250400885,3,2,1,3,2,1,1,2,100,4,7,13,131007547,0.75,2,3
"sub.74",-261.395882537575,-261.395882537575,1,3,2,2,1,3,2,2,100,4,8,13,131007548,0.75,2,3
"sub.84",-271.002060393807,-269.293563752598,2,3,1,2,2,2,1,2,100,4,9,13,131007549,0.75,2,3
"sub.94",-267.323230829424,-267.323230829424,1,1,1,1,1,1,1,1,100,4,10,13,1310075410,0.75,2,3
"sub.104",-265.111745372309,-265.111745372309,1,2,3,1,1,2,3,1,100,4,11,13,1310075411,0.75,2,3
"sub.117",-265.050295160658,-265.050295160658,1,1,2,2,1,1,2,2,100,4,12,13,1310075412,0.75,2,3
"sub.124",-269.267051893581,-264.787555451156,3,4,1,2,3,3,2,1,100,4,13,13,1310075413,0.75,2,3
"sub.134",-259.935945135205,-259.678029015896,1,2,2,1,1,2,3,1,100,4,14,13,1310075414,0.75,2,3
"sub.144",-260.698627102396,-260.698627102396,1,1,1,1,1,1,1,1,100,4,15,13,1310075415,0.75,2,3
"sub.154",-272.957762469658,-272.957762469658,1,1,1,2,1,1,1,2,100,4,16,13,1310075416,0.75,2,3
"sub.164",-262.75805897939,-262.75805897939,1,1,1,1,1,1,1,1,100,4,17,13,1310075417,0.75,2,3
"sub.174",-267.036745667294,-264.286966228966,3,2,2,1,3,1,1,2,100,4,18,13,1310075418,0.75,2,3
"sub.184",-264.816266495731,-264.651837940109,1,2,2,3,1,2,2,2,100,4,19,13,1310075419,0.75,2,3
"sub.194",-269.427579512677,-269.427579512677,1,1,1,2,1,1,1,2,100,4,20,13,1310075420,0.75,2,3
"sub5",-252.854249180646,-252.854249180646,2,1,1,1,2,1,1,1,100,4,1,14,141007541,0.75,3,2
"sub.118",-265.687623333941,-265.018350414567,3,1,1,2,2,1,1,2,100,4,2,14,141007542,0.75,3,2
"sub.25",-255.978699472666,-253.855776182316,2,2,1,3,2,3,1,4,100,4,3,14,141007543,0.75,3,2
"sub.35",-261.330820065273,-261.330820065273,3,1,2,2,3,1,2,2,100,4,4,14,141007544,0.75,3,2
"sub.45",-267.260736321163,-267.260736321163,1,1,2,2,1,1,2,2,100,4,5,14,141007545,0.75,3,2
"sub.55",-250.305910229951,-250.305910229951,1,1,2,1,1,1,2,1,100,4,6,14,141007546,0.75,3,2
"sub.65",-261.752537113788,-261.752537113788,1,1,1,1,1,1,1,1,100,4,7,14,141007547,0.75,3,2
"sub.75",-261.991748020052,-261.991748020052,1,2,1,3,1,2,1,3,100,4,8,14,141007548,0.75,3,2
"sub.85",-273.559720656188,-273.559720656188,1,1,3,2,1,1,3,2,100,4,9,14,141007549,0.75,3,2
"sub.95",-261.736407731858,-261.736407731858,1,1,1,1,1,1,1,1,100,4,10,14,1410075410,0.75,3,2
"sub.105",-268.871060494825,-268.871060494825,1,2,1,1,1,2,1,1,100,4,11,14,1410075411,0.75,3,2
"sub.119",-261.88860115503,-261.88860115503,1,2,2,2,1,2,2,2,100,4,12,14,1410075412,0.75,3,2
"sub.125",-268.087076377962,-264.979852898859,3,1,2,3,2,1,3,3,100,4,13,14,1410075413,0.75,3,2
"sub.135",-275.564930184839,-274.603282601321,1,2,2,2,1,2,3,2,100,4,14,14,1410075414,0.75,3,2
"sub.145",-267.072858333719,-264.588515463873,1,2,3,4,1,1,2,3,100,4,15,14,1410075415,0.75,3,2
"sub.155",-265.141028343449,-265.141028343449,1,2,2,1,1,2,2,1,100,4,16,14,1410075416,0.75,3,2
"sub.165",-256.961222173931,-256.961222173931,1,1,2,1,1,1,2,1,100,4,17,14,1410075417,0.75,3,2
"sub.175",-267.266246254853,-267.247571022119,1,1,2,2,1,1,2,3,100,4,18,14,1410075418,0.75,3,2
"sub.185",-257.039214539742,-257.039214539742,2,3,1,3,2,3,1,3,100,4,19,14,1410075419,0.75,3,2
"sub.195",-261.808127393836,-261.808127393836,2,1,1,1,2,1,1,1,100,4,20,14,1410075420,0.75,3,2
"sub6",-273.864188918777,-273.864188918777,2,3,1,1,2,3,1,1,100,4,1,15,151007541,0.75,2,2
"sub.120",-266.096265515414,-266.096265515414,2,3,3,1,2,3,3,1,100,4,2,15,151007542,0.75,2,2
"sub.26",-263.19444347682,-263.19444347682,2,1,1,1,2,1,1,1,100,4,3,15,151007543,0.75,2,2
"sub.36",-266.438447883686,-260.261057971456,1,1,2,1,1,3,4,2,100,4,4,15,151007544,0.75,2,2
"sub.46",-259.434158560343,-259.434158560343,1,1,2,2,1,1,2,2,100,4,5,15,151007545,0.75,2,2
"sub.56",-265.484784408928,-265.484784408928,2,3,3,1,2,3,3,1,100,4,6,15,151007546,0.75,2,2
"sub.66",-262.567726908266,-262.567726908266,2,1,3,3,2,1,3,3,100,4,7,15,151007547,0.75,2,2
"sub.76",-271.320862445321,-271.320862445321,2,3,1,1,2,3,1,1,100,4,8,15,151007548,0.75,2,2
"sub.86",-263.626988747068,-263.626988747068,3,1,2,3,3,1,2,3,100,4,9,15,151007549,0.75,2,2
"sub.96",-268.777441318538,-266.583097858966,1,3,2,1,2,4,3,1,100,4,10,15,1510075410,0.75,2,2
"sub.106",-267.258713301705,-266.919535999631,1,2,2,2,1,1,1,1,100,4,11,15,1510075411,0.75,2,2
"sub.1110",-265.912701046269,-265.171821908807,1,3,3,2,1,2,2,1,100,4,12,15,1510075412,0.75,2,2
"sub.126",-262.74192959746,-262.74192959746,1,1,1,1,1,1,1,1,100,4,13,15,1510075413,0.75,2,2
"sub.136",-264.408491681477,-264.408491681477,2,2,3,1,2,2,3,1,100,4,14,15,1510075414,0.75,2,2
"sub.146",-261.910709572703,-261.910709572703,2,2,2,1,2,2,2,1,100,4,15,15,1510075415,0.75,2,2
"sub.156",-264.498928380471,-263.268762044679,3,2,2,1,3,2,3,1,100,4,16,15,1510075416,0.75,2,2
"sub.166",-256.181843398152,-256.181843398152,1,1,1,1,1,1,1,1,100,4,17,15,1510075417,0.75,2,2
"sub.176",-253.767268901013,-253.767268901013,1,2,2,2,1,2,2,2,100,4,18,15,1510075418,0.75,2,2
"sub.186",-270.810835731364,-270.15968349456,3,1,2,3,4,1,2,3,100,4,19,15,1510075419,0.75,2,2
"sub.196",-262.818544542866,-262.806248018562,3,4,1,2,2,3,1,2,100,4,20,15,1510075420,0.75,2,2
"sub7",-255.670501536299,-255.670501536299,1,2,1,1,1,2,1,1,100,4,1,16,161007541,0.75,2,3
"sub.127",-263.989882707936,-263.989882707936,2,1,2,2,2,1,2,2,100,4,2,16,161007542,0.75,2,3
"sub.27",-262.760355425158,-262.760355425158,1,1,1,2,1,1,1,2,100,4,3,16,161007543,0.75,2,3
"sub.37",-256.652068495792,-256.652068495792,1,2,3,3,1,2,3,3,100,4,4,16,161007544,0.75,2,3
"sub.47",-258.209016511286,-258.209016511286,1,1,1,1,1,1,1,1,100,4,5,16,161007545,0.75,2,3
"sub.57",-261.457337574512,-261.457337574512,1,1,2,2,1,1,2,2,100,4,6,16,161007546,0.75,2,3
"sub.67",-261.833690065851,-261.833690065851,2,3,1,3,2,3,1,3,100,4,7,16,161007547,0.75,2,3
"sub.77",-261.300928366209,-261.300928366209,3,1,2,4,3,1,2,4,100,4,8,16,161007548,0.75,2,3
"sub.87",-259.629497910919,-259.629497910919,1,2,4,3,1,2,4,3,100,4,9,16,161007549,0.75,2,3
"sub.97",-269.733033399038,-269.474159576922,3,1,2,4,2,1,1,2,100,4,10,16,1610075410,0.75,2,3
"sub.107",-270.660543596112,-270.660543596112,1,1,2,3,1,1,2,3,100,4,11,16,1610075411,0.75,2,3
"sub.1111",-275.722176169554,-271.759544983004,2,3,1,4,1,3,2,3,100,4,12,16,1610075412,0.75,2,3
"sub.128",-271.949014616621,-270.624630934687,3,1,3,2,3,1,2,2,100,4,13,16,1610075413,0.75,2,3
"sub.137",-267.81792707126,-267.81792707126,1,1,1,1,1,1,1,1,100,4,14,16,1610075414,0.75,2,3
"sub.147",-268.147757604342,-268.147757604342,1,1,3,2,1,1,3,2,100,4,15,16,1610075415,0.75,2,3
"sub.157",-259.741493382584,-259.741493382584,1,1,1,1,1,1,1,1,100,4,16,16,1610075416,0.75,2,3
"sub.167",-264.725933217896,-264.725933217896,2,1,3,4,2,1,3,4,100,4,17,16,1610075417,0.75,2,3
"sub.177",-259.82270568475,-259.82270568475,3,2,4,1,3,2,4,1,100,4,18,16,1610075418,0.75,2,3
"sub.187",-266.377202524449,-266.377202524449,1,2,1,2,1,2,1,2,100,4,19,16,1610075419,0.75,2,3
"sub.197",-263.334241096866,-262.568592549799,1,2,3,3,1,2,3,2,100,4,20,16,1610075420,0.75,2,3
"sub8",-253.980527580354,-253.980527580354,1,3,2,3,1,3,2,3,100,4,1,17,171007541,0.75,4,1
"sub.129",-256.084735490644,-256.084735490644,2,1,3,4,2,1,3,4,100,4,2,17,171007542,0.75,4,1
"sub.28",-265.022116257784,-265.022116257784,3,1,1,2,3,1,1,2,100,4,3,17,171007543,0.75,4,1
"sub.38",-257.542981187781,-256.905417484468,2,2,1,1,3,3,1,2,100,4,4,17,171007544,0.75,4,1
"sub.48",-274.118068316991,-274.118068316991,1,2,2,3,1,2,2,3,100,4,5,17,171007545,0.75,4,1
"sub.58",-272.848295307308,-272.848295307308,1,2,3,4,1,2,3,4,100,4,6,17,171007546,0.75,4,1
"sub.68",-259.013308147491,-259.013308147491,1,2,3,4,1,2,3,4,100,4,7,17,171007547,0.75,4,1
"sub.78",-258.378380839399,-257.863465163152,1,3,3,2,1,2,2,2,100,4,8,17,171007548,0.75,4,1
"sub.88",-264.322794614548,-264.322794614548,1,1,1,1,1,1,1,1,100,4,9,17,171007549,0.75,4,1
"sub.98",-272.533881208852,-272.533881208852,1,3,2,3,1,3,2,3,100,4,10,17,1710075410,0.75,4,1
"sub.108",-258.370266385924,-258.370266385924,2,1,2,2,2,1,2,2,100,4,11,17,1710075411,0.75,4,1
"sub.1112",-263.537944385398,-263.537944385398,2,2,1,2,2,2,1,2,100,4,12,17,1710075412,0.75,4,1
"sub.1210",-258.034104441305,-258.034104441305,1,2,2,2,1,2,2,2,100,4,13,17,1710075413,0.75,4,1
"sub.138",-261.742189674726,-261.742189674726,1,2,1,2,1,2,1,2,100,4,14,17,1710075414,0.75,4,1
"sub.148",-270.089201678929,-270.089201678929,1,2,1,1,1,2,1,1,100,4,15,17,1710075415,0.75,4,1
"sub.158",-264.384034341943,-264.384034341943,1,1,2,2,1,1,2,2,100,4,16,17,1710075416,0.75,4,1
"sub.168",-263.218999479986,-263.218999479986,1,2,2,2,1,2,2,2,100,4,17,17,1710075417,0.75,4,1
"sub.178",-269.255555965787,-269.255555965787,3,2,3,1,3,2,3,1,100,4,18,17,1710075418,0.75,4,1
"sub.188",-263.857952443456,-260.813763516485,1,2,3,4,1,2,2,2,100,4,19,17,1710075419,0.75,4,1
"sub.198",-262.597386937527,-262.597386937527,2,2,2,1,2,2,2,1,100,4,20,17,1710075420,0.75,4,1
"sub9",-274.677198003645,-271.815066644112,1,2,3,2,1,1,2,1,100,4,1,18,181007541,0.75,2,2
"sub.130",-264.195484476014,-264.195484476014,1,1,3,2,1,1,3,2,100,4,2,18,181007542,0.75,2,2
"sub.29",-256.493034855735,-256.493034855735,1,1,2,1,1,1,2,1,100,4,3,18,181007543,0.75,2,2
"sub.39",-264.810781997098,-264.504835488773,3,1,2,3,2,1,1,2,100,4,4,18,181007544,0.75,2,2
"sub.49",-269.414715721332,-269.414715721332,2,1,1,1,2,1,1,1,100,4,5,18,181007545,0.75,2,2
"sub.59",-273.596294607075,-266.719016619777,2,1,3,3,1,1,2,2,100,4,6,18,181007546,0.75,2,2
"sub.69",-272.149119402689,-268.8771003526,2,2,1,1,2,2,1,2,100,4,7,18,181007547,0.75,2,2
"sub.79",-265.74097978036,-265.74097978036,2,3,4,1,2,3,4,1,100,4,8,18,181007548,0.75,2,2
"sub.89",-266.983589545258,-265.657616967602,4,1,2,3,3,1,2,3,100,4,9,18,181007549,0.75,2,2
"sub.99",-265.81403290616,-265.81403290616,2,1,1,2,2,1,1,2,100,4,10,18,1810075410,0.75,2,2
"sub.109",-263.232165802953,-263.232165802953,3,2,1,2,3,2,1,2,100,4,11,18,1810075411,0.75,2,2
"sub.1113",-262.318524592059,-262.318524592059,1,2,2,1,1,2,2,1,100,4,12,18,1810075412,0.75,2,2
"sub.1211",-265.787276386601,-265.787276386601,2,3,3,1,2,3,3,1,100,4,13,18,1810075413,0.75,2,2
"sub.139",-274.940343386957,-273.642669806346,2,3,1,2,3,4,1,2,100,4,14,18,1810075414,0.75,2,2
"sub.149",-266.428962337738,-266.322199450429,1,2,3,3,1,2,4,3,100,4,15,18,1810075415,0.75,2,2
"sub.159",-258.788772135894,-258.788772135894,1,1,2,3,1,1,2,3,100,4,16,18,1810075416,0.75,2,2
"sub.169",-262.749511455768,-262.749511455768,1,3,2,4,1,3,2,4,100,4,17,18,1810075417,0.75,2,2
"sub.179",-261.586588843903,-261.586588843903,2,2,1,3,2,2,1,3,100,4,18,18,1810075418,0.75,2,2
"sub.189",-261.997137536884,-261.997137536884,1,2,1,2,1,2,1,2,100,4,19,18,1810075419,0.75,2,2
"sub.199",-265.189120084871,-265.189120084871,2,4,1,3,2,4,1,3,100,4,20,18,1810075420,0.75,2,2
"sub10",-270.605681444712,-270.605681444712,1,3,2,3,1,3,2,3,100,4,1,19,191007541,0.75,2,2
"sub.140",-267.046556615959,-266.803029871104,1,2,1,2,1,3,2,4,100,4,2,19,191007542,0.75,2,2
"sub.210",-263.304980032324,-262.889291353287,2,1,1,3,1,1,1,2,100,4,3,19,191007543,0.75,2,2
"sub.310",-262.954914926735,-262.954914926735,1,1,2,3,1,1,2,3,100,4,4,19,191007544,0.75,2,2
"sub.410",-265.020096755751,-265.020096755751,1,2,1,1,1,2,1,1,100,4,5,19,191007545,0.75,2,2
"sub.510",-252.900645712133,-252.900645712133,1,2,2,2,1,2,2,2,100,4,6,19,191007546,0.75,2,2
"sub.610",-262.268449287499,-262.268449287499,1,1,2,3,1,1,2,3,100,4,7,19,191007547,0.75,2,2
"sub.710",-262.995482653195,-262.995482653195,3,2,4,1,3,2,4,1,100,4,8,19,191007548,0.75,2,2
"sub.810",-259.450142332961,-259.450142332961,1,2,3,3,1,2,3,3,100,4,9,19,191007549,0.75,2,2
"sub.910",-258.26811408044,-258.26811408044,1,2,1,3,1,2,1,3,100,4,10,19,1910075410,0.75,2,2
"sub.1010",-266.796275823728,-266.292969835572,2,2,1,1,1,1,1,1,100,4,11,19,1910075411,0.75,2,2
"sub.1114",-265.275696895572,-265.275696895572,2,3,1,2,2,3,1,2,100,4,12,19,1910075412,0.75,2,2
"sub.1212",-269.94954448033,-269.94954448033,1,3,2,3,1,3,2,3,100,4,13,19,1910075413,0.75,2,2
"sub.1310",-257.974705889311,-257.974705889311,1,1,2,3,1,1,2,3,100,4,14,19,1910075414,0.75,2,2
"sub.1410",-272.334710775505,-270.884703986338,1,2,2,1,1,1,1,1,100,4,15,19,1910075415,0.75,2,2
"sub.1510",-260.025524515753,-260.025524515753,1,2,3,2,1,2,3,2,100,4,16,19,1910075416,0.75,2,2
"sub.1610",-267.290972065564,-267.290972065564,1,1,1,1,1,1,1,1,100,4,17,19,1910075417,0.75,2,2
"sub.1710",-273.615439460429,-273.431764967639,1,3,2,4,1,2,2,3,100,4,18,19,1910075418,0.75,2,2
"sub.1810",-269.358035517681,-269.358035517681,2,1,2,3,2,1,2,3,100,4,19,19,1910075419,0.75,2,2
"sub.1910",-261.331415791064,-261.331415791064,1,2,2,2,1,2,2,2,100,4,20,19,1910075420,0.75,2,2
"sub11",-268.689316797233,-268.689316797233,1,3,2,2,1,3,2,2,100,4,1,2,21007541,0.75,3,2
"sub.150",-264.290535850688,-264.290535850688,1,1,1,1,1,1,1,1,100,4,2,2,21007542,0.75,3,2
"sub.211",-261.322916118043,-261.322916118043,1,3,1,2,1,3,1,2,100,4,3,2,21007543,0.75,3,2
"sub.311",-268.328752695026,-268.328752695026,1,1,1,1,1,1,1,1,100,4,4,2,21007544,0.75,3,2
"sub.411",-270.913468295196,-269.694951059704,1,3,4,2,1,2,2,1,100,4,5,2,21007545,0.75,3,2
"sub.511",-270.323667044301,-270.323667044301,1,1,1,1,1,1,1,1,100,4,6,2,21007546,0.75,3,2
"sub.611",-267.437835652167,-267.437835652167,1,2,3,3,1,2,3,3,100,4,7,2,21007547,0.75,3,2
"sub.711",-264.188566595853,-264.188566595853,1,2,2,3,1,2,2,3,100,4,8,2,21007548,0.75,3,2
"sub.811",-266.902219255948,-264.992764527079,1,2,3,2,1,2,2,2,100,4,9,2,21007549,0.75,3,2
"sub.911",-263.428071349007,-263.428071349007,1,1,2,3,1,1,2,3,100,4,10,2,210075410,0.75,3,2
"sub.1011",-268.614744189081,-265.965518239163,2,2,3,1,1,1,2,1,100,4,11,2,210075411,0.75,3,2
"sub.1115",-266.397081508068,-266.397081508068,2,2,1,2,2,2,1,2,100,4,12,2,210075412,0.75,3,2
"sub.1213",-250.288278441944,-250.288278441944,1,2,1,1,1,2,1,1,100,4,13,2,210075413,0.75,3,2
"sub.1311",-265.032350636941,-265.032350636941,2,3,1,2,2,3,1,2,100,4,14,2,210075414,0.75,3,2
"sub.1411",-264.06480916323,-264.06480916323,2,4,1,3,2,4,1,3,100,4,15,2,210075415,0.75,3,2
"sub.1511",-262.426298775333,-262.426298775333,1,1,1,2,1,1,1,2,100,4,16,2,210075416,0.75,3,2
"sub.1611",-258.066770797163,-258.066770797163,1,2,2,2,1,2,2,2,100,4,17,2,210075417,0.75,3,2
"sub.1711",-255.744305748073,-255.744305748073,2,2,2,1,2,2,2,1,100,4,18,2,210075418,0.75,3,2
"sub.1811",-260.524285268748,-260.524285268748,1,2,1,1,1,2,1,1,100,4,19,2,210075419,0.75,3,2
"sub.1911",-268.071031871383,-268.071031871383,1,1,2,2,1,1,2,2,100,4,20,2,210075420,0.75,3,2
"sub12",-264.258277086828,-264.258277086828,1,1,1,1,1,1,1,1,100,4,1,20,201007541,0.75,2,2
"sub.160",-260.362749301094,-260.362749301094,2,1,3,2,2,1,3,2,100,4,2,20,201007542,0.75,2,2
"sub.212",-268.041968266141,-267.702082572641,2,3,1,1,3,4,1,2,100,4,3,20,201007543,0.75,2,2
"sub.312",-261.110812044883,-261.110812044883,1,1,2,1,1,1,2,1,100,4,4,20,201007544,0.75,2,2
"sub.412",-261.060302191456,-260.896645648211,1,1,2,3,1,1,2,2,100,4,5,20,201007545,0.75,2,2
"sub.512",-263.469175127475,-262.173366446872,3,2,1,1,2,1,1,1,100,4,6,20,201007546,0.75,2,2
"sub.612",-257.483440647414,-256.910003653369,3,4,2,1,3,3,2,1,100,4,7,20,201007547,0.75,2,2
"sub.712",-256.651881930237,-256.651881930237,3,1,3,2,3,1,3,2,100,4,8,20,201007548,0.75,2,2
"sub.812",-268.344882076956,-267.901592050357,2,2,2,1,1,1,1,1,100,4,9,20,201007549,0.75,2,2
"sub.912",-257.082174118372,-257.082174118372,2,1,2,2,2,1,2,2,100,4,10,20,2010075410,0.75,2,2
"sub.1012",-256.994478503784,-256.994478503784,3,3,1,2,3,3,1,2,100,4,11,20,2010075411,0.75,2,2
"sub.1116",-264.785232092524,-263.233630285167,3,1,2,2,1,1,1,1,100,4,12,20,2010075412,0.75,2,2
"sub.1214",-267.162367982268,-267.162367982268,1,1,1,2,1,1,1,2,100,4,13,20,2010075413,0.75,2,2
"sub.1312",-262.886121337805,-262.886121337805,3,1,2,4,3,1,2,4,100,4,14,20,2010075414,0.75,2,2
"sub.1412",-262.546137554313,-260.634683016578,2,1,2,3,1,1,1,2,100,4,15,20,2010075415,0.75,2,2
"sub.1512",-265.584293608836,-265.584293608836,3,1,2,2,3,1,2,2,100,4,16,20,2010075416,0.75,2,2
"sub.1612",-266.011343188938,-263.536765360978,3,1,2,2,4,1,3,2,100,4,17,20,2010075417,0.75,2,2
"sub.1712",-262.473508105085,-261.282124427405,2,2,1,1,3,3,1,2,100,4,18,20,2010075418,0.75,2,2
"sub.1812",-257.901394797109,-257.901394797109,2,2,1,2,2,2,1,2,100,4,19,20,2010075419,0.75,2,2
"sub.1912",-265.572365220546,-265.572365220546,2,3,1,4,2,3,1,4,100,4,20,20,2010075420,0.75,2,2
"sub13",-268.855707700722,-268.855707700722,1,1,1,1,1,1,1,1,100,4,1,21,211007541,0.75,3,2
"sub.170",-263.971493453128,-262.843618180418,2,2,1,3,3,2,1,3,100,4,2,21,211007542,0.75,3,2
"sub.213",-264.226018322968,-264.226018322968,1,1,1,1,1,1,1,1,100,4,3,21,211007543,0.75,3,2
"sub.313",-270.661605053492,-270.661605053492,2,1,2,2,2,1,2,2,100,4,4,21,211007544,0.75,3,2
"sub.413",-259.572917112251,-259.28710385073,2,3,4,1,2,3,3,1,100,4,5,21,211007545,0.75,3,2
"sub.513",-274.916347415654,-274.916347415654,1,2,2,3,1,2,2,3,100,4,6,21,211007546,0.75,3,2
"sub.613",-260.795403393975,-260.795403393975,1,1,1,1,1,1,1,1,100,4,7,21,211007547,0.75,3,2
"sub.713",-261.741257354529,-257.007922975515,2,1,2,2,3,1,2,3,100,4,8,21,211007548,0.75,3,2
"sub.813",-261.810894857637,-260.776115657974,2,1,3,4,1,1,2,3,100,4,9,21,211007549,0.75,3,2
"sub.913",-267.83405645319,-267.769807599668,2,3,2,1,1,1,1,1,100,4,10,21,2110075410,0.75,3,2
"sub.1013",-265.749390811778,-265.749390811778,1,4,3,2,1,4,3,2,100,4,11,21,2110075411,0.75,3,2
"sub.1117",-263.13466980903,-263.13466980903,1,1,2,1,1,1,2,1,100,4,12,21,2110075412,0.75,3,2
"sub.1215",-265.577830714401,-261.469329759411,1,3,2,2,1,3,2,1,100,4,13,21,2110075413,0.75,3,2
"sub.1313",-257.002779999734,-257.002779999734,2,2,2,1,2,2,2,1,100,4,14,21,2110075414,0.75,3,2
"sub.1413",-260.709302762826,-260.709302762826,1,1,2,3,1,1,2,3,100,4,15,21,2110075415,0.75,3,2
"sub.1513",-266.11902374155,-266.11902374155,1,2,2,3,1,2,2,3,100,4,16,21,2110075416,0.75,3,2
"sub.1613",-267.484493526433,-267.484493526433,1,1,3,2,1,1,3,2,100,4,17,21,2110075417,0.75,3,2
"sub.1713",-266.239990081776,-264.290535850688,1,1,1,1,2,2,2,1,100,4,18,21,2110075418,0.75,3,2
"sub.1813",-260.749775830945,-260.749775830945,1,2,1,3,1,2,1,3,100,4,19,21,2110075419,0.75,3,2
"sub.1913",-265.881499001283,-265.881499001283,2,2,1,1,2,2,1,1,100,4,20,21,2110075420,0.75,3,2
"sub14",-264.725251501292,-264.725251501292,2,1,1,2,2,1,1,2,100,4,1,3,31007541,0.75,3,2
"sub.180",-260.465954157565,-260.465954157565,2,1,1,2,2,1,1,2,100,4,2,3,31007542,0.75,3,2
"sub.214",-266.93454568231,-266.217592412514,1,1,2,2,2,1,3,4,100,4,3,3,31007543,0.75,3,2
"sub.314",-269.289109402248,-269.289109402248,2,1,2,3,2,1,2,3,100,4,4,3,31007544,0.75,3,2
"sub.414",-271.073106061872,-271.073106061872,1,1,2,2,1,1,2,2,100,4,5,3,31007545,0.75,3,2
"sub.514",-250.148712204539,-250.148712204539,1,1,1,1,1,1,1,1,100,4,6,3,31007546,0.75,3,2
"sub.614",-267.732329275879,-267.732329275879,1,1,2,3,1,1,2,3,100,4,7,3,31007547,0.75,3,2
"sub.714",-251.170363452071,-251.170363452071,1,1,1,1,1,1,1,1,100,4,8,3,31007548,0.75,3,2
"sub.814",-268.468216854224,-267.986850466631,2,1,1,2,1,1,1,2,100,4,9,3,31007549,0.75,3,2
"sub.914",-262.072436021077,-262.072436021077,1,1,2,2,1,1,2,2,100,4,10,3,310075410,0.75,3,2
"sub.1014",-255.031868726503,-255.031868726503,1,2,2,2,1,2,2,2,100,4,11,3,310075411,0.75,3,2
"sub.1118",-265.932247834406,-265.932247834406,2,1,2,3,2,1,2,3,100,4,12,3,310075412,0.75,3,2
"sub.1216",-253.985898308921,-253.985898308921,1,3,2,4,1,3,2,4,100,4,13,3,310075413,0.75,3,2
"sub.1314",-265.145853486055,-265.145853486055,2,1,2,2,2,1,2,2,100,4,14,3,310075414,0.75,3,2
"sub.1414",-263.211154049503,-263.211154049503,2,1,4,3,2,1,4,3,100,4,15,3,310075415,0.75,3,2
"sub.1514",-268.994262337931,-268.994262337931,4,3,1,2,4,3,1,2,100,4,16,3,310075416,0.75,3,2
"sub.1614",-254.401057263841,-254.401057263841,2,1,2,2,2,1,2,2,100,4,17,3,310075417,0.75,3,2
"sub.1714",-270.488427580811,-270.488427580811,4,2,1,3,4,2,1,3,100,4,18,3,310075418,0.75,3,2
"sub.1814",-261.200065789821,-261.200065789821,1,1,2,3,1,1,2,3,100,4,19,3,310075419,0.75,3,2
"sub.1914",-264.391687251777,-264.391687251777,2,3,1,1,2,3,1,1,100,4,20,3,310075420,0.75,3,2
"sub15",-264.128849824261,-264.128849824261,1,1,1,2,1,1,1,2,100,4,1,4,41007541,0.75,2,3
"sub.190",-258.60279601675,-258.60279601675,3,1,2,4,3,1,2,4,100,4,2,4,41007542,0.75,2,3
"sub.215",-263.779710226922,-263.779710226922,1,1,1,1,1,1,1,1,100,4,3,4,41007543,0.75,2,3
"sub.315",-263.143494175313,-262.48265997467,1,2,2,2,1,3,2,2,100,4,4,4,41007544,0.75,2,3
"sub.415",-258.271151179802,-257.348168040694,2,3,3,1,2,2,2,1,100,4,5,4,41007545,0.75,2,3
"sub.515",-259.743672182921,-259.743672182921,1,1,2,3,1,1,2,3,100,4,6,4,41007546,0.75,2,3
"sub.615",-266.331377774846,-265.477737290251,4,1,3,2,3,1,2,1,100,4,7,4,41007547,0.75,2,3
"sub.715",-268.004855538295,-268.004855538295,2,1,2,2,2,1,2,2,100,4,8,4,41007548,0.75,2,3
"sub.815",-265.787614670221,-265.787614670221,2,1,2,2,2,1,2,2,100,4,9,4,41007549,0.75,2,3
"sub.915",-266.149855412567,-266.149855412567,1,1,2,2,1,1,2,2,100,4,10,4,410075410,0.75,2,3
"sub.1015",-271.814838046557,-271.814838046557,2,2,3,1,2,2,3,1,100,4,11,4,410075411,0.75,2,3
"sub.1119",-262.753613887525,-262.753613887525,3,4,1,2,3,4,1,2,100,4,12,4,410075412,0.75,2,3
"sub.1217",-255.438663937973,-255.438663937973,2,1,3,3,2,1,3,3,100,4,13,4,410075413,0.75,2,3
"sub.1315",-264.726470369356,-264.726470369356,2,1,2,1,2,1,2,1,100,4,14,4,410075414,0.75,2,3
"sub.1415",-257.265725946606,-257.265725946606,2,2,1,1,2,2,1,1,100,4,15,4,410075415,0.75,2,3
"sub.1515",-262.77418836132,-262.77418836132,1,1,1,1,1,1,1,1,100,4,16,4,410075416,0.75,2,3
"sub.1615",-258.192887129356,-258.192887129356,1,1,1,1,1,1,1,1,100,4,17,4,410075417,0.75,2,3
"sub.1715",-257.807967029778,-257.807967029778,1,2,4,3,1,2,4,3,100,4,18,4,410075418,0.75,2,3
"sub.1815",-256.480809005876,-255.769160595973,1,1,3,2,1,1,2,2,100,4,19,4,410075419,0.75,2,3
"sub.1915",-258.963040588929,-258.963040588929,2,2,2,1,2,2,2,1,100,4,20,4,410075420,0.75,2,3
"sub16",-269.156888323292,-269.156888323292,1,2,1,1,1,2,1,1,100,4,1,5,51007541,0.75,3,2
"sub.1100",-267.486974114575,-267.051062830392,2,1,2,3,1,1,1,2,100,4,2,5,51007542,0.75,3,2
"sub.216",-263.0952331616,-263.0952331616,2,2,2,1,2,2,2,1,100,4,3,5,51007543,0.75,3,2
"sub.316",-260.384583658407,-260.384583658407,1,1,1,2,1,1,1,2,100,4,4,5,51007544,0.75,3,2
"sub.416",-253.360276413875,-253.360276413875,3,2,3,1,3,2,3,1,100,4,5,5,51007545,0.75,3,2
"sub.516",-259.036727093093,-259.036727093093,2,3,1,2,2,3,1,2,100,4,6,5,51007546,0.75,3,2
"sub.616",-266.285450199962,-266.285450199962,1,1,1,1,1,1,1,1,100,4,7,5,51007547,0.75,3,2
"sub.716",-268.377018282339,-264.012763488006,2,4,1,3,2,3,1,2,100,4,8,5,51007548,0.75,3,2
"sub.816",-260.747015248186,-260.747015248186,1,1,1,1,1,1,1,1,100,4,9,5,51007549,0.75,3,2
"sub.916",-261.777631119066,-261.777631119066,1,2,3,2,1,2,3,2,100,4,10,5,510075410,0.75,3,2
"sub.1016",-269.256842204731,-266.613408927506,1,2,2,1,2,3,4,1,100,4,11,5,510075411,0.75,3,2
"sub.1120",-258.77482635531,-257.799792036128,1,2,2,2,1,2,3,3,100,4,12,5,510075412,0.75,3,2
"sub.1218",-257.122092845587,-257.122092845587,2,2,1,2,2,2,1,2,100,4,13,5,510075413,0.75,3,2
"sub.1316",-271.918605096034,-269.502379526654,1,1,2,2,1,1,2,1,100,4,14,5,510075414,0.75,3,2
"sub.1416",-258.241184139434,-258.241184139434,2,2,1,1,2,2,1,1,100,4,15,5,510075415,0.75,3,2
"sub.1516",-267.906852811593,-267.773067580885,1,1,1,2,2,1,2,3,100,4,16,5,510075416,0.75,3,2
"sub.1616",-257.14014234575,-257.14014234575,2,2,1,2,2,2,1,2,100,4,17,5,510075417,0.75,3,2
"sub.1716",-258.448910232035,-258.448910232035,1,1,1,2,1,1,1,2,100,4,18,5,510075418,0.75,3,2
"sub.1816",-265.31218709822,-264.20649136853,3,2,1,2,1,1,1,1,100,4,19,5,510075419,0.75,3,2
"sub.1916",-275.211739948616,-275.211739948616,1,2,3,4,1,2,3,4,100,4,20,5,510075420,0.75,3,2
"sub17",-255.314924511827,-255.314924511827,2,1,2,2,2,1,2,2,100,4,1,6,61007541,0.75,3,2
"sub.1101",-269.642391753163,-269.642391753163,3,2,1,2,3,2,1,2,100,4,2,6,61007542,0.75,3,2
"sub.217",-261.684512185784,-261.684512185784,3,1,2,3,3,1,2,3,100,4,3,6,61007543,0.75,3,2
"sub.317",-263.976529718869,-263.976529718869,1,2,3,3,1,2,3,3,100,4,4,6,61007544,0.75,3,2
"sub.417",-264.27752602884,-264.27752602884,1,3,1,2,1,3,1,2,100,4,5,6,61007545,0.75,3,2
"sub.517",-258.056140108527,-258.056140108527,1,2,1,2,1,2,1,2,100,4,6,6,61007546,0.75,3,2
"sub.617",-261.468858104575,-261.468858104575,1,1,3,2,1,1,3,2,100,4,7,6,61007547,0.75,3,2
"sub.717",-269.598526863158,-269.598526863158,1,2,2,2,1,2,2,2,100,4,8,6,61007548,0.75,3,2
"sub.817",-254.834607239182,-254.731308469102,1,2,3,3,1,2,3,4,100,4,9,6,61007549,0.75,3,2
"sub.917",-260.818257393789,-260.818257393789,1,3,2,1,1,3,2,1,100,4,10,6,610075410,0.75,3,2
"sub.1017",-266.514792071521,-266.417290271876,3,2,1,3,2,1,1,2,100,4,11,6,610075411,0.75,3,2
"sub.1121",-259.767814235446,-259.767814235446,2,1,1,2,2,1,1,2,100,4,12,6,610075412,0.75,3,2
"sub.1219",-264.765093216756,-264.765093216756,2,1,2,1,2,1,2,1,100,4,13,6,610075413,0.75,3,2
"sub.1317",-262.079583705158,-261.752537113788,1,1,1,1,1,1,1,2,100,4,14,6,610075414,0.75,3,2
"sub.1417",-269.682147454962,-269.203091975207,2,1,1,2,2,1,2,2,100,4,15,6,610075415,0.75,3,2
"sub.1517",-255.841112010957,-255.841112010957,1,2,4,3,1,2,4,3,100,4,16,6,610075416,0.75,3,2
"sub.1617",-260.328209101766,-260.328209101766,1,2,1,3,1,2,1,3,100,4,17,6,610075417,0.75,3,2
"sub.1717",-258.506998054723,-258.506998054723,2,1,2,2,2,1,2,2,100,4,18,6,610075418,0.75,3,2
"sub.1817",-266.102576876009,-265.137711152598,3,1,2,2,4,1,2,3,100,4,19,6,610075419,0.75,3,2
"sub.1917",-270.542100968299,-270.542100968299,3,1,2,2,3,1,2,2,100,4,20,6,610075420,0.75,3,2
"sub18",-258.737471471393,-258.737471471393,1,2,1,1,1,2,1,1,100,4,1,7,71007541,0.75,3,2
"sub.1102",-250.3269353012,-250.177321278454,3,1,2,3,2,1,2,2,100,4,2,7,71007542,0.75,3,2
"sub.218",-266.062209369581,-264.842621269873,3,4,2,1,2,2,1,1,100,4,3,7,71007543,0.75,3,2
"sub.318",-258.432022942618,-258.432022942618,1,3,2,2,1,3,2,2,100,4,4,7,71007544,0.75,3,2
"sub.418",-258.918715459881,-258.918715459881,2,3,1,2,2,3,1,2,100,4,5,7,71007545,0.75,3,2
"sub.518",-260.779077269706,-260.779077269706,1,2,3,1,1,2,3,1,100,4,6,7,71007546,0.75,3,2
"sub.618",-257.785565581814,-257.785565581814,1,1,2,2,1,1,2,2,100,4,7,7,71007547,0.75,3,2
"sub.718",-262.163491392815,-262.163491392815,1,2,1,2,1,2,1,2,100,4,8,7,71007548,0.75,3,2
"sub.818",-263.795839608852,-263.795839608852,1,1,1,1,1,1,1,1,100,4,9,7,71007549,0.75,3,2
"sub.918",-266.060015350101,-264.875210088978,2,2,3,1,2,1,3,1,100,4,10,7,710075410,0.75,3,2
"sub.1018",-257.945758851964,-256.730573268173,3,1,1,2,4,2,1,3,100,4,11,7,710075411,0.75,3,2
"sub.1122",-270.688490920754,-270.688490920754,1,3,1,2,1,3,1,2,100,4,12,7,710075412,0.75,3,2
"sub.1220",-265.37434225287,-264.151393798678,2,2,1,2,3,3,1,2,100,4,13,7,710075413,0.75,3,2
"sub.1318",-259.230667758818,-259.230667758818,1,1,1,1,1,1,1,1,100,4,14,7,710075414,0.75,3,2
"sub.1418",-257.638583349132,-257.638583349132,2,1,3,4,2,1,3,4,100,4,15,7,710075415,0.75,3,2
"sub.1518",-243.126188527254,-243.126188527254,1,1,1,1,1,1,1,1,100,4,16,7,710075416,0.75,3,2
"sub.1618",-261.319338076324,-261.061916515572,4,1,2,3,3,1,2,2,100,4,17,7,710075417,0.75,3,2
"sub.1718",-275.855072054067,-269.353722516385,1,1,1,2,3,1,2,3,100,4,18,7,710075418,0.75,3,2
"sub.1818",-260.130526415554,-260.130526415554,1,3,4,2,1,3,4,2,100,4,19,7,710075419,0.75,3,2
"sub.1918",-260.72721818621,-260.72721818621,1,1,2,1,1,1,2,1,100,4,20,7,710075420,0.75,3,2
"sub19",-262.026385024424,-262.026385024424,2,3,1,1,2,3,1,1,100,4,1,8,81007541,0.75,4,1
"sub.1103",-264.290535850688,-264.290535850688,1,1,1,1,1,1,1,1,100,4,2,8,81007542,0.75,4,1
"sub.219",-260.174629218178,-258.261056170114,1,1,2,3,1,1,2,2,100,4,3,8,81007543,0.75,4,1
"sub.319",-272.653057910927,-272.653057910927,1,3,2,1,1,3,2,1,100,4,4,8,81007544,0.75,4,1
"sub.419",-262.990389225572,-262.990389225572,1,2,2,1,1,2,2,1,100,4,5,8,81007545,0.75,4,1
"sub.519",-260.471458373141,-260.458216731087,1,1,2,3,1,1,1,2,100,4,6,8,81007546,0.75,4,1
"sub.619",-266.682905897504,-265.101482028557,3,2,3,1,2,2,3,1,100,4,7,8,81007547,0.75,4,1
"sub.719",-261.891294084393,-261.891294084393,2,1,1,1,2,1,1,1,100,4,8,8,81007548,0.75,4,1
"sub.819",-269.016917784691,-268.496738628623,2,2,1,2,2,3,1,3,100,4,9,8,81007549,0.75,4,1
"sub.919",-255.671017774386,-255.671017774386,1,1,1,1,1,1,1,1,100,4,10,8,810075410,0.75,4,1
"sub.1019",-268.422641000896,-265.369346824726,2,1,3,2,2,1,2,2,100,4,11,8,810075411,0.75,4,1
"sub.1123",-270.13510486803,-265.423203200844,2,1,3,1,1,1,2,1,100,4,12,8,810075412,0.75,4,1
"sub.1221",-269.455794067195,-269.455794067195,1,2,2,1,1,2,2,1,100,4,13,8,810075413,0.75,4,1
"sub.1319",-265.94238357691,-265.94238357691,1,2,3,3,1,2,3,3,100,4,14,8,810075414,0.75,4,1
"sub.1419",-272.861665781201,-272.147440231032,1,1,2,1,1,1,1,1,100,4,15,8,810075415,0.75,4,1
"sub.1519",-260.461038474964,-260.461038474964,1,2,2,2,1,2,2,2,100,4,16,8,810075416,0.75,4,1
"sub.1619",-257.060025638332,-254.836479735537,2,2,2,1,3,3,2,1,100,4,17,8,810075417,0.75,4,1
"sub.1719",-267.83405645319,-267.83405645319,1,1,1,1,1,1,1,1,100,4,18,8,810075418,0.75,4,1
"sub.1819",-268.134088603593,-267.657158944924,2,4,3,1,2,3,2,1,100,4,19,8,810075419,0.75,4,1
"sub.1919",-263.398779618004,-261.565867400288,3,4,1,2,2,3,1,2,100,4,20,8,810075420,0.75,4,1
"sub20",-266.19336023166,-266.19336023166,2,3,1,1,2,3,1,1,100,4,1,9,91007541,0.75,2,2
"sub.1104",-263.07853907429,-262.606841330507,2,2,1,1,2,3,2,1,100,4,2,9,91007542,0.75,2,2
"sub.220",-266.237484078709,-266.237484078709,1,2,2,2,1,2,2,2,100,4,3,9,91007543,0.75,2,2
"sub.320",-263.268884603156,-263.268884603156,1,1,1,1,1,1,1,1,100,4,4,9,91007544,0.75,2,2
"sub.420",-268.543514202563,-268.543514202563,2,1,4,3,2,1,4,3,100,4,5,9,91007545,0.75,2,2
"sub.520",-257.203494645684,-257.203494645684,1,1,1,1,1,1,1,1,100,4,6,9,91007546,0.75,2,2
"sub.620",-251.971585502494,-251.971585502494,1,1,2,3,1,1,2,3,100,4,7,9,91007547,0.75,2,2
"sub.720",-272.55426699824,-272.55426699824,1,1,2,2,1,1,2,2,100,4,8,9,91007548,0.75,2,2
"sub.820",-265.295253059062,-265.295253059062,3,1,2,4,3,1,2,4,100,4,9,9,91007549,0.75,2,2
"sub.920",-263.738746146255,-262.864244044769,4,3,1,2,3,2,1,1,100,4,10,9,910075410,0.75,2,2
"sub.1020",-259.903999063242,-259.903999063242,1,3,2,2,1,3,2,2,100,4,11,9,910075411,0.75,2,2
"sub.1124",-268.523771415929,-267.902815041129,1,3,2,2,1,2,2,2,100,4,12,9,910075412,0.75,2,2
"sub.1222",-265.344756523114,-265.344756523114,1,2,2,3,1,2,2,3,100,4,13,9,910075413,0.75,2,2
"sub.1320",-260.556539133538,-260.009339765128,3,1,2,3,2,1,2,2,100,4,14,9,910075414,0.75,2,2
"sub.1420",-269.489984407243,-269.489984407243,1,2,3,4,1,2,3,4,100,4,15,9,910075415,0.75,2,2
"sub.1520",-255.072111748492,-255.072111748492,1,3,1,2,1,3,1,2,100,4,16,9,910075416,0.75,2,2
"sub.1620",-270.054441731266,-268.381160057351,2,3,1,4,2,4,1,3,100,4,17,9,910075417,0.75,2,2
"sub.1720",-250.606149582015,-250.606149582015,1,3,2,3,1,3,2,3,100,4,18,9,910075418,0.75,2,2
"sub.1820",-263.519847875405,-263.519847875405,1,2,2,3,1,2,2,3,100,4,19,9,910075419,0.75,2,2
"sub.1920",-262.536028754258,-261.307609630501,1,1,2,2,1,2,2,3,100,4,20,9,910075420,0.75,2,2
"sub21",-230.385187323076,-230.385187323076,1,1,1,1,1,1,1,1,100,4,1,1,11008541,0.85,4,1
"sub.1105",-244.775422934433,-244.488307824136,2,3,2,1,2,2,2,1,100,4,2,1,11008542,0.85,4,1
"sub.221",-245.452814751351,-245.452814751351,1,2,2,1,1,2,2,1,100,4,3,1,11008543,0.85,4,1
"sub.321",-237.107717824076,-237.107717824076,3,2,1,3,3,2,1,3,100,4,4,1,11008544,0.85,4,1
"sub.421",-242.449681005751,-242.449681005751,2,3,1,4,2,3,1,4,100,4,5,1,11008545,0.85,4,1
"sub.521",-214.847609709718,-214.847609709718,1,1,1,1,1,1,1,1,100,4,6,1,11008546,0.85,4,1
"sub.621",-246.793045400249,-246.793045400249,1,2,2,3,1,2,2,3,100,4,7,1,11008547,0.85,4,1
"sub.721",-221.032008017898,-221.032008017898,1,2,2,2,1,2,2,2,100,4,8,1,11008548,0.85,4,1
"sub.821",-238.83039010905,-238.83039010905,1,1,1,2,1,1,1,2,100,4,9,1,11008549,0.85,4,1
"sub.921",-231.471242080845,-231.471242080845,1,3,3,2,1,3,3,2,100,4,10,1,110085410,0.85,4,1
"sub.1021",-214.601717152618,-214.601717152618,1,1,1,1,1,1,1,1,100,4,11,1,110085411,0.85,4,1
"sub.1125",-247.241900786786,-246.361680008441,2,3,1,3,2,3,1,4,100,4,12,1,110085412,0.85,4,1
"sub.1223",-253.454995724736,-249.839437864202,1,3,1,2,1,2,1,2,100,4,13,1,110085413,0.85,4,1
"sub.1321",-236.38543906792,-236.38543906792,2,2,3,1,2,2,3,1,100,4,14,1,110085414,0.85,4,1
"sub.1421",-231.938370964864,-231.938370964864,1,2,1,2,1,2,1,2,100,4,15,1,110085415,0.85,4,1
"sub.1521",-237.316200364357,-237.316200364357,3,1,1,2,3,1,1,2,100,4,16,1,110085416,0.85,4,1
"sub.1621",-258.435783893726,-258.435783893726,2,3,1,1,2,3,1,1,100,4,17,1,110085417,0.85,4,1
"sub.1721",-239.273640486875,-239.273640486875,2,3,1,2,2,3,1,2,100,4,18,1,110085418,0.85,4,1
"sub.1821",-231.06031534425,-231.06031534425,2,1,1,3,2,1,1,3,100,4,19,1,110085419,0.85,4,1
"sub.1921",-245.501893188065,-245.501893188065,2,1,2,3,2,1,2,3,100,4,20,1,110085420,0.85,4,1
"sub22",-238.626002604473,-238.626002604473,2,2,1,2,2,2,1,2,100,4,1,10,101008541,0.85,3,2
"sub.1106",-249.353200860574,-249.353200860574,4,2,3,1,4,2,3,1,100,4,2,10,101008542,0.85,3,2
"sub.222",-246.482509977245,-246.482509977245,3,2,1,3,3,2,1,3,100,4,3,10,101008543,0.85,3,2
"sub.322",-218.890199845503,-218.890199845503,1,1,1,1,1,1,1,1,100,4,4,10,101008544,0.85,3,2
"sub.422",-247.064169712444,-247.064169712444,1,2,3,4,1,2,3,4,100,4,5,10,101008545,0.85,3,2
"sub.522",-248.458470101056,-245.57196394448,1,1,3,2,1,1,2,1,100,4,6,10,101008546,0.85,3,2
"sub.622",-251.022645350946,-249.752417337662,1,2,4,3,1,2,3,3,100,4,7,10,101008547,0.85,3,2
"sub.722",-256.153684661537,-256.153684661537,2,3,1,1,2,3,1,1,100,4,8,10,101008548,0.85,3,2
"sub.822",-238.884372876767,-238.884372876767,1,2,2,2,1,2,2,2,100,4,9,10,101008549,0.85,3,2
"sub.922",-239.823208007709,-239.823208007709,2,1,1,1,2,1,1,1,100,4,10,10,1010085410,0.85,3,2
"sub.1022",-218.257416915722,-218.257416915722,1,1,1,1,1,1,1,1,100,4,11,10,1010085411,0.85,3,2
"sub.1126",-240.031214956162,-240.031214956162,1,3,3,2,1,3,3,2,100,4,12,10,1010085412,0.85,3,2
"sub.1224",-237.198084662654,-237.198084662654,2,1,3,3,2,1,3,3,100,4,13,10,1010085413,0.85,3,2
"sub.1322",-231.518915253526,-231.518915253526,1,1,2,2,1,1,2,2,100,4,14,10,1010085414,0.85,3,2
"sub.1422",-222.300007051507,-222.300007051507,1,1,1,1,1,1,1,1,100,4,15,10,1010085415,0.85,3,2
"sub.1522",-237.594977158894,-237.594977158894,1,3,2,1,1,3,2,1,100,4,16,10,1010085416,0.85,3,2
"sub.1622",-238.926039929217,-238.926039929217,1,1,2,2,1,1,2,2,100,4,17,10,1010085417,0.85,3,2
"sub.1722",-240.860038243891,-240.860038243891,3,1,2,3,3,1,2,3,100,4,18,10,1010085418,0.85,3,2
"sub.1822",-245.243654232792,-245.243654232792,1,3,2,4,1,3,2,4,100,4,19,10,1010085419,0.85,3,2
"sub.1922",-229.004544423533,-229.004544423533,2,1,2,2,2,1,2,2,100,4,20,10,1010085420,0.85,3,2
"sub23",-235.489103513278,-235.489103513278,2,1,2,3,2,1,2,3,100,4,1,11,111008541,0.85,2,2
"sub.1107",-254.374426661252,-254.374426661252,1,2,2,3,1,2,2,3,100,4,2,11,111008542,0.85,2,2
"sub.223",-233.12104739748,-233.12104739748,2,1,3,1,2,1,3,1,100,4,3,11,111008543,0.85,2,2
"sub.323",-239.263786159029,-239.263786159029,3,3,1,2,3,3,1,2,100,4,4,11,111008544,0.85,2,2
"sub.423",-233.869093085605,-233.869093085605,1,2,2,3,1,2,2,3,100,4,5,11,111008545,0.85,2,2
"sub.523",-237.179219231147,-237.179219231147,1,1,2,2,1,1,2,2,100,4,6,11,111008546,0.85,2,2
"sub.623",-219.768875332384,-219.768875332384,1,1,1,1,1,1,1,1,100,4,7,11,111008547,0.85,2,2
"sub.723",-228.614271727281,-228.614271727281,1,2,2,1,1,2,2,1,100,4,8,11,111008548,0.85,2,2
"sub.823",-249.485562128393,-249.485562128393,3,3,1,2,3,3,1,2,100,4,9,11,111008549,0.85,2,2
"sub.923",-226.781934930732,-226.781934930732,1,1,1,1,1,1,1,1,100,4,10,11,1110085410,0.85,2,2
"sub.1023",-239.805790627316,-239.805790627316,1,3,2,4,1,3,2,4,100,4,11,11,1110085411,0.85,2,2
"sub.1127",-243.276148225737,-243.276148225737,3,2,1,4,3,2,1,4,100,4,12,11,1110085412,0.85,2,2
"sub.1225",-245.984390837694,-245.984390837694,1,2,3,2,1,2,3,2,100,4,13,11,1110085413,0.85,2,2
"sub.1323",-223.178682538387,-223.178682538387,1,1,1,1,1,1,1,1,100,4,14,11,1110085414,0.85,2,2
"sub.1423",-240.227048160659,-240.227048160659,2,1,2,2,2,1,2,2,100,4,15,11,1110085415,0.85,2,2
"sub.1523",-235.075187272426,-234.906084013268,2,3,1,1,2,2,1,1,100,4,16,11,1110085416,0.85,2,2
"sub.1623",-230.734923486841,-230.734923486841,2,1,1,3,2,1,1,3,100,4,17,11,1110085417,0.85,2,2
"sub.1723",-235.983205069777,-235.983205069777,2,3,1,2,2,3,1,2,100,4,18,11,1110085418,0.85,2,2
"sub.1823",-239.349043081525,-239.349043081525,1,1,1,1,1,1,1,1,100,4,19,11,1110085419,0.85,2,2
"sub.1923",-241.206801987559,-241.206801987559,2,2,1,2,2,2,1,2,100,4,20,11,1110085420,0.85,2,2
"sub24",-229.401592286396,-229.401592286396,2,1,2,2,2,1,2,2,100,4,1,12,121008541,0.85,4,1
"sub.1108",-228.346199123127,-228.346199123127,2,1,1,1,2,1,1,1,100,4,2,12,121008542,0.85,4,1
"sub.224",-229.602335565007,-229.602335565007,1,1,1,2,1,1,1,2,100,4,3,12,121008543,0.85,4,1
"sub.324",-250.33830911402,-250.33830911402,1,2,3,3,1,2,3,3,100,4,4,12,121008544,0.85,4,1
"sub.424",-233.661758712491,-233.661758712491,1,2,2,2,1,2,2,2,100,4,5,12,121008545,0.85,4,1
"sub.524",-243.033618901118,-243.033618901118,2,2,1,1,2,2,1,1,100,4,6,12,121008546,0.85,4,1
"sub.624",-231.892061205581,-231.892061205581,1,2,2,2,1,2,2,2,100,4,7,12,121008547,0.85,4,1
"sub.724",-233.557955836742,-233.557955836742,2,3,1,2,2,3,1,2,100,4,8,12,121008548,0.85,4,1
"sub.824",-251.326756987227,-251.326756987227,1,2,1,3,1,2,1,3,100,4,9,12,121008549,0.85,4,1
"sub.924",-230.260622431392,-230.260622431392,2,2,1,2,2,2,1,2,100,4,10,12,1210085410,0.85,4,1
"sub.1024",-250.237789583693,-250.237789583693,2,1,2,1,2,1,2,1,100,4,11,12,1210085411,0.85,4,1
"sub.1128",-248.777765954519,-248.777765954519,2,3,4,1,2,3,4,1,100,4,12,12,1210085412,0.85,4,1
"sub.1226",-233.408104156399,-233.408104156399,1,1,1,1,1,1,1,1,100,4,13,12,1210085413,0.85,4,1
"sub.1324",-236.343759228886,-236.343759228886,1,1,2,2,1,1,2,2,100,4,14,12,1210085414,0.85,4,1
"sub.1424",-250.231395346174,-250.231395346174,1,4,2,3,1,4,2,3,100,4,15,12,1210085415,0.85,4,1
"sub.1524",-245.53967804248,-245.53967804248,1,2,2,3,1,2,2,3,100,4,16,12,1210085416,0.85,4,1
"sub.1624",-228.047500790293,-228.047500790293,1,1,1,1,1,1,1,1,100,4,17,12,1210085417,0.85,4,1
"sub.1724",-225.168858237919,-225.168858237919,1,2,1,1,1,2,1,1,100,4,18,12,1210085418,0.85,4,1
"sub.1824",-235.133888062666,-235.133888062666,2,1,3,1,2,1,3,1,100,4,19,12,1210085419,0.85,4,1
"sub.1924",-229.950654319762,-229.950654319762,3,1,1,2,3,1,1,2,100,4,20,12,1210085420,0.85,4,1
"sub25",-233.019683141226,-233.019683141226,2,2,3,1,2,2,3,1,100,4,1,13,131008541,0.85,3,2
"sub.1109",-229.643894272641,-229.643894272641,1,3,3,2,1,3,3,2,100,4,2,13,131008542,0.85,3,2
"sub.225",-238.099109315352,-238.099109315352,1,3,1,2,1,3,1,2,100,4,3,13,131008543,0.85,3,2
"sub.325",-234.821504150797,-234.821504150797,1,2,3,3,1,2,3,3,100,4,4,13,131008544,0.85,3,2
"sub.425",-224.004910654509,-224.004910654509,1,1,1,1,1,1,1,1,100,4,5,13,131008545,0.85,3,2
"sub.525",-245.690527100707,-245.690527100707,1,2,1,2,1,2,1,2,100,4,6,13,131008546,0.85,3,2
"sub.625",-235.554694273637,-235.554694273637,1,1,1,2,1,1,1,2,100,4,7,13,131008547,0.85,3,2
"sub.725",-246.498715957536,-246.498715957536,2,1,3,1,2,1,3,1,100,4,8,13,131008548,0.85,3,2
"sub.825",-246.770202264939,-246.770202264939,1,2,2,2,1,2,2,2,100,4,9,13,131008549,0.85,3,2
"sub.925",-205.883753951269,-205.883753951269,1,1,1,1,1,1,1,1,100,4,10,13,1310085410,0.85,3,2
"sub.1025",-241.017620449656,-241.017620449656,2,2,1,3,2,2,1,3,100,4,11,13,1310085411,0.85,3,2
"sub.1129",-233.813650883959,-233.813650883959,1,2,1,1,1,2,1,1,100,4,12,13,1310085412,0.85,3,2
"sub.1227",-226.861133175946,-226.861133175946,2,1,2,2,2,1,2,2,100,4,13,13,1310085413,0.85,3,2
"sub.1325",-243.666027728394,-243.666027728394,1,2,3,3,1,2,3,3,100,4,14,13,1310085414,0.85,3,2
"sub.1425",-236.591611217072,-236.591611217072,1,2,2,2,1,2,2,2,100,4,15,13,1310085415,0.85,3,2
"sub.1525",-241.538857757721,-241.538857757721,1,1,2,1,1,1,2,1,100,4,16,13,1310085416,0.85,3,2
"sub.1625",-231.842261753753,-231.842261753753,1,2,1,1,1,2,1,1,100,4,17,13,1310085417,0.85,3,2
"sub.1725",-217.235410016732,-217.235410016732,1,2,1,1,1,2,1,1,100,4,18,13,1310085418,0.85,3,2
"sub.1825",-248.230116801429,-248.230116801429,1,2,3,2,1,2,3,2,100,4,19,13,1310085419,0.85,3,2
"sub.1925",-235.745790689181,-235.745790689181,1,1,1,1,1,1,1,1,100,4,20,13,1310085420,0.85,3,2
"sub26",-214.408271966278,-214.408271966278,1,1,1,1,1,1,1,1,100,4,1,14,141008541,0.85,3,2
"sub.1130",-250.158928249735,-250.158928249735,1,3,2,3,1,3,2,3,100,4,2,14,141008542,0.85,3,2
"sub.226",-245.954261475425,-245.954261475425,1,2,3,2,1,2,3,2,100,4,3,14,141008543,0.85,3,2
"sub.326",-234.753671536313,-234.753671536313,1,3,1,2,1,3,1,2,100,4,4,14,141008544,0.85,3,2
"sub.426",-222.739344794947,-222.739344794947,1,1,1,1,1,1,1,1,100,4,5,14,141008545,0.85,3,2
"sub.526",-241.023691403989,-241.023691403989,1,4,2,3,1,4,2,3,100,4,6,14,141008546,0.85,3,2
"sub.626",-232.148884895254,-232.148884895254,4,1,3,2,4,1,3,2,100,4,7,14,141008547,0.85,3,2
"sub.726",-229.998296950395,-229.998296950395,1,1,1,1,1,1,1,1,100,4,8,14,141008548,0.85,3,2
"sub.826",-214.847609709718,-214.847609709718,1,1,1,1,1,1,1,1,100,4,9,14,141008549,0.85,3,2
"sub.926",-252.443038093875,-252.443038093875,3,2,1,1,3,2,1,1,100,4,10,14,1410085410,0.85,3,2
"sub.1026",-246.11475805178,-246.11475805178,3,4,1,2,3,4,1,2,100,4,11,14,1410085411,0.85,3,2
"sub.1131",-216.30662075562,-216.30662075562,1,1,1,1,1,1,1,1,100,4,12,14,1410085412,0.85,3,2
"sub.1228",-240.594556450074,-240.594556450074,1,2,3,1,1,2,3,1,100,4,13,14,1410085413,0.85,3,2
"sub.1326",-242.813219965357,-242.813219965357,2,1,2,3,2,1,2,3,100,4,14,14,1410085414,0.85,3,2
"sub.1426",-216.745958499061,-216.745958499061,1,1,1,1,1,1,1,1,100,4,15,14,1410085415,0.85,3,2
"sub.1526",-233.447479313577,-233.447479313577,2,2,1,1,2,2,1,1,100,4,16,14,1410085416,0.85,3,2
"sub.1626",-239.801676999085,-239.801676999085,1,3,3,2,1,3,3,2,100,4,17,14,1410085417,0.85,3,2
"sub.1726",-238.802082907996,-238.802082907996,1,1,1,2,1,1,1,2,100,4,18,14,1410085418,0.85,3,2
"sub.1826",-232.902339306131,-232.902339306131,2,1,2,1,2,1,2,1,100,4,19,14,1410085419,0.85,3,2
"sub.1926",-237.699447440573,-237.699447440573,2,2,2,1,2,2,2,1,100,4,20,14,1410085420,0.85,3,2
"sub27",-253.337255646055,-253.337255646055,3,2,1,3,3,2,1,3,100,4,1,15,151008541,0.85,3,2
"sub.1132",-218.674174828776,-218.674174828776,1,2,1,1,1,2,1,1,100,4,2,15,151008542,0.85,3,2
"sub.227",-232.938277858945,-232.938277858945,2,2,2,1,2,2,2,1,100,4,3,15,151008543,0.85,3,2
"sub.327",-242.703096176446,-242.222338650563,2,1,3,4,2,1,2,3,100,4,4,15,151008544,0.85,3,2
"sub.427",-249.044188956224,-249.044188956224,1,3,1,2,1,3,1,2,100,4,5,15,151008545,0.85,3,2
"sub.527",-234.62243206551,-234.62243206551,3,1,2,2,3,1,2,2,100,4,6,15,151008546,0.85,3,2
"sub.627",-242.339751349633,-242.339751349633,1,4,3,2,1,4,3,2,100,4,7,15,151008547,0.85,3,2
"sub.727",-226.555448434649,-226.555448434649,2,1,1,1,2,1,1,1,100,4,8,15,151008548,0.85,3,2
"sub.827",-232.88030565563,-232.88030565563,1,2,1,1,1,2,1,1,100,4,9,15,151008549,0.85,3,2
"sub.927",-241.898990848138,-241.898990848138,3,4,1,2,3,4,1,2,100,4,10,15,1510085410,0.85,3,2
"sub.1027",-243.35047757374,-243.35047757374,1,1,1,2,1,1,1,2,100,4,11,15,1510085411,0.85,3,2
"sub.1133",-231.822073155373,-231.822073155373,3,1,1,2,3,1,1,2,100,4,12,15,1510085412,0.85,3,2
"sub.1229",-223.372127724728,-223.372127724728,1,1,1,1,1,1,1,1,100,4,13,15,1510085413,0.85,3,2
"sub.1327",-228.002395160552,-228.002395160552,4,2,1,3,4,2,1,3,100,4,14,15,1510085414,0.85,3,2
"sub.1427",-244.626445809403,-244.626445809403,2,3,1,3,2,3,1,3,100,4,15,15,1510085415,0.85,3,2
"sub.1527",-228.005390440714,-228.005390440714,3,1,1,2,3,1,1,2,100,4,16,15,1510085416,0.85,3,2
"sub.1627",-239.122523164597,-239.122523164597,2,2,3,1,2,2,3,1,100,4,17,15,1510085417,0.85,3,2
"sub.1727",-236.886835258637,-236.886835258637,1,1,2,2,1,1,2,2,100,4,18,15,1510085418,0.85,3,2
"sub.1827",-227.414717860512,-227.414717860512,1,1,1,1,1,1,1,1,100,4,19,15,1510085419,0.85,3,2
"sub.1927",-233.42527940415,-233.42527940415,1,1,3,2,1,1,3,2,100,4,20,15,1510085420,0.85,3,2
"sub28",-243.89829769158,-243.89829769158,1,2,1,2,1,2,1,2,100,4,1,16,161008541,0.85,2,2
"sub.1134",-224.359241518354,-224.359241518354,2,1,2,2,2,1,2,2,100,4,2,16,161008542,0.85,2,2
"sub.228",-237.738049203655,-237.738049203655,2,1,3,2,2,1,3,2,100,4,3,16,161008543,0.85,2,2
"sub.328",-246.737491666056,-246.737491666056,3,1,2,2,3,1,2,2,100,4,4,16,161008544,0.85,2,2
"sub.428",-252.706983246927,-252.706983246927,2,2,3,1,2,2,3,1,100,4,5,16,161008545,0.85,2,2
"sub.528",-242.691210120604,-242.691210120604,1,1,2,2,1,1,2,2,100,4,6,16,161008546,0.85,2,2
"sub.628",-253.242754649591,-253.242754649591,1,1,2,2,1,1,2,2,100,4,7,16,161008547,0.85,2,2
"sub.728",-251.820306872213,-251.820306872213,1,2,3,2,1,2,3,2,100,4,8,16,161008548,0.85,2,2
"sub.828",-245.60685793459,-245.60685793459,2,4,3,1,2,4,3,1,100,4,9,16,161008549,0.85,2,2
"sub.928",-236.24231517002,-236.24231517002,2,3,1,1,2,3,1,1,100,4,10,16,1610085410,0.85,2,2
"sub.1028",-241.995832283257,-241.995832283257,1,2,1,2,1,2,1,2,100,4,11,16,1610085411,0.85,2,2
"sub.1135",-236.398347549613,-236.398347549613,2,1,2,2,2,1,2,2,100,4,12,16,1610085412,0.85,2,2
"sub.1230",-232.099419526056,-232.099419526056,3,1,2,2,3,1,2,2,100,4,13,16,1610085413,0.85,2,2
"sub.1328",-239.325743098077,-239.325743098077,1,1,1,2,1,1,1,2,100,4,14,16,1610085414,0.85,2,2
"sub.1428",-243.349055048812,-243.349055048812,3,1,1,2,3,1,1,2,100,4,15,16,1610085415,0.85,2,2
"sub.1528",-237.519034504541,-237.519034504541,2,3,1,2,2,3,1,2,100,4,16,16,1610085416,0.85,2,2
"sub.1628",-238.807310827922,-238.807310827922,2,1,2,2,2,1,2,2,100,4,17,16,1610085417,0.85,2,2
"sub.1728",-231.072738856137,-231.072738856137,3,2,4,1,3,2,4,1,100,4,18,16,1610085418,0.85,2,2
"sub.1828",-256.017940548579,-256.017940548579,1,2,3,4,1,2,3,4,100,4,19,16,1610085419,0.85,2,2
"sub.1928",-204.372295534607,-204.372295534607,1,1,1,1,1,1,1,1,100,4,20,16,1610085420,0.85,2,2
"sub29",-235.734061008393,-235.734061008393,2,2,3,1,2,2,3,1,100,4,1,17,171008541,0.85,4,1
"sub.1136",-225.70981425751,-225.70981425751,1,1,1,1,1,1,1,1,100,4,2,17,171008542,0.85,4,1
"sub.229",-241.535650066683,-241.535650066683,3,2,1,2,3,2,1,2,100,4,3,17,171008543,0.85,4,1
"sub.329",-234.65270109864,-234.65270109864,1,1,1,2,1,1,1,2,100,4,4,17,171008544,0.85,4,1
"sub.429",-226.029257466114,-226.029257466114,2,1,1,1,2,1,1,1,100,4,5,17,171008545,0.85,4,1
"sub.529",-244.93425496275,-244.93425496275,1,1,1,2,1,1,1,2,100,4,6,17,171008546,0.85,4,1
"sub.629",-240.654421748598,-240.654421748598,1,3,1,2,1,3,1,2,100,4,7,17,171008547,0.85,4,1
"sub.729",-233.228153552458,-233.228153552458,2,1,2,1,2,1,2,1,100,4,8,17,171008548,0.85,4,1
"sub.829",-238.642920570226,-238.642920570226,1,2,3,4,1,2,3,4,100,4,9,17,171008549,0.85,4,1
"sub.929",-232.444123250919,-232.444123250919,1,2,1,1,1,2,1,1,100,4,10,17,1710085410,0.85,4,1
"sub.1029",-216.11317556928,-216.11317556928,1,1,1,1,1,1,1,1,100,4,11,17,1710085411,0.85,4,1
"sub.1137",-232.20066999891,-232.20066999891,1,2,2,2,1,2,2,2,100,4,12,17,1710085412,0.85,4,1
"sub.1231",-241.726381818498,-241.726381818498,1,2,1,3,1,2,1,3,100,4,13,17,1710085413,0.85,4,1
"sub.1329",-223.178682538387,-223.178682538387,1,1,1,1,1,1,1,1,100,4,14,17,1710085414,0.85,4,1
"sub.1429",-218.888761956117,-218.888761956117,2,3,1,3,2,3,1,3,100,4,15,17,1710085415,0.85,4,1
"sub.1529",-240.769205076354,-240.769205076354,1,2,3,2,1,2,3,2,100,4,16,17,1710085416,0.85,4,1
"sub.1629",-236.156734532305,-236.156734532305,3,1,1,2,3,1,1,2,100,4,17,17,1710085417,0.85,4,1
"sub.1729",-240.476190760906,-240.476190760906,1,1,1,2,1,1,1,2,100,4,18,17,1710085418,0.85,4,1
"sub.1829",-239.5871367511,-239.5871367511,1,2,1,1,1,2,1,1,100,4,19,17,1710085419,0.85,4,1
"sub.1929",-230.631079880176,-230.631079880176,1,1,1,1,1,1,1,1,100,4,20,17,1710085420,0.85,4,1
"sub30",-236.313551818487,-236.313551818487,2,2,1,2,2,2,1,2,100,4,1,18,181008541,0.85,3,2
"sub.1138",-248.393994042979,-248.393994042979,2,3,4,1,2,3,4,1,100,4,2,18,181008542,0.85,3,2
"sub.230",-234.415016535386,-234.415016535386,2,1,1,1,2,1,1,1,100,4,3,18,181008543,0.85,3,2
"sub.330",-240.55937394814,-240.55937394814,3,3,2,1,3,3,2,1,100,4,4,18,181008544,0.85,3,2
"sub.430",-233.21104846894,-233.21104846894,1,3,2,2,1,3,2,2,100,4,5,18,181008545,0.85,3,2
"sub.530",-255.975027735432,-253.038601725822,2,3,1,2,1,2,1,1,100,4,6,18,181008546,0.85,3,2
"sub.630",-241.419552759881,-241.419552759881,2,1,2,2,2,1,2,2,100,4,7,18,181008547,0.85,3,2
"sub.730",-209.926344087053,-209.926344087053,1,1,1,1,1,1,1,1,100,4,8,18,181008548,0.85,3,2
"sub.830",-232.923426366453,-232.923426366453,1,3,1,2,1,3,1,2,100,4,9,18,181008549,0.85,3,2
"sub.930",-239.89838752998,-239.89838752998,1,1,2,3,1,1,2,3,100,4,10,18,1810085410,0.85,3,2
"sub.1030",-219.083645031843,-219.083645031843,1,1,1,1,1,1,1,1,100,4,11,18,1810085411,0.85,3,2
"sub.1139",-225.349962038215,-225.349962038215,2,3,1,3,2,3,1,3,100,4,12,18,1810085412,0.85,3,2
"sub.1232",-233.762024949034,-233.762024949034,1,2,1,1,1,2,1,1,100,4,13,18,1810085413,0.85,3,2
"sub.1330",-250.214527390882,-250.214527390882,2,1,2,2,2,1,2,2,100,4,14,18,1810085414,0.85,3,2
"sub.1430",-242.582613431523,-242.582613431523,1,3,2,4,1,3,2,4,100,4,15,18,1810085415,0.85,3,2
"sub.1530",-244.262689660834,-243.565793996885,4,1,2,3,3,1,1,2,100,4,16,18,1810085416,0.85,3,2
"sub.1630",-246.791309573239,-246.791309573239,2,3,3,1,2,3,3,1,100,4,17,18,1810085417,0.85,3,2
"sub.1730",-231.703152282528,-231.703152282528,2,3,1,3,2,3,1,3,100,4,18,18,1810085418,0.85,3,2
"sub.1830",-243.490657011593,-243.490657011593,1,2,1,2,1,2,1,2,100,4,19,18,1810085419,0.85,3,2
"sub.1930",-223.437533639195,-223.437533639195,1,1,1,2,1,1,1,2,100,4,20,18,1810085420,0.85,3,2
"sub31",-243.463256098445,-243.463256098445,3,1,3,2,3,1,3,2,100,4,1,19,191008541,0.85,3,2
"sub.1140",-236.185128432622,-236.185128432622,1,1,1,1,1,1,1,1,100,4,2,19,191008542,0.85,3,2
"sub.231",-238.199783937306,-238.199783937306,1,2,1,2,1,2,1,2,100,4,3,19,191008543,0.85,3,2
"sub.331",-243.990532443738,-243.990532443738,1,2,2,2,1,2,2,2,100,4,4,19,191008544,0.85,3,2
"sub.431",-243.004742844629,-243.004742844629,1,1,1,1,1,1,1,1,100,4,5,19,191008545,0.85,3,2
"sub.531",-255.553116142634,-252.630100109052,1,4,3,2,1,3,2,1,100,4,6,19,191008546,0.85,3,2
"sub.631",-236.367062763459,-236.367062763459,2,2,1,2,2,2,1,2,100,4,7,19,191008547,0.85,3,2
"sub.731",-209.926344087053,-209.926344087053,1,1,1,1,1,1,1,1,100,4,8,19,191008548,0.85,3,2
"sub.831",-239.077093865728,-239.077093865728,1,2,3,2,1,2,3,2,100,4,9,19,191008549,0.85,3,2
"sub.931",-238.537339620823,-238.537339620823,2,3,1,3,2,3,1,3,100,4,10,19,1910085410,0.85,3,2
"sub.1031",-238.732148064716,-238.732148064716,2,3,1,2,2,3,1,2,100,4,11,19,1910085411,0.85,3,2
"sub.1141",-236.505052024935,-236.505052024935,2,2,1,1,2,2,1,1,100,4,12,19,1910085412,0.85,3,2
"sub.1233",-233.537523774417,-233.537523774417,1,2,2,2,1,2,2,2,100,4,13,19,1910085413,0.85,3,2
"sub.1331",-247.025433112088,-247.025433112088,1,4,2,3,1,4,2,3,100,4,14,19,1910085414,0.85,3,2
"sub.1431",-253.936078793288,-253.936078793288,2,4,1,3,2,4,1,3,100,4,15,19,1910085415,0.85,3,2
"sub.1531",-234.506727745514,-232.066653979165,1,4,2,3,1,3,1,2,100,4,16,19,1910085416,0.85,3,2
"sub.1631",-245.20092249552,-243.173167956499,2,1,3,4,2,1,2,3,100,4,17,19,1910085417,0.85,3,2
"sub.1731",-237.516221131309,-237.516221131309,1,1,2,2,1,1,2,2,100,4,18,19,1910085418,0.85,3,2
"sub.1831",-230.672894974946,-230.672894974946,2,1,2,1,2,1,2,1,100,4,19,19,1910085419,0.85,3,2
"sub.1931",-243.438581933757,-243.438581933757,2,1,3,4,2,1,3,4,100,4,20,19,1910085420,0.85,3,2
"sub32",-236.57388542682,-236.16912567137,1,2,3,2,1,2,2,2,100,4,1,2,21008541,0.85,4,1
"sub.1142",-246.354761010629,-246.354761010629,2,3,1,2,2,3,1,2,100,4,2,2,21008542,0.85,4,1
"sub.232",-241.628836674243,-241.628836674243,1,3,2,3,1,3,2,3,100,4,3,2,21008543,0.85,4,1
"sub.332",-243.004742844629,-243.004742844629,1,1,1,1,1,1,1,1,100,4,4,2,21008544,0.85,4,1
"sub.432",-226.975380117072,-226.975380117072,1,1,1,1,1,1,1,1,100,4,5,2,21008545,0.85,4,1
"sub.532",-239.930994654529,-239.930994654529,2,3,3,1,2,3,3,1,100,4,6,2,21008546,0.85,4,1
"sub.632",-241.962895490116,-241.962895490116,2,1,3,3,2,1,3,3,100,4,7,2,21008547,0.85,4,1
"sub.732",-236.522891526195,-236.522891526195,2,2,1,2,2,2,1,2,100,4,8,2,21008548,0.85,4,1
"sub.832",-219.656292518869,-219.656292518869,2,1,2,2,2,1,2,2,100,4,9,2,21008549,0.85,4,1
"sub.932",-240.076684414685,-239.915794065748,3,1,2,1,2,1,1,1,100,4,10,2,210085410,0.85,4,1
"sub.1032",-254.154595748247,-251.616681096131,1,3,3,2,1,3,4,2,100,4,11,2,210085411,0.85,4,1
"sub.1143",-242.001999228812,-242.001999228812,2,2,1,1,2,2,1,1,100,4,12,2,210085412,0.85,4,1
"sub.1234",-238.684523832752,-238.684523832752,2,4,3,1,2,4,3,1,100,4,13,2,210085413,0.85,4,1
"sub.1332",-240.486802106009,-240.009482339507,1,2,1,3,1,3,2,4,100,4,14,2,210085414,0.85,4,1
"sub.1432",-233.162211599299,-233.162211599299,1,1,1,1,1,1,1,1,100,4,15,2,210085415,0.85,4,1
"sub.1532",-246.248871765751,-246.248871765751,3,2,3,1,3,2,3,1,100,4,16,2,210085416,0.85,4,1
"sub.1632",-244.69375704959,-244.69375704959,2,2,3,1,2,2,3,1,100,4,17,2,210085417,0.85,4,1
"sub.1732",-247.544240895317,-247.544240895317,1,2,2,1,1,2,2,1,100,4,18,2,210085418,0.85,4,1
"sub.1832",-243.598612134285,-243.598612134285,2,4,1,3,2,4,1,3,100,4,19,2,210085419,0.85,4,1
"sub.1932",-265.801272613434,-265.801272613434,1,1,1,1,1,1,1,1,100,4,20,2,210085420,0.85,4,1
"sub33",-242.515188726918,-242.515188726918,2,2,3,1,2,2,3,1,100,4,1,20,201008541,0.85,2,2
"sub.1144",-247.177692217718,-247.177692217718,4,2,1,3,4,2,1,3,100,4,2,20,201008542,0.85,2,2
"sub.233",-233.263539286215,-233.263539286215,2,1,1,2,2,1,1,2,100,4,3,20,201008543,0.85,2,2
"sub.333",-250.3780541776,-250.3780541776,3,2,1,2,3,2,1,2,100,4,4,20,201008544,0.85,2,2
"sub.433",-246.341376610553,-246.341376610553,1,2,1,3,1,2,1,3,100,4,5,20,201008545,0.85,2,2
"sub.533",-229.119621463514,-229.119621463514,1,1,1,1,1,1,1,1,100,4,6,20,201008546,0.85,2,2
"sub.633",-255.963832626563,-255.963832626563,3,1,4,2,3,1,4,2,100,4,7,20,201008547,0.85,2,2
"sub.733",-243.354745803683,-243.354745803683,2,1,3,1,2,1,3,1,100,4,8,20,201008548,0.85,2,2
"sub.833",-235.90730437203,-235.90730437203,1,1,2,2,1,1,2,2,100,4,9,20,201008549,0.85,2,2
"sub.933",-228.74495829241,-228.74495829241,1,2,2,1,1,2,2,1,100,4,10,20,2010085410,0.85,2,2
"sub.1033",-242.141836978884,-242.141836978884,2,1,2,3,2,1,2,3,100,4,11,20,2010085411,0.85,2,2
"sub.1145",-241.993939383249,-241.993939383249,3,1,2,2,3,1,2,2,100,4,12,20,2010085412,0.85,2,2
"sub.1235",-237.000376505513,-237.000376505513,2,2,1,2,2,2,1,2,100,4,13,20,2010085413,0.85,2,2
"sub.1333",-228.857846452983,-228.857846452983,2,2,1,2,2,2,1,2,100,4,14,20,2010085414,0.85,2,2
"sub.1433",-254.865784794195,-254.865784794195,1,2,2,3,1,2,2,3,100,4,15,20,2010085415,0.85,2,2
"sub.1533",-258.714457252376,-258.714457252376,2,1,1,1,2,1,1,1,100,4,16,20,2010085416,0.85,2,2
"sub.1633",-239.019298301409,-239.019298301409,2,3,1,3,2,3,1,3,100,4,17,20,2010085417,0.85,2,2
"sub.1733",-245.767776340836,-245.767776340836,1,1,3,2,1,1,3,2,100,4,18,20,2010085418,0.85,2,2
"sub.1833",-238.316180778714,-238.316180778714,1,2,1,3,1,2,1,3,100,4,19,20,2010085419,0.85,2,2
"sub.1933",-223.590552556735,-223.590552556735,1,2,1,2,1,2,1,2,100,4,20,20,2010085420,0.85,2,2
"sub34",-237.344934029148,-237.344934029148,2,1,2,2,2,1,2,2,100,4,1,21,211008541,0.85,2,2
"sub.1146",-231.873029315589,-231.873029315589,3,1,2,3,3,1,2,3,100,4,2,21,211008542,0.85,2,2
"sub.234",-251.262823676874,-251.262823676874,1,2,2,2,1,2,2,2,100,4,3,21,211008543,0.85,2,2
"sub.334",-244.645136937111,-244.645136937111,1,2,1,2,1,2,1,2,100,4,4,21,211008544,0.85,2,2
"sub.434",-236.501782180511,-236.501782180511,2,3,3,1,2,3,3,1,100,4,5,21,211008545,0.85,2,2
"sub.534",-250.779328865398,-250.779328865398,3,2,1,3,3,2,1,3,100,4,6,21,211008546,0.85,2,2
"sub.634",-241.569805015032,-241.569805015032,1,1,2,2,1,1,2,2,100,4,7,21,211008547,0.85,2,2
"sub.734",-235.516702440895,-235.516702440895,1,2,3,1,1,2,3,1,100,4,8,21,211008548,0.85,2,2
"sub.834",-238.976587135753,-238.976587135753,2,2,1,3,2,2,1,3,100,4,9,21,211008549,0.85,2,2
"sub.934",-232.204916423314,-232.204916423314,1,1,1,2,1,1,1,2,100,4,10,21,2110085410,0.85,2,2
"sub.1034",-240.28946769013,-239.188564527077,1,2,4,3,1,2,3,2,100,4,11,21,2110085411,0.85,2,2
"sub.1147",-244.17897987345,-244.17897987345,2,1,1,1,2,1,1,1,100,4,12,21,2110085412,0.85,2,2
"sub.1236",-256.284347579824,-256.284347579824,1,2,2,3,1,2,2,3,100,4,13,21,2110085413,0.85,2,2
"sub.1334",-223.565572911068,-223.565572911068,1,1,1,1,1,1,1,1,100,4,14,21,2110085414,0.85,2,2
"sub.1434",-249.334120450241,-247.625917627189,3,2,3,1,4,2,3,1,100,4,15,21,2110085415,0.85,2,2
"sub.1534",-238.198061935468,-238.198061935468,2,2,3,1,2,2,3,1,100,4,16,21,2110085416,0.85,2,2
"sub.1634",-252.13121426852,-249.135165827169,2,2,1,2,2,3,1,3,100,4,17,21,2110085417,0.85,2,2
"sub.1734",-245.638123581686,-245.638123581686,2,1,2,2,2,1,2,2,100,4,18,21,2110085418,0.85,2,2
"sub.1834",-250.814743675907,-250.814743675907,3,2,3,1,3,2,3,1,100,4,19,21,2110085419,0.85,2,2
"sub.1934",-242.069023182335,-242.069023182335,2,2,1,1,2,2,1,1,100,4,20,21,2110085420,0.85,2,2
"sub35",-233.828337703781,-233.828337703781,1,2,3,2,1,2,3,2,100,4,1,3,31008541,0.85,2,2
"sub.1148",-245.093406825317,-245.093406825317,1,2,1,2,1,2,1,2,100,4,2,3,31008542,0.85,2,2
"sub.235",-232.102579571236,-232.102579571236,2,3,1,4,2,3,1,4,100,4,3,3,31008543,0.85,2,2
"sub.335",-219.522982775284,-219.522982775284,1,1,1,1,1,1,1,1,100,4,4,3,31008544,0.85,2,2
"sub.435",-239.317059620265,-239.317059620265,1,1,2,3,1,1,2,3,100,4,5,3,31008545,0.85,2,2
"sub.535",-248.149013928137,-246.97361780619,3,4,1,2,2,3,1,1,100,4,6,3,31008546,0.85,2,2
"sub.635",-265.949116010507,-265.949116010507,2,2,1,1,2,2,1,1,100,4,7,3,31008547,0.85,2,2
"sub.735",-232.177115303067,-232.177115303067,2,2,1,1,2,2,1,1,100,4,8,3,31008548,0.85,2,2
"sub.835",-225.70981425751,-225.70981425751,1,1,1,1,1,1,1,1,100,4,9,3,31008549,0.85,2,2
"sub.935",-245.105358907434,-245.105358907434,2,3,2,1,2,3,2,1,100,4,10,3,310085410,0.85,2,2
"sub.1035",-233.021213783718,-233.021213783718,1,1,1,1,1,1,1,1,100,4,11,3,310085411,0.85,2,2
"sub.1149",-225.346768854589,-225.346768854589,1,2,2,1,1,2,2,1,100,4,12,3,310085412,0.85,2,2
"sub.1237",-225.70981425751,-225.70981425751,1,1,1,1,1,1,1,1,100,4,13,3,310085413,0.85,2,2
"sub.1335",-242.164498700352,-242.164498700352,1,2,2,2,1,2,2,2,100,4,14,3,310085414,0.85,2,2
"sub.1435",-254.677401041581,-254.677401041581,1,2,2,3,1,2,2,3,100,4,15,3,310085415,0.85,2,2
"sub.1535",-230.131242228884,-230.131242228884,1,1,1,2,1,1,1,2,100,4,16,3,310085416,0.85,2,2
"sub.1635",-240.057558740443,-240.057558740443,3,3,1,2,3,3,1,2,100,4,17,3,310085417,0.85,2,2
"sub.1735",-242.339368775635,-242.339368775635,2,1,1,3,2,1,1,3,100,4,18,3,310085418,0.85,2,2
"sub.1835",-218.852538220665,-218.852538220665,1,1,1,2,1,1,1,2,100,4,19,3,310085419,0.85,2,2
"sub.1935",-254.545548910476,-254.545548910476,1,3,2,2,1,3,2,2,100,4,20,3,310085420,0.85,2,2
"sub36",-237.984968265561,-237.984968265561,3,1,2,2,3,1,2,2,100,4,1,4,41008541,0.85,4,1
"sub.1150",-233.544806441119,-233.544806441119,1,1,1,2,1,1,1,2,100,4,2,4,41008542,0.85,4,1
"sub.236",-251.547775209574,-251.104397156913,2,1,1,3,3,1,2,4,100,4,3,4,41008543,0.85,4,1
"sub.336",-238.156328666328,-238.156328666328,1,2,3,2,1,2,3,2,100,4,4,4,41008544,0.85,4,1
"sub.436",-227.577124570658,-227.577124570658,1,1,2,1,1,1,2,1,100,4,5,4,41008545,0.85,4,1
"sub.536",-229.50477619065,-229.50477619065,1,2,1,1,1,2,1,1,100,4,6,4,41008546,0.85,4,1
"sub.636",-243.951540787838,-243.951540787838,1,2,1,3,1,2,1,3,100,4,7,4,41008547,0.85,4,1
"sub.736",-232.230079939766,-232.230079939766,4,2,1,3,4,2,1,3,100,4,8,4,41008548,0.85,4,1
"sub.836",-250.219131071811,-250.219131071811,2,2,1,1,2,2,1,1,100,4,9,4,41008549,0.85,4,1
"sub.936",-244.058101184761,-244.058101184761,3,3,2,1,3,3,2,1,100,4,10,4,410085410,0.85,4,1
"sub.1036",-242.534436778555,-242.534436778555,2,3,1,3,2,3,1,3,100,4,11,4,410085411,0.85,4,1
"sub.1151",-244.250767669623,-244.250767669623,2,2,3,1,2,2,3,1,100,4,12,4,410085412,0.85,4,1
"sub.1238",-236.890507551429,-236.890507551429,2,2,2,1,2,2,2,1,100,4,13,4,410085413,0.85,4,1
"sub.1336",-251.426712045689,-251.426712045689,2,1,2,3,2,1,2,3,100,4,14,4,410085414,0.85,4,1
"sub.1436",-249.834644460363,-249.834644460363,1,2,1,3,1,2,1,3,100,4,15,4,410085415,0.85,4,1
"sub.1536",-245.768579025374,-245.768579025374,1,2,2,3,1,2,2,3,100,4,16,4,410085416,0.85,4,1
"sub.1636",-252.541523126383,-252.541523126383,2,3,1,3,2,3,1,3,100,4,17,4,410085417,0.85,4,1
"sub.1736",-234.120447913013,-234.120447913013,2,2,3,1,2,2,3,1,100,4,18,4,410085418,0.85,4,1
"sub.1836",-239.995006738831,-239.995006738831,2,1,1,3,2,1,1,3,100,4,19,4,410085419,0.85,4,1
"sub.1936",-249.708285160399,-249.708285160399,2,2,1,2,2,2,1,2,100,4,20,4,410085420,0.85,4,1
"sub37",-224.333657362429,-224.333657362429,1,2,1,1,1,2,1,1,100,4,1,5,51008541,0.85,3,2
"sub.1152",-242.653404955282,-242.653404955282,1,1,2,2,1,1,2,2,100,4,2,5,51008542,0.85,3,2
"sub.237",-237.015862457403,-237.015862457403,2,1,2,1,2,1,2,1,100,4,3,5,51008543,0.85,3,2
"sub.337",-217.818079172282,-217.818079172282,1,1,1,1,1,1,1,1,100,4,4,5,51008544,0.85,3,2
"sub.437",-241.244616669614,-241.244616669614,4,1,2,3,4,1,2,3,100,4,5,5,51008545,0.85,3,2
"sub.537",-233.788829434119,-233.788829434119,2,3,1,2,2,3,1,2,100,4,6,5,51008546,0.85,3,2
"sub.637",-239.142471874966,-238.706599548121,3,2,3,1,4,2,3,1,100,4,7,5,51008547,0.85,3,2
"sub.737",-248.777943644841,-248.777943644841,3,2,3,1,3,2,3,1,100,4,8,5,51008548,0.85,3,2
"sub.837",-233.356858963469,-233.356858963469,1,2,2,2,1,2,2,2,100,4,9,5,51008549,0.85,3,2
"sub.937",-251.152618224645,-251.152618224645,3,1,3,2,3,1,3,2,100,4,10,5,510085410,0.85,3,2
"sub.1037",-231.12049553032,-231.12049553032,1,2,3,3,1,2,3,3,100,4,11,5,510085411,0.85,3,2
"sub.1153",-234.623894403879,-234.623894403879,3,1,2,1,3,1,2,1,100,4,12,5,510085412,0.85,3,2
"sub.1239",-231.675700470383,-231.675700470383,2,2,1,1,2,2,1,1,100,4,13,5,510085413,0.85,3,2
"sub.1337",-235.697096218918,-235.697096218918,2,1,2,2,2,1,2,2,100,4,14,5,510085414,0.85,3,2
"sub.1437",-245.663691986607,-245.663691986607,1,3,1,2,1,3,1,2,100,4,15,5,510085415,0.85,3,2
"sub.1537",-210.559127016834,-210.559127016834,1,1,1,1,1,1,1,1,100,4,16,5,510085416,0.85,3,2
"sub.1637",-242.847525760045,-242.847525760045,3,2,1,4,3,2,1,4,100,4,17,5,510085417,0.85,3,2
"sub.1737",-241.961155719635,-241.961155719635,1,3,1,2,1,3,1,2,100,4,18,5,510085418,0.85,3,2
"sub.1837",-229.217040088466,-229.217040088466,2,1,1,2,2,1,1,2,100,4,19,5,510085419,0.85,3,2
"sub.1937",-244.187417773179,-244.187417773179,1,1,1,2,1,1,1,2,100,4,20,5,510085420,0.85,3,2
"sub38",-232.174978187195,-232.174978187195,2,1,2,3,2,1,2,3,100,4,1,6,61008541,0.85,4,1
"sub.1154",-234.867115202301,-234.867115202301,1,1,1,1,1,1,1,1,100,4,2,6,61008542,0.85,4,1
"sub.238",-256.705289732746,-256.705289732746,2,4,1,3,2,4,1,3,100,4,3,6,61008543,0.85,4,1
"sub.338",-255.419221752855,-255.419221752855,1,1,2,3,1,1,2,3,100,4,4,6,61008544,0.85,4,1
"sub.438",-244.799417885006,-244.799417885006,3,1,2,3,3,1,2,3,100,4,5,6,61008545,0.85,4,1
"sub.538",-242.505265636417,-242.505265636417,4,1,3,2,4,1,3,2,100,4,6,6,61008546,0.85,4,1
"sub.638",-257.650534332163,-257.650534332163,2,3,1,1,2,3,1,1,100,4,7,6,61008547,0.85,4,1
"sub.738",-222.711293966692,-222.711293966692,1,2,1,1,1,2,1,1,100,4,8,6,61008548,0.85,4,1
"sub.838",-226.149152000951,-226.149152000951,1,1,1,1,1,1,1,1,100,4,9,6,61008549,0.85,4,1
"sub.938",-221.312244992111,-221.312244992111,2,1,1,3,2,1,1,3,100,4,10,6,610085410,0.85,4,1
"sub.1038",-240.956626103419,-240.073543686516,2,1,1,2,3,1,2,3,100,4,11,6,610085411,0.85,4,1
"sub.1155",-216.11317556928,-216.11317556928,1,1,1,1,1,1,1,1,100,4,12,6,610085412,0.85,4,1
"sub.1240",-239.871976763501,-239.871976763501,1,1,2,3,1,1,2,3,100,4,13,6,610085413,0.85,4,1
"sub.1338",-251.865736171082,-251.865736171082,2,1,2,3,2,1,2,3,100,4,14,6,610085414,0.85,4,1
"sub.1438",-243.705779030207,-243.705779030207,1,2,1,3,1,2,1,3,100,4,15,6,610085415,0.85,4,1
"sub.1538",-229.558959206955,-229.558959206955,1,1,1,1,1,1,1,1,100,4,16,6,610085416,0.85,4,1
"sub.1638",-246.543112599655,-246.374765937576,2,3,1,2,3,4,1,2,100,4,17,6,610085417,0.85,4,1
"sub.1738",-237.272627112015,-237.272627112015,1,2,2,2,1,2,2,2,100,4,18,6,610085418,0.85,4,1
"sub.1838",-229.625655013621,-229.625655013621,2,3,1,3,2,3,1,3,100,4,19,6,610085419,0.85,4,1
"sub.1938",-235.700473767937,-235.700473767937,2,2,3,1,2,2,3,1,100,4,20,6,610085420,0.85,4,1
"sub39",-219.421491904318,-219.421491904318,2,2,1,2,2,2,1,2,100,4,1,7,71008541,0.85,2,2
"sub.1156",-239.842906394681,-239.842906394681,2,3,1,1,2,3,1,1,100,4,2,7,71008542,0.85,2,2
"sub.239",-235.306452945741,-235.306452945741,1,1,1,1,1,1,1,1,100,4,3,7,71008543,0.85,2,2
"sub.339",-239.72540104825,-239.72540104825,1,3,2,1,1,3,2,1,100,4,4,7,71008544,0.85,2,2
"sub.439",-230.454849704884,-230.454849704884,2,2,1,2,2,2,1,2,100,4,5,7,71008545,0.85,2,2
"sub.539",-205.637861394169,-205.637861394169,1,1,1,1,1,1,1,1,100,4,6,7,71008546,0.85,2,2
"sub.639",-245.565779441675,-245.565779441675,3,2,4,1,3,2,4,1,100,4,7,7,71008547,0.85,2,2
"sub.739",-227.778760077559,-227.778760077559,1,2,3,1,1,2,3,1,100,4,8,7,71008548,0.85,2,2
"sub.839",-240.974380489885,-240.974380489885,3,1,2,3,3,1,2,3,100,4,9,7,71008549,0.85,2,2
"sub.939",-253.164328466699,-249.813470733395,1,2,3,4,1,3,2,4,100,4,10,7,710085410,0.85,2,2
"sub.1039",-233.488513133129,-233.488513133129,2,1,1,2,2,1,1,2,100,4,11,7,710085411,0.85,2,2
"sub.1157",-242.331042129368,-242.331042129368,1,2,2,1,1,2,2,1,100,4,12,7,710085412,0.85,2,2
"sub.1241",-248.348263261089,-248.348263261089,4,2,1,3,4,2,1,3,100,4,13,7,710085413,0.85,2,2
"sub.1339",-228.444020480172,-228.444020480172,2,1,2,2,2,1,2,2,100,4,14,7,710085414,0.85,2,2
"sub.1439",-247.188428242975,-247.188428242975,1,2,3,3,1,2,3,3,100,4,15,7,710085415,0.85,2,2
"sub.1539",-241.795297721707,-241.795297721707,1,2,1,2,1,2,1,2,100,4,16,7,710085416,0.85,2,2
"sub.1639",-228.486838533733,-228.486838533733,1,1,1,1,1,1,1,1,100,4,17,7,710085417,0.85,2,2
"sub.1739",-229.951246976481,-229.951246976481,1,2,2,2,1,2,2,2,100,4,18,7,710085418,0.85,2,2
"sub.1839",-245.430016622714,-245.430016622714,2,4,1,3,2,4,1,3,100,4,19,7,710085419,0.85,2,2
"sub.1939",-247.740404152531,-247.740404152531,1,3,1,2,1,3,1,2,100,4,20,7,710085420,0.85,2,2
"sub40",-231.006319723041,-231.006319723041,2,2,2,1,2,2,2,1,100,4,1,8,81008541,0.85,2,2
"sub.1158",-240.191185959632,-240.191185959632,1,3,2,2,1,3,2,2,100,4,2,8,81008542,0.85,2,2
"sub.240",-238.703036010665,-238.703036010665,1,2,3,1,1,2,3,1,100,4,3,8,81008543,0.85,2,2
"sub.340",-233.262507297367,-233.262507297367,1,1,2,2,1,1,2,2,100,4,4,8,81008544,0.85,2,2
"sub.440",-235.578682789229,-235.578682789229,1,2,1,1,1,2,1,1,100,4,5,8,81008545,0.85,2,2
"sub.540",-235.795167334289,-235.795167334289,2,3,1,4,2,3,1,4,100,4,6,8,81008546,0.85,2,2
"sub.640",-244.971810229555,-244.971810229555,2,1,3,1,2,1,3,1,100,4,7,8,81008547,0.85,2,2
"sub.740",-236.560442504331,-236.560442504331,2,2,1,2,2,2,1,2,100,4,8,8,81008548,0.85,2,2
"sub.840",-242.582584519524,-242.582584519524,1,3,2,2,1,3,2,2,100,4,9,8,81008549,0.85,2,2
"sub.940",-232.008799079861,-232.008799079861,2,1,2,3,2,1,2,3,100,4,10,8,810085410,0.85,2,2
"sub.1040",-238.067932695642,-238.067932695642,1,2,1,2,1,2,1,2,100,4,11,8,810085411,0.85,2,2
"sub.1159",-244.69374165081,-244.69374165081,1,3,2,4,1,3,2,4,100,4,12,8,810085412,0.85,2,2
"sub.1242",-250.829637762373,-250.829637762373,3,2,1,4,3,2,1,4,100,4,13,8,810085413,0.85,2,2
"sub.1340",-232.529428669518,-232.529428669518,1,1,1,1,1,1,1,1,100,4,14,8,810085414,0.85,2,2
"sub.1440",-236.259108752328,-236.259108752328,1,1,2,2,1,1,2,2,100,4,15,8,810085415,0.85,2,2
"sub.1540",-249.649641247261,-249.649641247261,1,3,2,4,1,3,2,4,100,4,16,8,810085416,0.85,2,2
"sub.1640",-239.531423719878,-239.531423719878,1,2,3,2,1,2,3,2,100,4,17,8,810085417,0.85,2,2
"sub.1740",-255.801763890259,-255.801763890259,1,1,1,2,1,1,1,2,100,4,18,8,810085418,0.85,2,2
"sub.1840",-243.699896340071,-243.699896340071,3,2,1,2,3,2,1,2,100,4,19,8,810085419,0.85,2,2
"sub.1940",-243.498630744084,-243.498630744084,2,3,1,3,2,3,1,3,100,4,20,8,810085420,0.85,2,2
"sub41",-241.76365950194,-241.76365950194,1,2,1,2,1,2,1,2,100,4,1,9,91008541,0.85,3,2
"sub.1160",-213.529596479397,-213.529596479397,1,1,1,1,1,1,1,1,100,4,2,9,91008542,0.85,3,2
"sub.241",-237.956724027079,-237.956724027079,1,2,1,1,1,2,1,1,100,4,3,9,91008543,0.85,3,2
"sub.341",-245.049662139006,-245.049662139006,2,3,4,1,2,3,4,1,100,4,4,9,91008544,0.85,3,2
"sub.441",-250.612750612101,-250.612750612101,3,1,2,4,3,1,2,4,100,4,5,9,91008545,0.85,3,2
"sub.541",-239.449564694197,-239.449564694197,1,1,2,2,1,1,2,2,100,4,6,9,91008546,0.85,3,2
"sub.641",-237.009084333528,-237.009084333528,2,2,1,2,2,2,1,2,100,4,7,9,91008547,0.85,3,2
"sub.741",-243.089455200806,-241.228206791188,1,3,3,2,1,2,2,1,100,4,8,9,91008548,0.85,3,2
"sub.841",-244.339097307172,-244.339097307172,3,4,1,2,3,4,1,2,100,4,9,9,91008549,0.85,3,2
"sub.941",-232.474350571467,-232.474350571467,2,2,1,2,2,2,1,2,100,4,10,9,910085410,0.85,3,2
"sub.1041",-239.82515957174,-239.82515957174,1,1,2,3,1,1,2,3,100,4,11,9,910085411,0.85,3,2
"sub.1161",-246.899253217582,-246.899253217582,2,1,1,1,2,1,1,1,100,4,12,9,910085412,0.85,3,2
"sub.1243",-229.346208277751,-229.346208277751,1,1,1,2,1,1,1,2,100,4,13,9,910085413,0.85,3,2
"sub.1341",-241.032632339899,-241.032632339899,2,3,4,1,2,3,4,1,100,4,14,9,910085414,0.85,3,2
"sub.1441",-233.408104156399,-233.408104156399,1,1,1,1,1,1,1,1,100,4,15,9,910085415,0.85,3,2
"sub.1541",-233.679710195066,-233.679710195066,1,2,3,1,1,2,3,1,100,4,16,9,910085416,0.85,3,2
"sub.1641",-225.574775797839,-225.574775797839,2,1,1,1,2,1,1,1,100,4,17,9,910085417,0.85,3,2
"sub.1741",-222.033971011023,-222.033971011023,2,2,2,1,2,2,2,1,100,4,18,9,910085418,0.85,3,2
"sub.1841",-229.833291169867,-229.833291169867,2,2,1,2,2,2,1,2,100,4,19,9,910085419,0.85,3,2
"sub.1941",-247.094384940619,-247.094384940619,1,2,3,1,1,2,3,1,100,4,20,9,910085420,0.85,3,2
"sub42",-171.169502963779,-171.169502963779,1,1,2,2,1,1,2,2,100,4,1,1,11009541,0.95,3,2
"sub.1162",-141.40627096619,-141.40627096619,1,1,1,1,1,1,1,1,100,4,2,1,11009542,0.95,3,2
"sub.242",-136.898154861991,-136.898154861991,1,1,1,1,1,1,1,1,100,4,3,1,11009543,0.95,3,2
"sub.342",-160.291174625038,-160.291174625038,1,2,1,2,1,2,1,2,100,4,4,1,11009544,0.95,3,2
"sub.442",-175.958397821053,-175.958397821053,1,2,3,3,1,2,3,3,100,4,5,1,11009545,0.95,3,2
"sub.542",-175.019994569061,-175.019994569061,1,1,1,2,1,1,1,2,100,4,6,1,11009546,0.95,3,2
"sub.642",-170.972465577676,-170.972465577676,2,2,1,2,2,2,1,2,100,4,7,1,11009547,0.95,3,2
"sub.742",-174.731195128124,-174.731195128124,1,2,1,2,1,2,1,2,100,4,8,1,11009548,0.95,3,2
"sub.842",-193.263787556232,-193.263787556232,1,4,2,3,1,4,2,3,100,4,9,1,11009549,0.95,3,2
"sub.942",-182.617259034768,-182.617259034768,1,2,2,3,1,2,2,3,100,4,10,1,110095410,0.95,3,2
"sub.1042",-161.234204984319,-161.234204984319,1,2,1,1,1,2,1,1,100,4,11,1,110095411,0.95,3,2
"sub.1163",-184.595326780446,-184.595326780446,1,2,3,2,1,2,3,2,100,4,12,1,110095412,0.95,3,2
"sub.1244",-167.469967656367,-167.469967656367,2,2,1,2,2,2,1,2,100,4,13,1,110095413,0.95,3,2
"sub.1342",-210.425641676185,-210.425641676185,1,2,3,4,1,2,3,4,100,4,14,1,110095414,0.95,3,2
"sub.1442",-183.966575245635,-183.966575245635,2,1,3,2,2,1,3,2,100,4,15,1,110095415,0.95,3,2
"sub.1542",-205.292232674193,-205.292232674193,4,2,1,3,4,2,1,3,100,4,16,1,110095416,0.95,3,2
"sub.1642",-201.362933040368,-201.362933040368,1,4,2,3,1,4,2,3,100,4,17,1,110095417,0.95,3,2
"sub.1742",-222.873356160132,-222.873356160132,1,3,2,4,1,3,2,4,100,4,18,1,110095418,0.95,3,2
"sub.1842",-176.067658333746,-176.067658333746,2,2,1,2,2,2,1,2,100,4,19,1,110095419,0.95,3,2
"sub.1942",-182.294402419253,-182.294402419253,3,2,1,3,3,2,1,3,100,4,20,1,110095420,0.95,3,2
"sub43",-196.449593754724,-196.449593754724,1,2,1,2,1,2,1,2,100,4,1,10,101009541,0.95,4,1
"sub.1164",-176.159588802577,-176.159588802577,2,1,2,2,2,1,2,2,100,4,2,10,101009542,0.95,4,1
"sub.243",-181.765912443163,-181.765912443163,2,1,1,2,2,1,1,2,100,4,3,10,101009543,0.95,4,1
"sub.343",-149.917702590476,-149.917702590476,1,2,2,2,1,2,2,2,100,4,4,10,101009544,0.95,4,1
"sub.443",-159.056353360217,-159.056353360217,1,1,1,1,1,1,1,1,100,4,5,10,101009545,0.95,4,1
"sub.543",-170.009908755547,-170.009908755547,1,1,2,2,1,1,2,2,100,4,6,10,101009546,0.95,4,1
"sub.643",-133.268852116082,-133.268852116082,1,1,1,1,1,1,1,1,100,4,7,10,101009547,0.95,4,1
"sub.743",-184.015843093825,-184.015843093825,1,1,2,2,1,1,2,2,100,4,8,10,101009548,0.95,4,1
"sub.843",-181.923447809338,-181.923447809338,1,2,1,1,1,2,1,1,100,4,9,10,101009549,0.95,4,1
"sub.943",-159.056353360217,-159.056353360217,1,1,1,1,1,1,1,1,100,4,10,10,1010095410,0.95,4,1
"sub.1043",-162.067766485058,-162.067766485058,2,2,1,1,2,2,1,1,100,4,11,10,1010095411,0.95,4,1
"sub.1165",-145.0355737121,-145.0355737121,1,1,1,1,1,1,1,1,100,4,12,10,1010095412,0.95,4,1
"sub.1245",-190.677257299863,-190.677257299863,3,3,1,2,3,3,1,2,100,4,13,10,1010095413,0.95,4,1
"sub.1343",-178.685379230352,-178.685379230352,1,2,1,1,1,2,1,1,100,4,14,10,1010095414,0.95,4,1
"sub.1443",-193.783411744837,-193.783411744837,2,3,1,3,2,3,1,3,100,4,15,10,1010095415,0.95,4,1
"sub.1543",-150.215939519378,-150.215939519378,1,2,2,2,1,2,2,2,100,4,16,10,1010095416,0.95,4,1
"sub.1643",-180.385523320841,-180.385523320841,1,2,3,2,1,2,3,2,100,4,17,10,1010095417,0.95,4,1
"sub.1743",-210.13590080658,-210.13590080658,2,3,1,3,2,3,1,3,100,4,18,10,1010095418,0.95,4,1
"sub.1843",-199.951943857165,-199.951943857165,1,1,2,3,1,1,2,3,100,4,19,10,1010095419,0.95,4,1
"sub.1943",-154.739428267402,-154.739428267402,1,1,1,1,1,1,1,1,100,4,20,10,1010095420,0.95,4,1
"sub44",-211.338654143792,-211.338654143792,2,1,3,4,2,1,3,4,100,4,1,11,111009541,0.95,3,2
"sub.1166",-167.441682258148,-167.441682258148,1,1,1,2,1,1,1,2,100,4,2,11,111009542,0.95,3,2
"sub.244",-197.178149986283,-197.178149986283,1,3,2,2,1,3,2,2,100,4,3,11,111009543,0.95,3,2
"sub.344",-167.574914745829,-167.574914745829,1,1,2,1,1,1,2,1,100,4,4,11,111009544,0.95,3,2
"sub.444",-164.695007272083,-164.695007272083,2,2,2,1,2,2,2,1,100,4,5,11,111009545,0.95,3,2
"sub.544",-160.296676565648,-160.296676565648,2,2,1,1,2,2,1,1,100,4,6,11,111009546,0.95,3,2
"sub.644",-173.113900484762,-173.113900484762,1,2,3,3,1,2,3,3,100,4,7,11,111009547,0.95,3,2
"sub.744",-196.407796375054,-196.407796375054,3,2,1,2,3,2,1,2,100,4,8,11,111009548,0.95,3,2
"sub.844",-208.868294974819,-208.868294974819,1,2,3,4,1,2,3,4,100,4,9,11,111009549,0.95,3,2
"sub.944",-173.110622516951,-173.110622516951,2,1,2,2,2,1,2,2,100,4,10,11,1110095410,0.95,3,2
"sub.1044",-199.416040496331,-199.416040496331,2,1,2,1,2,1,2,1,100,4,11,11,1110095411,0.95,3,2
"sub.1167",-192.330450701417,-192.330450701417,1,3,2,1,1,3,2,1,100,4,12,11,1110095412,0.95,3,2
"sub.1246",-201.997491838251,-201.997491838251,3,2,1,1,3,2,1,1,100,4,13,11,1110095413,0.95,3,2
"sub.1344",-172.735929167157,-172.735929167157,1,2,1,2,1,2,1,2,100,4,14,11,1110095414,0.95,3,2
"sub.1444",-193.265385959992,-193.265385959992,3,1,2,3,3,1,2,3,100,4,15,11,1110095415,0.95,3,2
"sub.1544",-188.900528627856,-188.900528627856,2,2,1,1,2,2,1,1,100,4,16,11,1110095416,0.95,3,2
"sub.1644",-193.28673682202,-193.28673682202,3,1,1,2,3,1,1,2,100,4,17,11,1110095417,0.95,3,2
"sub.1744",-186.35188919847,-186.35188919847,1,3,2,1,1,3,2,1,100,4,18,11,1110095418,0.95,3,2
"sub.1844",-164.939714158226,-164.939714158226,1,1,1,1,1,1,1,1,100,4,19,11,1110095419,0.95,3,2
"sub.1944",-200.988023752598,-200.988023752598,1,2,3,2,1,2,3,2,100,4,20,11,1110095420,0.95,3,2
"sub45",-129.639549370172,-129.639549370172,1,1,1,1,1,1,1,1,100,4,1,12,121009541,0.95,3,2
"sub.1168",-182.248463493448,-182.248463493448,1,1,1,2,1,1,1,2,100,4,2,12,121009542,0.95,3,2
"sub.245",-204.078528222487,-204.078528222487,3,4,1,2,3,4,1,2,100,4,3,12,121009543,0.95,3,2
"sub.345",-169.509315795244,-169.509315795244,2,2,1,1,2,2,1,1,100,4,4,12,121009544,0.95,3,2
"sub.445",-181.539372792135,-181.539372792135,1,2,2,3,1,2,2,3,100,4,5,12,121009545,0.95,3,2
"sub.545",-170.25887537748,-170.25887537748,1,2,1,1,1,2,1,1,100,4,6,12,121009546,0.95,3,2
"sub.645",-193.811395620562,-193.811395620562,1,2,3,4,1,2,3,4,100,4,7,12,121009547,0.95,3,2
"sub.745",-175.901593941949,-175.901593941949,1,1,1,2,1,1,1,2,100,4,8,12,121009548,0.95,3,2
"sub.845",-188.226189960451,-188.226189960451,2,1,1,3,2,1,1,3,100,4,9,12,121009549,0.95,3,2
"sub.945",-185.843636801268,-185.843636801268,1,3,2,1,1,3,2,1,100,4,10,12,1210095410,0.95,3,2
"sub.1045",-221.347254728769,-221.347254728769,3,1,2,4,3,1,2,4,100,4,11,12,1210095411,0.95,3,2
"sub.1169",-189.693052054456,-189.693052054456,2,3,3,1,2,3,3,1,100,4,12,12,1210095412,0.95,3,2
"sub.1247",-184.448387081769,-184.448387081769,2,1,3,2,2,1,3,2,100,4,13,12,1210095413,0.95,3,2
"sub.1345",-176.772663509472,-176.772663509472,1,3,2,1,1,3,2,1,100,4,14,12,1210095414,0.95,3,2
"sub.1445",-139.839835260996,-139.839835260996,1,1,1,1,1,1,1,1,100,4,15,12,1210095415,0.95,3,2
"sub.1545",-153.860614909113,-153.860614909113,1,1,1,1,1,1,1,1,100,4,16,12,1210095416,0.95,3,2
"sub.1645",-214.838831909146,-214.838831909146,2,3,2,1,2,3,2,1,100,4,17,12,1210095417,0.95,3,2
"sub.1745",-180.603567264626,-180.603567264626,2,2,1,1,2,2,1,1,100,4,18,12,1210095418,0.95,3,2
"sub.1845",-185.748856125026,-185.748856125026,3,1,2,1,3,1,2,1,100,4,19,12,1210095419,0.95,3,2
"sub.1945",-180.871986805847,-180.871986805847,2,2,1,1,2,2,1,1,100,4,20,12,1210095420,0.95,3,2
"sub46",-184.793964872978,-184.793964872978,2,3,1,2,2,3,1,2,100,4,1,13,131009541,0.95,3,2
"sub.1170",-167.267638055497,-167.267638055497,2,1,2,1,2,1,2,1,100,4,2,13,131009542,0.95,3,2
"sub.246",-180.969071085658,-180.969071085658,2,2,1,2,2,2,1,2,100,4,3,13,131009543,0.95,3,2
"sub.346",-181.285244626812,-181.285244626812,1,2,3,3,1,2,3,3,100,4,4,13,131009544,0.95,3,2
"sub.446",-192.888373842516,-192.888373842516,2,1,2,3,2,1,2,3,100,4,5,13,131009545,0.95,3,2
"sub.546",-165.491046195477,-165.491046195477,1,2,2,1,1,2,2,1,100,4,6,13,131009546,0.95,3,2
"sub.646",-197.436723495416,-197.436723495416,1,2,1,3,1,2,1,3,100,4,7,13,131009547,0.95,3,2
"sub.746",-199.490223125525,-199.490223125525,2,1,1,3,2,1,1,3,100,4,8,13,131009548,0.95,3,2
"sub.846",-178.901928585322,-178.901928585322,1,1,1,2,1,1,1,2,100,4,9,13,131009549,0.95,3,2
"sub.946",-161.779017205296,-161.779017205296,1,2,1,1,1,2,1,1,100,4,10,13,1310095410,0.95,3,2
"sub.1046",-181.918850196222,-181.918850196222,2,1,1,1,2,1,1,1,100,4,11,13,1310095411,0.95,3,2
"sub.1171",-172.994643332677,-172.994643332677,1,1,2,1,1,1,2,1,100,4,12,13,1310095412,0.95,3,2
"sub.1248",-173.000296725936,-173.000296725936,2,1,1,1,2,1,1,1,100,4,13,13,1310095413,0.95,3,2
"sub.1346",-136.898154861991,-136.898154861991,1,1,1,1,1,1,1,1,100,4,14,13,1310095414,0.95,3,2
"sub.1446",-169.396291776777,-169.396291776777,1,1,1,2,1,1,1,2,100,4,15,13,1310095415,0.95,3,2
"sub.1546",-160.086255375617,-160.086255375617,1,2,1,2,1,2,1,2,100,4,16,13,1310095416,0.95,3,2
"sub.1646",-189.111563535246,-189.111563535246,1,3,1,2,1,3,1,2,100,4,17,13,1310095417,0.95,3,2
"sub.1746",-200.012432532299,-200.012432532299,3,2,2,1,3,2,2,1,100,4,18,13,1310095418,0.95,3,2
"sub.1846",-168.715303367054,-168.715303367054,2,1,3,2,2,1,3,2,100,4,19,13,1310095419,0.95,3,2
"sub.1946",-161.583474289285,-161.583474289285,1,2,1,1,1,2,1,1,100,4,20,13,1310095420,0.95,3,2
"sub47",-163.825305849663,-163.825305849663,1,3,1,2,1,3,1,2,100,4,1,14,141009541,0.95,4,1
"sub.1172",-206.009878291419,-206.009878291419,3,2,1,4,3,2,1,4,100,4,2,14,141009542,0.95,4,1
"sub.247",-185.29377524265,-185.29377524265,3,2,1,3,3,2,1,3,100,4,3,14,141009543,0.95,4,1
"sub.347",-153.35296924546,-153.35296924546,1,2,2,1,1,2,2,1,100,4,4,14,141009544,0.95,4,1
"sub.447",-189.487453994581,-189.487453994581,1,2,3,1,1,2,3,1,100,4,5,14,141009545,0.95,4,1
"sub.547",-191.953448252294,-191.953448252294,3,1,2,2,3,1,2,2,100,4,6,14,141009546,0.95,4,1
"sub.647",-196.418278256143,-196.418278256143,2,2,3,1,2,2,3,1,100,4,7,14,141009547,0.95,4,1
"sub.747",-159.005726910201,-159.005726910201,2,2,2,1,2,2,2,1,100,4,8,14,141009548,0.95,4,1
"sub.847",-179.189155910983,-179.189155910983,1,1,2,2,1,1,2,2,100,4,9,14,141009549,0.95,4,1
"sub.947",-188.023902007912,-188.023902007912,2,1,1,1,2,1,1,1,100,4,10,14,1410095410,0.95,4,1
"sub.1047",-205.216005978918,-205.216005978918,4,2,1,3,4,2,1,3,100,4,11,14,1410095411,0.95,4,1
"sub.1173",-181.585626807177,-181.585626807177,1,1,1,2,1,1,1,2,100,4,12,14,1410095412,0.95,4,1
"sub.1249",-199.036841312,-199.036841312,2,3,2,1,2,3,2,1,100,4,13,14,1410095413,0.95,4,1
"sub.1347",-166.814900094073,-166.814900094073,2,2,1,2,2,2,1,2,100,4,14,14,1410095414,0.95,4,1
"sub.1447",-170.526821988958,-170.526821988958,2,2,2,1,2,2,2,1,100,4,15,14,1410095415,0.95,4,1
"sub.1547",-176.91748158266,-176.91748158266,2,1,1,1,2,1,1,1,100,4,16,14,1410095416,0.95,4,1
"sub.1647",-189.28040140651,-189.28040140651,1,2,1,1,1,2,1,1,100,4,17,14,1410095417,0.95,4,1
"sub.1747",-173.965994858147,-173.965994858147,1,2,3,3,1,2,3,3,100,4,18,14,1410095418,0.95,4,1
"sub.1847",-194.824330327764,-194.824330327764,4,2,3,1,4,2,3,1,100,4,19,14,1410095419,0.95,4,1
"sub.1947",-197.130855739434,-197.130855739434,3,2,1,4,3,2,1,4,100,4,20,14,1410095420,0.95,4,1
"sub48",-175.907039624795,-175.907039624795,1,2,2,1,1,2,2,1,100,4,1,15,151009541,0.95,2,3
"sub.1174",-150.918934510109,-150.918934510109,1,1,1,1,1,1,1,1,100,4,2,15,151009542,0.95,2,3
"sub.248",-188.598046267841,-188.598046267841,2,1,1,3,2,1,1,3,100,4,3,15,151009543,0.95,2,3
"sub.348",-174.021700414053,-174.021700414053,2,2,1,2,2,2,1,2,100,4,4,15,151009544,0.95,2,3
"sub.448",-187.452622122379,-187.452622122379,1,2,1,2,1,2,1,2,100,4,5,15,151009545,0.95,2,3
"sub.548",-156.202132479268,-156.202132479268,2,1,2,2,2,1,2,2,100,4,6,15,151009546,0.95,2,3
"sub.648",-183.992822558122,-183.992822558122,1,1,3,2,1,1,3,2,100,4,7,15,151009547,0.95,2,3
"sub.748",-144.347951365195,-144.347951365195,1,1,1,1,1,1,1,1,100,4,8,15,151009548,0.95,2,3
"sub.848",-148.664876458009,-148.664876458009,1,1,1,1,1,1,1,1,100,4,9,15,151009549,0.95,2,3
"sub.948",-173.148263102915,-173.148263102915,1,2,1,2,1,2,1,2,100,4,10,15,1510095410,0.95,2,3
"sub.1048",-162.189224770606,-162.189224770606,1,1,1,1,1,1,1,1,100,4,11,15,1510095411,0.95,2,3
"sub.1175",-175.679522398618,-175.679522398618,2,1,2,2,2,1,2,2,100,4,12,15,1510095412,0.95,2,3
"sub.1250",-182.385816722976,-182.385816722976,2,3,2,1,2,3,2,1,100,4,13,15,1510095413,0.95,2,3
"sub.1348",-201.629130818797,-201.629130818797,3,1,3,2,3,1,3,2,100,4,14,15,1510095414,0.95,2,3
"sub.1448",-188.162525479055,-188.162525479055,1,2,2,2,1,2,2,2,100,4,15,15,1510095415,0.95,2,3
"sub.1548",-214.075932340828,-214.075932340828,1,3,4,2,1,3,4,2,100,4,16,15,1510095416,0.95,2,3
"sub.1648",-201.855716510412,-201.855716510412,1,2,3,4,1,2,3,4,100,4,17,15,1510095417,0.95,2,3
"sub.1748",-189.4148578806,-189.4148578806,2,2,3,1,2,2,3,1,100,4,18,15,1510095418,0.95,2,3
"sub.1848",-173.371337105955,-173.371337105955,1,1,1,2,1,1,1,2,100,4,19,15,1510095419,0.95,2,3
"sub.1948",-200.050477692104,-200.050477692104,1,2,2,3,1,2,2,3,100,4,20,15,1510095420,0.95,2,3
"sub49",-150.918934510109,-150.918934510109,1,1,1,1,1,1,1,1,100,4,1,16,161009541,0.95,3,2
"sub.1176",-161.737171943988,-161.737171943988,2,1,2,2,2,1,2,2,100,4,2,16,161009542,0.95,3,2
"sub.249",-161.743344015887,-161.743344015887,1,1,2,1,1,1,2,1,100,4,3,16,161009543,0.95,3,2
"sub.349",-176.963325874696,-176.963325874696,1,2,3,1,1,2,3,1,100,4,4,16,161009544,0.95,3,2
"sub.449",-182.835971011188,-182.835971011188,3,1,2,3,3,1,2,3,100,4,5,16,161009545,0.95,3,2
"sub.549",-184.842491913873,-184.842491913873,2,2,1,3,2,2,1,3,100,4,6,16,161009546,0.95,3,2
"sub.649",-175.171522275105,-175.171522275105,1,2,1,2,1,2,1,2,100,4,7,16,161009547,0.95,3,2
"sub.749",-176.062942957813,-176.062942957813,2,1,3,2,2,1,3,2,100,4,8,16,161009548,0.95,3,2
"sub.849",-169.996961521525,-169.996961521525,2,1,2,2,2,1,2,2,100,4,9,16,161009549,0.95,3,2
"sub.949",-205.396287933205,-205.396287933205,2,4,1,3,2,4,1,3,100,4,10,16,1610095410,0.95,3,2
"sub.1049",-181.642283842248,-181.642283842248,2,2,2,1,2,2,2,1,100,4,11,16,1610095411,0.95,3,2
"sub.1177",-158.041243974376,-158.041243974376,2,1,1,2,2,1,1,2,100,4,12,16,1610095412,0.95,3,2
"sub.1251",-190.44540633332,-190.44540633332,3,1,1,2,3,1,1,2,100,4,13,16,1610095413,0.95,3,2
"sub.1349",-169.475582578922,-169.475582578922,1,3,2,3,1,3,2,3,100,4,14,16,1610095414,0.95,3,2
"sub.1449",-212.117118997711,-212.117118997711,1,3,2,4,1,3,2,4,100,4,15,16,1610095415,0.95,3,2
"sub.1549",-204.387561229175,-204.387561229175,1,3,2,4,1,3,2,4,100,4,16,16,1610095416,0.95,3,2
"sub.1649",-184.419561908774,-184.419561908774,2,2,3,1,2,2,3,1,100,4,17,16,1610095417,0.95,3,2
"sub.1749",-191.194838416433,-191.194838416433,1,2,3,2,1,2,3,2,100,4,18,16,1610095418,0.95,3,2
"sub.1849",-159.051101722574,-159.051101722574,1,1,1,2,1,1,1,2,100,4,19,16,1610095419,0.95,3,2
"sub.1949",-186.254769863267,-186.254769863267,2,1,2,1,2,1,2,1,100,4,20,16,1610095420,0.95,3,2
"sub50",-195.859352569952,-195.859352569952,1,2,1,3,1,2,1,3,100,4,1,17,171009541,0.95,3,2
"sub.1178",-170.977838138274,-170.977838138274,1,1,1,2,1,1,1,2,100,4,2,17,171009542,0.95,3,2
"sub.250",-183.88524398548,-183.88524398548,2,2,3,1,2,2,3,1,100,4,3,17,171009543,0.95,3,2
"sub.350",-156.407621005175,-156.407621005175,2,2,2,1,2,2,2,1,100,4,4,17,171009544,0.95,3,2
"sub.450",-190.268066862832,-190.268066862832,1,2,3,1,1,2,3,1,100,4,5,17,171009545,0.95,3,2
"sub.550",-210.491762753267,-210.491762753267,1,2,3,3,1,2,3,3,100,4,6,17,171009546,0.95,3,2
"sub.650",-185.371587785157,-185.371587785157,1,3,2,1,1,3,2,1,100,4,7,17,171009547,0.95,3,2
"sub.750",-147.289631764199,-147.289631764199,1,1,1,1,1,1,1,1,100,4,8,17,171009548,0.95,3,2
"sub.850",-213.719800181137,-213.719800181137,2,3,1,3,2,3,1,3,100,4,9,17,171009549,0.95,3,2
"sub.950",-194.131415984783,-194.131415984783,2,3,1,2,2,3,1,2,100,4,10,17,1710095410,0.95,3,2
"sub.1050",-190.642177201233,-190.642177201233,1,2,3,2,1,2,3,2,100,4,11,17,1710095411,0.95,3,2
"sub.1179",-163.564469464416,-163.564469464416,1,1,1,1,1,1,1,1,100,4,12,17,1710095412,0.95,3,2
"sub.1252",-191.65399947338,-191.65399947338,2,3,3,1,2,3,3,1,100,4,13,17,1710095413,0.95,3,2
"sub.1350",-180.684706286408,-180.684706286408,1,2,3,3,1,2,3,3,100,4,14,17,1710095414,0.95,3,2
"sub.1450",-176.549535050893,-176.549535050893,1,2,1,2,1,2,1,2,100,4,15,17,1710095415,0.95,3,2
"sub.1550",-210.804669351955,-210.804669351955,2,3,4,1,2,3,4,1,100,4,16,17,1710095416,0.95,3,2
"sub.1650",-190.138605576356,-190.138605576356,1,3,2,3,1,3,2,3,100,4,17,17,1710095417,0.95,3,2
"sub.1750",-176.211654365486,-176.211654365486,2,1,2,2,2,1,2,2,100,4,18,17,1710095418,0.95,3,2
"sub.1850",-218.298797781492,-218.298797781492,1,3,2,4,1,3,2,4,100,4,19,17,1710095419,0.95,3,2
"sub.1950",-184.177866702697,-184.177866702697,1,1,3,2,1,1,3,2,100,4,20,17,1710095420,0.95,3,2
"sub51",-184.133485595008,-184.133485595008,1,2,2,2,1,2,2,2,100,4,1,18,181009541,0.95,2,2
"sub.1180",-193.775073860391,-193.775073860391,1,3,2,4,1,3,2,4,100,4,2,18,181009542,0.95,2,2
"sub.251",-182.154351275229,-182.154351275229,2,3,3,1,2,3,3,1,100,4,3,18,181009543,0.95,2,2
"sub.351",-198.599873375517,-198.599873375517,1,4,2,3,1,4,2,3,100,4,4,18,181009544,0.95,2,2
"sub.451",-201.476716075314,-201.476716075314,1,4,2,3,1,4,2,3,100,4,5,18,181009545,0.95,2,2
"sub.551",-214.997116679656,-214.997116679656,1,3,4,2,1,3,4,2,100,4,6,18,181009546,0.95,2,2
"sub.651",-169.791490187991,-169.791490187991,1,2,2,1,1,2,2,1,100,4,7,18,181009547,0.95,2,2
"sub.751",-161.233417754928,-161.233417754928,2,2,1,2,2,2,1,2,100,4,8,18,181009548,0.95,2,2
"sub.851",-169.498979648713,-169.498979648713,1,2,2,2,1,2,2,2,100,4,9,18,181009549,0.95,2,2
"sub.951",-182.555629642512,-182.555629642512,2,3,1,2,2,3,1,2,100,4,10,18,1810095410,0.95,2,2
"sub.1051",-197.768856361288,-197.768856361288,2,1,2,3,2,1,2,3,100,4,11,18,1810095411,0.95,2,2
"sub.1181",-153.362190411568,-153.362190411568,2,1,2,2,2,1,2,2,100,4,12,18,1810095412,0.95,2,2
"sub.1253",-209.32854861597,-209.32854861597,3,1,4,2,3,1,4,2,100,4,13,18,1810095413,0.95,2,2
"sub.1351",-170.105815324405,-170.105815324405,1,2,2,2,1,2,2,2,100,4,14,18,1810095414,0.95,2,2
"sub.1451",-184.522197456948,-184.522197456948,2,1,2,2,2,1,2,2,100,4,15,18,1810095415,0.95,2,2
"sub.1551",-205.785115032587,-205.785115032587,2,3,1,1,2,3,1,1,100,4,16,18,1810095416,0.95,2,2
"sub.1651",-198.635423139688,-198.635423139688,1,2,4,3,1,2,4,3,100,4,17,18,1810095417,0.95,2,2
"sub.1751",-204.87967846004,-204.87967846004,2,3,1,3,2,3,1,3,100,4,18,18,1810095418,0.95,2,2
"sub.1851",-193.511884436782,-193.511884436782,2,3,2,1,2,3,2,1,100,4,19,18,1810095419,0.95,2,2
"sub.1951",-199.394324760546,-199.394324760546,1,3,1,2,1,3,1,2,100,4,20,18,1810095420,0.95,2,2
"sub52",-176.60953688984,-176.60953688984,1,1,1,2,1,1,1,2,100,4,1,19,191009541,0.95,4,1
"sub.1182",-187.63003166875,-187.63003166875,1,2,1,2,1,2,1,2,100,4,2,19,191009542,0.95,4,1
"sub.252",-190.71336640506,-190.71336640506,2,1,1,1,2,1,1,1,100,4,3,19,191009543,0.95,4,1
"sub.352",-167.636688072656,-167.636688072656,2,2,1,2,2,2,1,2,100,4,4,19,191009544,0.95,4,1
"sub.452",-167.068220746686,-167.068220746686,1,2,1,2,1,2,1,2,100,4,5,19,191009545,0.95,4,1
"sub.552",-162.141632436846,-162.141632436846,1,2,2,2,1,2,2,2,100,4,6,19,191009546,0.95,4,1
"sub.652",-162.295455155493,-162.295455155493,2,1,1,1,2,1,1,1,100,4,7,19,191009547,0.95,4,1
"sub.752",-187.335464560399,-187.335464560399,2,3,1,1,2,3,1,1,100,4,8,19,191009548,0.95,4,1
"sub.852",-189.72821537319,-189.72821537319,1,2,2,3,1,2,2,3,100,4,9,19,191009549,0.95,4,1
"sub.952",-204.474862092646,-204.474862092646,1,3,2,4,1,3,2,4,100,4,10,19,1910095410,0.95,4,1
"sub.1052",-171.070240058013,-171.070240058013,1,2,1,2,1,2,1,2,100,4,11,19,1910095411,0.95,4,1
"sub.1183",-168.623643068844,-168.623643068844,2,1,2,1,2,1,2,1,100,4,12,19,1910095412,0.95,4,1
"sub.1254",-195.365383964225,-195.365383964225,4,1,2,3,4,1,2,3,100,4,13,19,1910095413,0.95,4,1
"sub.1352",-198.564429655783,-198.564429655783,3,2,1,3,3,2,1,3,100,4,14,19,1910095414,0.95,4,1
"sub.1452",-173.32842361959,-173.32842361959,1,1,2,2,1,1,2,2,100,4,15,19,1910095415,0.95,4,1
"sub.1552",-189.977579746002,-189.977579746002,2,3,1,4,2,3,1,4,100,4,16,19,1910095416,0.95,4,1
"sub.1652",-170.248636653014,-170.248636653014,1,1,1,2,1,1,1,2,100,4,17,19,1910095417,0.95,4,1
"sub.1752",-166.804661369607,-166.804661369607,1,2,2,2,1,2,2,2,100,4,18,19,1910095418,0.95,4,1
"sub.1852",-213.85177580969,-213.85177580969,1,3,4,2,1,3,4,2,100,4,19,19,1910095419,0.95,4,1
"sub.1952",-206.201525274066,-206.201525274066,3,2,3,1,3,2,3,1,100,4,20,19,1910095420,0.95,4,1
"sub53",-173.402675092046,-173.402675092046,1,1,2,1,1,1,2,1,100,4,1,2,21009541,0.95,3,2
"sub.1184",-164.118972480978,-164.118972480978,1,1,2,1,1,1,2,1,100,4,2,2,21009542,0.95,3,2
"sub.253",-195.966388980418,-195.966388980418,1,3,2,3,1,3,2,3,100,4,3,2,21009543,0.95,3,2
"sub.353",-181.678606915195,-181.678606915195,1,1,1,2,1,1,1,2,100,4,4,2,21009544,0.95,3,2
"sub.453",-205.852783449737,-205.852783449737,1,3,2,2,1,3,2,2,100,4,5,2,21009545,0.95,3,2
"sub.553",-214.012361911258,-214.012361911258,1,3,4,2,1,3,4,2,100,4,6,2,21009546,0.95,3,2
"sub.653",-173.610598012337,-173.610598012337,1,2,1,2,1,2,1,2,100,4,7,2,21009547,0.95,3,2
"sub.753",-153.860614909113,-153.860614909113,1,1,1,1,1,1,1,1,100,4,8,2,21009548,0.95,3,2
"sub.853",-178.272871459438,-178.272871459438,1,1,1,1,1,1,1,1,100,4,9,2,21009549,0.95,3,2
"sub.953",-188.2858241268,-188.2858241268,2,2,3,1,2,2,3,1,100,4,10,2,210095410,0.95,3,2
"sub.1053",-204.623192914117,-204.623192914117,1,2,3,4,1,2,3,4,100,4,11,2,210095411,0.95,3,2
"sub.1185",-164.725676951771,-164.725676951771,2,1,1,1,2,1,1,1,100,4,12,2,210095412,0.95,3,2
"sub.1255",-195.885643345748,-195.885643345748,1,2,3,3,1,2,3,3,100,4,13,2,210095413,0.95,3,2
"sub.1353",-133.956474462987,-133.956474462987,1,1,1,1,1,1,1,1,100,4,14,2,210095414,0.95,3,2
"sub.1453",-202.460840849399,-202.460840849399,3,4,1,2,3,4,1,2,100,4,15,2,210095415,0.95,3,2
"sub.1553",-217.491579215082,-217.491579215082,4,3,2,1,4,3,2,1,100,4,16,2,210095416,0.95,3,2
"sub.1653",-207.065387061532,-207.065387061532,1,3,2,4,1,3,2,4,100,4,17,2,210095417,0.95,3,2
"sub.1753",-198.456616818083,-198.456616818083,2,1,3,2,2,1,3,2,100,4,18,2,210095418,0.95,3,2
"sub.1853",-139.152212914091,-139.152212914091,1,1,1,1,1,1,1,1,100,4,19,2,210095419,0.95,3,2
"sub.1953",-158.237654779492,-158.237654779492,1,2,2,1,1,2,2,1,100,4,20,2,210095420,0.95,3,2
"sub54",-181.622218430876,-181.622218430876,1,2,2,2,1,2,2,2,100,4,1,20,201009541,0.95,4,1
"sub.1186",-164.926073749741,-164.926073749741,2,2,2,1,2,2,2,1,100,4,2,20,201009542,0.95,4,1
"sub.254",-164.672955364369,-164.672955364369,1,2,1,1,1,2,1,1,100,4,3,20,201009543,0.95,4,1
"sub.354",-182.33121715891,-182.33121715891,1,2,2,2,1,2,2,2,100,4,4,20,201009544,0.95,4,1
"sub.454",-196.173308938143,-196.173308938143,4,3,2,1,4,3,2,1,100,4,5,20,201009545,0.95,4,1
"sub.554",-186.016043253067,-186.016043253067,1,2,2,3,1,2,2,3,100,4,6,20,201009546,0.95,4,1
"sub.654",-175.986488196039,-175.986488196039,1,3,1,2,1,3,1,2,100,4,7,20,201009547,0.95,4,1
"sub.754",-182.521425626552,-182.521425626552,1,2,1,2,1,2,1,2,100,4,8,20,201009548,0.95,4,1
"sub.854",-201.369715089129,-201.369715089129,1,4,3,2,1,4,3,2,100,4,9,20,201009549,0.95,4,1
"sub.954",-205.366849741306,-205.366849741306,1,1,2,1,1,1,2,1,100,4,10,20,2010095410,0.95,4,1
"sub.1054",-192.532314170217,-192.532314170217,1,2,3,2,1,2,3,2,100,4,11,20,2010095411,0.95,4,1
"sub.1187",-186.160372934222,-186.160372934222,2,2,1,1,2,2,1,1,100,4,12,20,2010095412,0.95,4,1
"sub.1256",-182.14541997694,-182.14541997694,3,1,2,3,3,1,2,3,100,4,13,20,2010095413,0.95,4,1
"sub.1354",-178.955449775713,-178.955449775713,3,3,1,2,3,3,1,2,100,4,14,20,2010095414,0.95,4,1
"sub.1454",-188.37423660082,-188.37423660082,2,3,1,3,2,3,1,3,100,4,15,20,2010095415,0.95,4,1
"sub.1554",-199.329913016048,-199.329913016048,2,1,2,3,2,1,2,3,100,4,16,20,2010095416,0.95,4,1
"sub.1654",-195.4846145602,-195.4846145602,2,3,1,2,2,3,1,2,100,4,17,20,2010095417,0.95,4,1
"sub.1754",-186.684500911501,-186.684500911501,2,3,1,1,2,3,1,1,100,4,18,20,2010095418,0.95,4,1
"sub.1854",-166.866834452084,-166.866834452084,2,2,2,1,2,2,2,1,100,4,19,20,2010095419,0.95,4,1
"sub.1954",-204.098784616032,-204.098784616032,2,3,1,4,2,3,1,4,100,4,20,20,2010095420,0.95,4,1
"sub55",-158.368731013312,-158.368731013312,1,1,1,1,1,1,1,1,100,4,1,21,211009541,0.95,2,3
"sub.1188",-214.708333048382,-214.708333048382,2,1,3,4,2,1,3,4,100,4,2,21,211009542,0.95,2,3
"sub.255",-145.0355737121,-145.0355737121,1,1,1,1,1,1,1,1,100,4,3,21,211009543,0.95,2,3
"sub.355",-194.235536123047,-194.235536123047,2,1,2,2,2,1,2,2,100,4,4,21,211009544,0.95,2,3
"sub.455",-173.006725066677,-173.006725066677,1,1,2,1,1,1,2,1,100,4,5,21,211009545,0.95,2,3
"sub.555",-186.534051503975,-186.534051503975,3,1,1,2,3,1,1,2,100,4,6,21,211009546,0.95,2,3
"sub.655",-200.366921176267,-200.366921176267,2,1,1,3,2,1,1,3,100,4,7,21,211009547,0.95,2,3
"sub.755",-195.137809864073,-195.137809864073,2,1,2,2,2,1,2,2,100,4,8,21,211009548,0.95,2,3
"sub.855",-166.373712418182,-166.373712418182,1,2,2,1,1,2,2,1,100,4,9,21,211009549,0.95,2,3
"sub.955",-190.557605046473,-190.557605046473,1,2,1,1,1,2,1,1,100,4,10,21,2110095410,0.95,2,3
"sub.1055",-192.42986065529,-192.42986065529,1,1,1,2,1,1,1,2,100,4,11,21,2110095411,0.95,2,3
"sub.1189",-199.950384141858,-199.950384141858,1,1,2,2,1,1,2,2,100,4,12,21,2110095412,0.95,2,3
"sub.1257",-214.707909066542,-214.707909066542,1,4,2,3,1,4,2,3,100,4,13,21,2110095413,0.95,2,3
"sub.1355",-158.286489457701,-158.286489457701,2,1,2,2,2,1,2,2,100,4,14,21,2110095414,0.95,2,3
"sub.1455",-210.657320127408,-210.657320127408,2,3,4,1,2,3,4,1,100,4,15,21,2110095415,0.95,2,3
"sub.1555",-194.482234716537,-194.37604787475,1,2,3,4,1,2,2,3,100,4,16,21,2110095416,0.95,2,3
"sub.1655",-167.206789607828,-167.206789607828,1,2,2,2,1,2,2,2,100,4,17,21,2110095417,0.95,2,3
"sub.1755",-207.645957392131,-207.645957392131,3,4,2,1,3,4,2,1,100,4,18,21,2110095418,0.95,2,3
"sub.1855",-145.723196059005,-145.723196059005,1,1,1,1,1,1,1,1,100,4,19,21,2110095419,0.95,2,3
"sub.1955",-189.214423468085,-189.214423468085,1,2,3,1,1,2,3,1,100,4,20,21,2110095420,0.95,2,3
"sub56",-177.792610300465,-177.792610300465,1,3,2,3,1,3,2,3,100,4,1,3,31009541,0.95,4,1
"sub.1190",-185.450960471615,-185.450960471615,1,1,2,3,1,1,2,3,100,4,2,3,31009542,0.95,4,1
"sub.256",-188.451932222335,-188.451932222335,1,1,2,3,1,1,2,3,100,4,3,3,31009543,0.95,4,1
"sub.356",-180.102974304323,-180.102974304323,1,2,1,2,1,2,1,2,100,4,4,3,31009544,0.95,4,1
"sub.456",-187.565970462335,-187.565970462335,2,3,1,2,2,3,1,2,100,4,5,3,31009545,0.95,4,1
"sub.556",-190.422853786744,-190.422853786744,1,1,3,2,1,1,3,2,100,4,6,3,31009546,0.95,4,1
"sub.656",-201.355149226627,-201.355149226627,2,2,3,1,2,2,3,1,100,4,7,3,31009547,0.95,4,1
"sub.756",-201.078260235564,-201.078260235564,3,3,2,1,3,3,2,1,100,4,8,3,31009548,0.95,4,1
"sub.856",-170.777834955,-170.777834955,2,1,2,2,2,1,2,2,100,4,9,3,31009549,0.95,4,1
"sub.956",-195.522659720006,-195.522659720006,1,2,2,3,1,2,2,3,100,4,10,3,310095410,0.95,4,1
"sub.1056",-156.114672961213,-156.114672961213,1,1,1,1,1,1,1,1,100,4,11,3,310095411,0.95,4,1
"sub.1191",-168.276150490841,-168.276150490841,2,1,1,1,2,1,1,1,100,4,12,3,310095412,0.95,4,1
"sub.1258",-144.347951365195,-144.347951365195,1,1,1,1,1,1,1,1,100,4,13,3,310095413,0.95,4,1
"sub.1356",-198.757459183769,-198.757459183769,1,4,3,2,1,4,3,2,100,4,14,3,310095414,0.95,4,1
"sub.1456",-222.532633211756,-222.532633211756,2,3,2,1,2,3,2,1,100,4,15,3,310095415,0.95,4,1
"sub.1556",-188.377637268045,-188.377637268045,3,2,1,2,3,2,1,2,100,4,16,3,310095416,0.95,4,1
"sub.1656",-187.676170734298,-187.676170734298,2,1,3,3,2,1,3,3,100,4,17,3,310095417,0.95,4,1
"sub.1756",-177.955057529732,-177.955057529732,2,1,1,2,2,1,1,2,100,4,18,3,310095418,0.95,4,1
"sub.1856",-190.708637587045,-190.708637587045,2,2,1,2,2,2,1,2,100,4,19,3,310095419,0.95,4,1
"sub.1956",-181.888186657489,-181.888186657489,2,2,1,2,2,2,1,2,100,4,20,3,310095420,0.95,4,1
"sub57",-195.781732694161,-195.781732694161,1,3,2,3,1,3,2,3,100,4,1,4,41009541,0.95,3,2
"sub.1192",-199.667910442539,-199.667910442539,2,1,3,4,2,1,3,4,100,4,2,4,41009542,0.95,3,2
"sub.257",-168.839566199486,-168.839566199486,2,1,1,2,2,1,1,2,100,4,3,4,41009543,0.95,3,2
"sub.357",-189.973978817958,-189.973978817958,1,2,1,2,1,2,1,2,100,4,4,4,41009544,0.95,3,2
"sub.457",-196.901976944378,-196.901976944378,2,1,3,1,2,1,3,1,100,4,5,4,41009545,0.95,3,2
"sub.557",-191.07272480673,-191.07272480673,2,2,2,1,2,2,2,1,100,4,6,4,41009546,0.95,3,2
"sub.657",-176.825276422123,-176.825276422123,1,1,1,2,1,1,1,2,100,4,7,4,41009547,0.95,3,2
"sub.757",-202.098740937674,-202.098740937674,1,4,2,3,1,4,2,3,100,4,8,4,41009548,0.95,3,2
"sub.857",-205.523135322035,-205.523135322035,1,1,3,2,1,1,3,2,100,4,9,4,41009549,0.95,3,2
"sub.957",-161.079839023214,-161.079839023214,2,2,2,1,2,2,2,1,100,4,10,4,410095410,0.95,3,2
"sub.1057",-208.796514237621,-208.796514237621,2,4,1,3,2,4,1,3,100,4,11,4,410095411,0.95,3,2
"sub.1193",-193.999681339843,-193.999681339843,2,3,1,1,2,3,1,1,100,4,12,4,410095412,0.95,3,2
"sub.1259",-194.058153624106,-194.058153624106,1,3,3,2,1,3,3,2,100,4,13,4,410095413,0.95,3,2
"sub.1357",-184.650567342325,-184.650567342325,1,3,2,1,1,3,2,1,100,4,14,4,410095414,0.95,3,2
"sub.1457",-195.364237364273,-195.364237364273,3,1,2,3,3,1,2,3,100,4,15,4,410095415,0.95,3,2
"sub.1557",-179.526320326973,-179.526320326973,1,2,2,2,1,2,2,2,100,4,16,4,410095416,0.95,3,2
"sub.1657",-176.727842187795,-176.727842187795,2,2,1,2,2,2,1,2,100,4,17,4,410095417,0.95,3,2
"sub.1757",-158.995887941386,-158.995887941386,2,2,2,1,2,2,2,1,100,4,18,4,410095418,0.95,3,2
"sub.1857",-176.410732973517,-176.410732973517,2,1,2,2,2,1,2,2,100,4,19,4,410095419,0.95,3,2
"sub.1957",-178.901147496886,-178.901147496886,1,2,2,2,1,2,2,2,100,4,20,4,410095420,0.95,3,2
"sub58",-198.74706805186,-198.74706805186,2,1,3,2,2,1,3,2,100,4,1,5,51009541,0.95,2,3
"sub.1194",-192.430146702989,-192.430146702989,2,4,3,1,2,4,3,1,100,4,2,5,51009542,0.95,2,3
"sub.258",-172.601221075586,-172.601221075586,1,1,1,2,1,1,1,2,100,4,3,5,51009543,0.95,2,3
"sub.358",-142.093893313095,-142.093893313095,1,1,1,1,1,1,1,1,100,4,4,5,51009544,0.95,2,3
"sub.458",-156.114672961213,-156.114672961213,1,1,1,1,1,1,1,1,100,4,5,5,51009545,0.95,2,3
"sub.558",-201.619623477592,-201.619623477592,3,2,1,3,3,2,1,3,100,4,6,5,51009546,0.95,2,3
"sub.658",-187.200018579342,-187.200018579342,3,2,3,1,3,2,3,1,100,4,7,5,51009547,0.95,2,3
"sub.758",-170.059534359653,-170.059534359653,2,1,2,2,2,1,2,2,100,4,8,5,51009548,0.95,2,3
"sub.858",-200.057595559646,-200.057595559646,3,4,1,2,3,4,1,2,100,4,9,5,51009549,0.95,2,3
"sub.958",-194.461429276305,-194.461429276305,1,2,3,3,1,2,3,3,100,4,10,5,510095410,0.95,2,3
"sub.1058",-183.800446958705,-183.800446958705,1,2,3,3,1,2,3,3,100,4,11,5,510095411,0.95,2,3
"sub.1195",-183.440971164599,-183.440971164599,3,1,2,3,3,1,2,3,100,4,12,5,510095412,0.95,2,3
"sub.1260",-181.085158966184,-181.085158966184,2,1,2,1,2,1,2,1,100,4,13,5,510095413,0.95,2,3
"sub.1358",-194.12879551451,-194.12879551451,2,1,2,3,2,1,2,3,100,4,14,5,510095414,0.95,2,3
"sub.1458",-203.44283351545,-203.44283351545,2,3,1,1,2,3,1,1,100,4,15,5,510095415,0.95,2,3
"sub.1558",-204.171332567014,-204.171332567014,1,4,2,3,1,4,2,3,100,4,16,5,510095416,0.95,2,3
"sub.1658",-198.908921552671,-198.908921552671,1,3,2,3,1,3,2,3,100,4,17,5,510095417,0.95,2,3
"sub.1758",-210.35630303312,-210.35630303312,1,2,3,4,1,2,3,4,100,4,18,5,510095418,0.95,2,3
"sub.1858",-196.22194752187,-196.22194752187,3,1,2,3,3,1,2,3,100,4,19,5,510095419,0.95,2,3
"sub.1958",-200.281311856079,-200.281311856079,1,2,3,3,1,2,3,3,100,4,20,5,510095420,0.95,2,3
"sub59",-199.928376379417,-199.928376379417,1,1,2,2,1,1,2,2,100,4,1,6,61009541,0.95,2,3
"sub.1196",-188.377637268045,-188.377637268045,3,2,2,1,3,2,2,1,100,4,2,6,61009542,0.95,2,3
"sub.259",-169.877014205228,-169.877014205228,1,1,1,2,1,1,1,2,100,4,3,6,61009543,0.95,2,3
"sub.359",-202.950164547626,-202.950164547626,3,2,1,1,3,2,1,1,100,4,4,6,61009544,0.95,2,3
"sub.459",-192.772016860771,-192.772016860771,1,1,1,2,1,1,1,2,100,4,5,6,61009545,0.95,2,3
"sub.559",-196.658292990344,-196.658292990344,1,2,2,3,1,2,2,3,100,4,6,6,61009546,0.95,2,3
"sub.659",-207.577181179858,-207.577181179858,4,1,2,3,4,1,2,3,100,4,7,6,61009547,0.95,2,3
"sub.759",-197.269963127528,-197.269963127528,3,2,2,1,3,2,2,1,100,4,8,6,61009548,0.95,2,3
"sub.859",-164.63808168626,-164.63808168626,1,1,2,1,1,1,2,1,100,4,9,6,61009549,0.95,2,3
"sub.959",-175.320949255817,-175.320949255817,2,2,1,2,2,2,1,2,100,4,10,6,610095410,0.95,2,3
"sub.1059",-200.569148766198,-200.569148766198,1,1,2,3,1,1,2,3,100,4,11,6,610095411,0.95,2,3
"sub.1197",-182.550760933963,-182.550760933963,1,2,2,2,1,2,2,2,100,4,12,6,610095412,0.95,2,3
"sub.1261",-164.490281411749,-164.490281411749,1,1,1,2,1,1,1,2,100,4,13,6,610095413,0.95,2,3
"sub.1359",-165.145342833088,-165.145342833088,1,2,2,2,1,2,2,2,100,4,14,6,610095414,0.95,2,3
"sub.1459",-164.114381008816,-164.114381008816,1,1,2,1,1,1,2,1,100,4,15,6,610095415,0.95,2,3
"sub.1559",-180.880239716763,-180.880239716763,2,1,2,1,2,1,2,1,100,4,16,6,610095416,0.95,2,3
"sub.1659",-190.566512270462,-190.566512270462,3,3,1,2,3,3,1,2,100,4,17,6,610095417,0.95,2,3
"sub.1759",-191.204270441711,-191.204270441711,1,2,3,3,1,2,3,3,100,4,18,6,610095418,0.95,2,3
"sub.1859",-186.497481049609,-186.497481049609,2,3,1,3,2,3,1,3,100,4,19,6,610095419,0.95,2,3
"sub.1959",-193.974514129096,-193.974514129096,1,2,3,4,1,2,3,4,100,4,20,6,610095420,0.95,2,3
"sub60",-172.857075641677,-172.857075641677,2,1,1,1,2,1,1,1,100,4,1,7,71009541,0.95,3,2
"sub.1198",-179.089893005217,-179.089893005217,2,2,1,1,2,2,1,1,100,4,2,7,71009542,0.95,3,2
"sub.260",-187.586134164714,-187.586134164714,3,2,3,1,3,2,3,1,100,4,3,7,71009543,0.95,3,2
"sub.360",-198.997912568886,-198.997912568886,3,1,1,2,3,1,1,2,100,4,4,7,71009544,0.95,3,2
"sub.460",-196.338759068899,-196.338759068899,1,3,2,4,1,3,2,4,100,4,5,7,71009545,0.95,3,2
"sub.560",-159.743975707122,-159.743975707122,1,1,1,1,1,1,1,1,100,4,6,7,71009546,0.95,3,2
"sub.660",-184.430043789863,-184.430043789863,3,2,1,2,3,2,1,2,100,4,7,7,71009547,0.95,3,2
"sub.760",-182.167115305779,-182.167115305779,1,3,1,2,1,3,1,2,100,4,8,7,71009548,0.95,3,2
"sub.860",-179.821836700507,-179.821836700507,1,3,1,2,1,3,1,2,100,4,9,7,71009549,0.95,3,2
"sub.960",-200.605759377576,-200.605759377576,3,2,2,1,3,2,2,1,100,4,10,7,710095410,0.95,3,2
"sub.1060",-164.832825090971,-164.832825090971,2,2,1,2,2,2,1,2,100,4,11,7,710095411,0.95,3,2
"sub.1199",-182.873658850124,-182.873658850124,2,4,3,1,2,4,3,1,100,4,12,7,710095412,0.95,3,2
"sub.1262",-181.621162650733,-181.621162650733,2,1,1,1,2,1,1,1,100,4,13,7,710095413,0.95,3,2
"sub.1360",-202.331703515472,-202.331703515472,1,3,4,2,1,3,4,2,100,4,14,7,710095414,0.95,3,2
"sub.1460",-174.471702554064,-174.471702554064,1,2,2,3,1,2,2,3,100,4,15,7,710095415,0.95,3,2
"sub.1560",-182.181580015819,-182.181580015819,1,1,1,2,1,1,1,2,100,4,16,7,710095416,0.95,3,2
"sub.1660",-179.784401333721,-179.784401333721,1,2,1,2,1,2,1,2,100,4,17,7,710095417,0.95,3,2
"sub.1760",-193.523340792341,-193.523340792341,1,2,1,3,1,2,1,3,100,4,18,7,710095418,0.95,3,2
"sub.1860",-172.857875152978,-172.857875152978,1,2,1,1,1,2,1,1,100,4,19,7,710095419,0.95,3,2
"sub.1960",-147.977254111104,-147.977254111104,1,1,1,1,1,1,1,1,100,4,20,7,710095420,0.95,3,2
"sub61",-166.451223094897,-166.451223094897,2,2,1,1,2,2,1,1,100,4,1,8,81009541,0.95,2,3
"sub.1200",-143.66032901829,-143.66032901829,1,1,1,1,1,1,1,1,100,4,2,8,81009542,0.95,2,3
"sub.261",-206.643729703314,-206.643729703314,2,1,3,4,2,1,3,4,100,4,3,8,81009543,0.95,2,3
"sub.361",-142.093893313095,-142.093893313095,1,1,1,1,1,1,1,1,100,4,4,8,81009544,0.95,2,3
"sub.461",-159.056353360217,-159.056353360217,1,1,1,1,1,1,1,1,100,4,5,8,81009545,0.95,2,3
"sub.561",-205.854192275892,-205.854192275892,1,3,4,2,1,3,4,2,100,4,6,8,81009546,0.95,2,3
"sub.661",-196.474666707855,-196.474666707855,2,1,3,2,2,1,3,2,100,4,7,8,81009547,0.95,2,3
"sub.761",-167.881394557231,-167.881394557231,1,1,1,1,1,1,1,1,100,4,8,8,81009548,0.95,2,3
"sub.861",-173.273777807684,-173.273777807684,2,2,1,2,2,2,1,2,100,4,9,8,81009549,0.95,2,3
"sub.961",-201.570868716786,-201.570868716786,1,2,2,3,1,2,2,3,100,4,10,8,810095410,0.95,2,3
"sub.1061",-185.435653494566,-185.435653494566,1,2,2,2,1,2,2,2,100,4,11,8,810095411,0.95,2,3
"sub.11100",-182.378002160611,-182.378002160611,1,1,3,2,1,1,3,2,100,4,12,8,810095412,0.95,2,3
"sub.1263",-209.194707902901,-209.194707902901,2,1,3,4,2,1,3,4,100,4,13,8,810095413,0.95,2,3
"sub.1361",-177.92457120825,-177.92457120825,1,2,1,1,1,2,1,1,100,4,14,8,810095414,0.95,2,3
"sub.1461",-181.798443255601,-181.798443255601,2,1,1,3,2,1,1,3,100,4,15,8,810095415,0.95,2,3
"sub.1561",-192.310658790754,-192.310658790754,1,2,3,1,1,2,3,1,100,4,16,8,810095416,0.95,2,3
"sub.1661",-188.832635285918,-188.832635285918,1,2,1,3,1,2,1,3,100,4,17,8,810095417,0.95,2,3
"sub.1761",-205.921394661657,-205.921394661657,1,3,2,3,1,3,2,3,100,4,18,8,810095418,0.95,2,3
"sub.1861",-193.85334589449,-193.85334589449,1,2,3,1,1,2,3,1,100,4,19,8,810095419,0.95,2,3
"sub.1961",-173.510348050839,-173.510348050839,2,1,2,2,2,1,2,2,100,4,20,8,810095420,0.95,2,3
"sub62",-210.292146367664,-210.292146367664,1,2,3,4,1,2,3,4,100,4,1,9,91009541,0.95,2,3
"sub.1201",-198.669160804041,-198.669160804041,1,3,4,2,1,3,4,2,100,4,2,9,91009542,0.95,2,3
"sub.262",-161.691665926718,-161.691665926718,2,2,1,2,2,2,1,2,100,4,3,9,91009543,0.95,2,3
"sub.362",-184.41092351037,-184.41092351037,1,3,3,2,1,3,3,2,100,4,4,9,91009544,0.95,2,3
"sub.462",-159.159955525453,-159.159955525453,2,2,1,2,2,2,1,2,100,4,5,9,91009545,0.95,2,3
"sub.562",-196.534817333525,-196.534817333525,1,2,1,1,1,2,1,1,100,4,6,9,91009546,0.95,2,3
"sub.662",-173.76475535524,-173.76475535524,1,1,1,1,1,1,1,1,100,4,7,9,91009547,0.95,2,3
"sub.762",-128.073113664978,-128.073113664978,1,1,1,1,1,1,1,1,100,4,8,9,91009548,0.95,2,3
"sub.862",-186.887754263861,-186.887754263861,1,3,3,2,1,3,3,2,100,4,9,9,91009549,0.95,2,3
"sub.962",-153.860614909113,-153.860614909113,1,1,1,1,1,1,1,1,100,4,10,9,910095410,0.95,2,3
"sub.1062",-136.210532515086,-136.210532515086,1,1,1,1,1,1,1,1,100,4,11,9,910095411,0.95,2,3
"sub.11101",-164.940903946369,-164.940903946369,1,2,2,2,1,2,2,2,100,4,12,9,910095412,0.95,2,3
"sub.1264",-182.642010814482,-182.642010814482,2,1,1,1,2,1,1,1,100,4,13,9,910095413,0.95,2,3
"sub.1362",-211.626264034375,-211.626264034375,2,3,2,1,2,3,2,1,100,4,14,9,910095414,0.95,2,3
"sub.1462",-147.279631279403,-147.279631279403,1,2,2,2,1,2,2,2,100,4,15,9,910095415,0.95,2,3
"sub.1562",-174.777377317952,-174.777377317952,1,2,2,2,1,2,2,2,100,4,16,9,910095416,0.95,2,3
"sub.1662",-160.431598054027,-160.431598054027,1,1,1,1,1,1,1,1,100,4,17,9,910095417,0.95,2,3
"sub.1762",-200.961640903575,-200.961640903575,2,2,1,2,2,2,1,2,100,4,18,9,910095418,0.95,2,3
"sub.1862",-173.099996318744,-173.099996318744,1,2,1,1,1,2,1,1,100,4,19,9,910095419,0.95,2,3
"sub.1962",-186.968534983907,-186.968534983907,1,2,2,1,1,2,2,1,100,4,20,9,910095420,0.95,2,3
"sub63",-644.931704704672,-644.931704704672,1,2,1,1,1,2,1,1,250,4,1,1,12507541,0.75,4,1
"sub.1202",-647.760058988,-647.760058988,1,1,1,2,1,1,1,2,250,4,2,1,12507542,0.75,4,1
"sub.263",-663.776538462655,-663.776538462655,1,1,3,2,1,1,3,2,250,4,3,1,12507543,0.75,4,1
"sub.363",-662.979699202197,-662.979699202197,1,3,3,2,1,3,3,2,250,4,4,1,12507544,0.75,4,1
"sub.463",-664.232866173845,-664.232866173845,1,3,2,2,1,3,2,2,250,4,5,1,12507545,0.75,4,1
"sub.563",-653.436140991393,-653.436140991393,2,1,3,4,2,1,3,4,250,4,6,1,12507546,0.75,4,1
"sub.663",-665.468980869547,-664.857935829929,2,1,4,3,2,1,3,2,250,4,7,1,12507547,0.75,4,1
"sub.763",-667.437110502816,-667.437110502816,3,4,1,2,3,4,1,2,250,4,8,1,12507548,0.75,4,1
"sub.863",-672.090832494434,-672.090832494434,1,1,2,2,1,1,2,2,250,4,9,1,12507549,0.75,4,1
"sub.963",-664.123991838887,-664.123991838887,3,2,2,1,3,2,2,1,250,4,10,1,125075410,0.75,4,1
"sub.1063",-645.383522999726,-645.383522999726,1,2,1,3,1,2,1,3,250,4,11,1,125075411,0.75,4,1
"sub.11102",-644.647718574083,-644.647718574083,1,1,1,2,1,1,1,2,250,4,12,1,125075412,0.75,4,1
"sub.1265",-660.830892698207,-657.08784443033,1,2,2,2,1,2,3,3,250,4,13,1,125075413,0.75,4,1
"sub.1363",-660.303624839391,-660.303624839391,2,1,3,1,2,1,3,1,250,4,14,1,125075414,0.75,4,1
"sub.1463",-667.476830503366,-667.476830503366,2,2,1,1,2,2,1,1,250,4,15,1,125075415,0.75,4,1
"sub.1563",-647.232152920657,-647.232152920657,2,2,3,1,2,2,3,1,250,4,16,1,125075416,0.75,4,1
"sub.1663",-654.68933976213,-654.68933976213,2,3,3,1,2,3,3,1,250,4,17,1,125075417,0.75,4,1
"sub.1763",-663.224174335386,-663.224174335386,1,1,2,2,1,1,2,2,250,4,18,1,125075418,0.75,4,1
"sub.1863",-662.362450268689,-662.362450268689,1,2,1,1,1,2,1,1,250,4,19,1,125075419,0.75,4,1
"sub.1963",-662.675653706897,-662.675653706897,2,2,2,1,2,2,2,1,250,4,20,1,125075420,0.75,4,1
"sub64",-666.082237423754,-666.082237423754,2,2,1,1,2,2,1,1,250,4,1,10,102507541,0.75,2,3
"sub.1203",-659.844438134838,-659.844438134838,3,1,1,2,3,1,1,2,250,4,2,10,102507542,0.75,2,3
"sub.264",-655.690548072518,-655.690548072518,2,1,1,1,2,1,1,1,250,4,3,10,102507543,0.75,2,3
"sub.364",-658.960863936338,-658.960863936338,2,2,1,2,2,2,1,2,250,4,4,10,102507544,0.75,2,3
"sub.464",-666.531870691485,-666.450753947084,1,2,4,3,1,2,3,2,250,4,5,10,102507545,0.75,2,3
"sub.564",-648.502339912553,-648.502339912553,2,2,1,2,2,2,1,2,250,4,6,10,102507546,0.75,2,3
"sub.664",-660.631133243057,-660.631133243057,1,2,1,2,1,2,1,2,250,4,7,10,102507547,0.75,2,3
"sub.764",-655.425220954225,-655.425220954225,2,2,1,1,2,2,1,1,250,4,8,10,102507548,0.75,2,3
"sub.864",-650.847514052295,-650.847514052295,3,1,2,3,3,1,2,3,250,4,9,10,102507549,0.75,2,3
"sub.964",-655.240192283778,-655.240192283778,1,2,2,2,1,2,2,2,250,4,10,10,1025075410,0.75,2,3
"sub.1064",-650.014201739074,-650.014201739074,1,2,1,2,1,2,1,2,250,4,11,10,1025075411,0.75,2,3
"sub.11103",-659.264914565416,-659.264914565416,2,2,2,1,2,2,2,1,250,4,12,10,1025075412,0.75,2,3
"sub.1266",-666.820783146692,-666.820783146692,1,2,2,2,1,2,2,2,250,4,13,10,1025075413,0.75,2,3
"sub.1364",-661.766997998892,-661.766997998892,1,3,2,4,1,3,2,4,250,4,14,10,1025075414,0.75,2,3
"sub.1464",-655.878170655092,-655.878170655092,1,2,3,4,1,2,3,4,250,4,15,10,1025075415,0.75,2,3
"sub.1564",-661.833091191568,-660.239140822929,4,1,2,3,3,1,2,2,250,4,16,10,1025075416,0.75,2,3
"sub.1664",-659.802432323562,-659.802432323562,2,2,1,2,2,2,1,2,250,4,17,10,1025075417,0.75,2,3
"sub.1764",-651.896359375105,-651.896359375105,1,2,2,3,1,2,2,3,250,4,18,10,1025075418,0.75,2,3
"sub.1864",-653.006488237642,-653.006488237642,2,1,1,1,2,1,1,1,250,4,19,10,1025075419,0.75,2,3
"sub.1964",-648.348211590857,-648.348211590857,1,1,1,1,1,1,1,1,250,4,20,10,1025075420,0.75,2,3
"sub65",-661.663580405266,-661.663580405266,1,2,2,3,1,2,2,3,250,4,1,11,112507541,0.75,2,3
"sub.1204",-651.825554710081,-651.825554710081,2,1,2,2,2,1,2,2,250,4,2,11,112507542,0.75,2,3
"sub.265",-651.851997719281,-651.851997719281,1,1,2,3,1,1,2,3,250,4,3,11,112507543,0.75,2,3
"sub.365",-671.316773339611,-671.316773339611,2,2,1,1,2,2,1,1,250,4,4,11,112507544,0.75,2,3
"sub.465",-673.508616933463,-673.508616933463,3,1,2,1,3,1,2,1,250,4,5,11,112507545,0.75,2,3
"sub.565",-652.864995295102,-652.864995295102,1,1,1,1,1,1,1,1,250,4,6,11,112507546,0.75,2,3
"sub.665",-664.376139456892,-661.972254369,1,2,1,3,1,2,1,2,250,4,7,11,112507547,0.75,2,3
"sub.765",-661.081402743768,-661.081402743768,2,2,1,2,2,2,1,2,250,4,8,11,112507548,0.75,2,3
"sub.865",-655.406778688778,-655.406778688778,1,3,4,2,1,3,4,2,250,4,9,11,112507549,0.75,2,3
"sub.965",-663.245237879789,-663.245237879789,2,2,3,1,2,2,3,1,250,4,10,11,1125075410,0.75,2,3
"sub.1065",-660.797024421403,-660.797024421403,1,1,1,2,1,1,1,2,250,4,11,11,1125075411,0.75,2,3
"sub.11104",-669.872526707249,-669.872526707249,2,3,2,1,2,3,2,1,250,4,12,11,1125075412,0.75,2,3
"sub.1267",-652.425913579017,-652.425913579017,1,3,3,2,1,3,3,2,250,4,13,11,1125075413,0.75,2,3
"sub.1365",-654.150819750678,-654.150819750678,4,2,3,1,4,2,3,1,250,4,14,11,1125075414,0.75,2,3
"sub.1465",-655.895360335429,-655.895360335429,1,2,1,2,1,2,1,2,250,4,15,11,1125075415,0.75,2,3
"sub.1565",-665.474342069953,-665.474342069953,1,1,1,1,1,1,1,1,250,4,16,11,1125075416,0.75,2,3
"sub.1665",-656.90321213944,-656.90321213944,1,1,1,1,1,1,1,1,250,4,17,11,1125075417,0.75,2,3
"sub.1765",-655.610184684959,-655.610184684959,1,1,2,1,1,1,2,1,250,4,18,11,1125075418,0.75,2,3
"sub.1865",-641.384188997151,-641.384188997151,1,1,1,2,1,1,1,2,250,4,19,11,1125075419,0.75,2,3
"sub.1965",-650.225702181085,-650.225702181085,1,1,3,2,1,1,3,2,250,4,20,11,1125075420,0.75,2,3
"sub66",-654.004649667998,-653.304538632993,1,1,2,1,1,1,3,2,250,4,1,12,122507541,0.75,2,2
"sub.1205",-653.18256687569,-653.18256687569,3,1,2,2,3,1,2,2,250,4,2,12,122507542,0.75,2,2
"sub.266",-668.032792639552,-668.032792639552,2,3,1,3,2,3,1,3,250,4,3,12,122507543,0.75,2,2
"sub.366",-657.762717894347,-656.483292293989,2,4,1,3,2,3,1,2,250,4,4,12,122507544,0.75,2,2
"sub.466",-660.704909172407,-660.704909172407,1,1,1,2,1,1,1,2,250,4,5,12,122507545,0.75,2,2
"sub.566",-660.309278600894,-660.309278600894,3,3,2,1,3,3,2,1,250,4,6,12,122507546,0.75,2,2
"sub.666",-655.59108012198,-655.59108012198,2,1,2,2,2,1,2,2,250,4,7,12,122507547,0.75,2,2
"sub.766",-652.351155040046,-652.351155040046,1,2,2,1,1,2,2,1,250,4,8,12,122507548,0.75,2,2
"sub.866",-666.434014087123,-666.434014087123,1,1,2,3,1,1,2,3,250,4,9,12,122507549,0.75,2,2
"sub.966",-669.653944877563,-669.653944877563,3,2,2,1,3,2,2,1,250,4,10,12,1225075410,0.75,2,2
"sub.1066",-664.910788948601,-663.141978896835,1,1,3,2,1,2,3,2,250,4,11,12,1225075411,0.75,2,2
"sub.11105",-659.304882155893,-659.304882155893,3,2,1,2,3,2,1,2,250,4,12,12,1225075412,0.75,2,2
"sub.1268",-672.442543173676,-672.442543173676,4,2,3,1,4,2,3,1,250,4,13,12,1225075413,0.75,2,2
"sub.1366",-650.245270025238,-650.245270025238,3,4,1,2,3,4,1,2,250,4,14,12,1225075414,0.75,2,2
"sub.1466",-653.340457595752,-653.340457595752,4,3,1,2,4,3,1,2,250,4,15,12,1225075415,0.75,2,2
"sub.1566",-666.670683083283,-666.670683083283,2,1,1,2,2,1,1,2,250,4,16,12,1225075416,0.75,2,2
"sub.1666",-656.953572265744,-656.953572265744,3,1,4,2,3,1,4,2,250,4,17,12,1225075417,0.75,2,2
"sub.1766",-658.652345202301,-658.652345202301,2,1,1,2,2,1,1,2,250,4,18,12,1225075418,0.75,2,2
"sub.1866",-667.215454733159,-667.215454733159,2,1,1,1,2,1,1,1,250,4,19,12,1225075419,0.75,2,2
"sub.1966",-648.842907832693,-648.842907832693,1,1,1,1,1,1,1,1,250,4,20,12,1225075420,0.75,2,2
"sub67",-650.279499015335,-650.279499015335,2,1,4,3,2,1,4,3,250,4,1,13,132507541,0.75,4,1
"sub.1206",-665.656173356576,-665.656173356576,1,2,2,3,1,2,2,3,250,4,2,13,132507542,0.75,4,1
"sub.267",-671.134458259354,-671.134458259354,1,1,1,2,1,1,1,2,250,4,3,13,132507543,0.75,4,1
"sub.367",-665.256236270114,-665.256236270114,1,1,2,2,1,1,2,2,250,4,4,13,132507544,0.75,4,1
"sub.467",-657.198099067497,-657.198099067497,2,1,2,2,2,1,2,2,250,4,5,13,132507545,0.75,4,1
"sub.567",-656.166521806686,-656.166521806686,1,2,2,3,1,2,2,3,250,4,6,13,132507546,0.75,4,1
"sub.667",-661.554110416714,-661.554110416714,1,2,1,3,1,2,1,3,250,4,7,13,132507547,0.75,4,1
"sub.767",-668.282638538603,-668.282638538603,2,1,2,1,2,1,2,1,250,4,8,13,132507548,0.75,4,1
"sub.867",-659.310832609247,-659.310832609247,2,1,1,1,2,1,1,1,250,4,9,13,132507549,0.75,4,1
"sub.967",-651.816102657276,-651.816102657276,2,4,1,3,2,4,1,3,250,4,10,13,1325075410,0.75,4,1
"sub.1067",-666.430699585705,-666.430699585705,1,2,2,2,1,2,2,2,250,4,11,13,1325075411,0.75,4,1
"sub.11106",-650.282532822305,-650.282532822305,1,3,2,1,1,3,2,1,250,4,12,13,1325075412,0.75,4,1
"sub.1269",-666.102802533776,-666.102802533776,3,1,2,3,3,1,2,3,250,4,13,13,1325075413,0.75,4,1
"sub.1367",-647.346679902803,-647.346679902803,1,1,2,2,1,1,2,2,250,4,14,13,1325075414,0.75,4,1
"sub.1467",-659.957153062364,-659.957153062364,1,2,1,2,1,2,1,2,250,4,15,13,1325075415,0.75,4,1
"sub.1567",-656.788431426462,-656.788431426462,2,1,4,3,2,1,4,3,250,4,16,13,1325075416,0.75,4,1
"sub.1667",-645.238096361612,-645.238096361612,1,1,3,2,1,1,3,2,250,4,17,13,1325075417,0.75,4,1
"sub.1767",-648.894794691356,-648.894794691356,2,1,2,2,2,1,2,2,250,4,18,13,1325075418,0.75,4,1
"sub.1867",-657.919124673769,-657.919124673769,1,3,2,3,1,3,2,3,250,4,19,13,1325075419,0.75,4,1
"sub.1967",-653.870517160704,-653.870517160704,1,1,1,1,1,1,1,1,250,4,20,13,1325075420,0.75,4,1
"sub68",-654.841023549848,-654.841023549848,2,3,2,1,2,3,2,1,250,4,1,14,142507541,0.75,4,1
"sub.1207",-672.912618972091,-672.912618972091,3,1,4,2,3,1,4,2,250,4,2,14,142507542,0.75,4,1
"sub.268",-665.34513686717,-665.34513686717,3,2,2,1,3,2,2,1,250,4,3,14,142507543,0.75,4,1
"sub.368",-648.977644011483,-648.977644011483,2,2,1,2,2,2,1,2,250,4,4,14,142507544,0.75,4,1
"sub.468",-670.818225926723,-670.818225926723,1,2,2,1,1,2,2,1,250,4,5,14,142507545,0.75,4,1
"sub.568",-658.712957373789,-658.712957373789,3,1,4,2,3,1,4,2,250,4,6,14,142507546,0.75,4,1
"sub.668",-644.453178971549,-644.453178971549,1,2,2,2,1,2,2,2,250,4,7,14,142507547,0.75,4,1
"sub.768",-670.476106202681,-670.476106202681,4,2,1,3,4,2,1,3,250,4,8,14,142507548,0.75,4,1
"sub.868",-659.106738959207,-659.106738959207,1,3,1,2,1,3,1,2,250,4,9,14,142507549,0.75,4,1
"sub.968",-659.798811875829,-659.044652022009,1,2,3,1,2,3,4,1,250,4,10,14,1425075410,0.75,4,1
"sub.1068",-647.821256585161,-647.821256585161,1,1,1,1,1,1,1,1,250,4,11,14,1425075411,0.75,4,1
"sub.11107",-659.996736854288,-654.923497251902,1,2,1,3,1,3,2,4,250,4,12,14,1425075412,0.75,4,1
"sub.1270",-662.812266307931,-662.812266307931,3,3,1,2,3,3,1,2,250,4,13,14,1425075413,0.75,4,1
"sub.1368",-655.372980395844,-655.372980395844,1,2,1,2,1,2,1,2,250,4,14,14,1425075414,0.75,4,1
"sub.1468",-664.563526883452,-664.563526883452,3,1,4,2,3,1,4,2,250,4,15,14,1425075415,0.75,4,1
"sub.1568",-659.265407040552,-658.201208788565,1,3,2,3,1,2,1,2,250,4,16,14,1425075416,0.75,4,1
"sub.1668",-653.463112972872,-653.463112972872,1,3,4,2,1,3,4,2,250,4,17,14,1425075417,0.75,4,1
"sub.1768",-642.226545186614,-642.226545186614,2,1,1,1,2,1,1,1,250,4,18,14,1425075418,0.75,4,1
"sub.1868",-650.718917927796,-650.718917927796,1,2,2,2,1,2,2,2,250,4,19,14,1425075419,0.75,4,1
"sub.1968",-665.639273434847,-665.415987575394,1,3,2,4,1,3,2,3,250,4,20,14,1425075420,0.75,4,1
"sub69",-658.108391927141,-658.108391927141,1,1,1,2,1,1,1,2,250,4,1,15,152507541,0.75,2,2
"sub.1208",-652.019227958534,-652.019227958534,4,1,2,3,4,1,2,3,250,4,2,15,152507542,0.75,2,2
"sub.269",-661.873470111237,-661.873470111237,2,1,2,2,2,1,2,2,250,4,3,15,152507543,0.75,2,2
"sub.369",-663.129875040392,-663.129875040392,1,2,2,2,1,2,2,2,250,4,4,15,152507544,0.75,2,2
"sub.469",-667.770038056309,-667.770038056309,1,2,1,1,1,2,1,1,250,4,5,15,152507545,0.75,2,2
"sub.569",-658.952902905936,-657.669452958141,3,4,1,2,2,2,1,1,250,4,6,15,152507546,0.75,2,2
"sub.669",-667.03907770511,-667.03907770511,1,1,1,1,1,1,1,1,250,4,7,15,152507547,0.75,2,2
"sub.769",-656.018900066611,-656.018900066611,1,3,1,2,1,3,1,2,250,4,8,15,152507548,0.75,2,2
"sub.869",-662.118570551543,-662.118570551543,2,3,1,3,2,3,1,3,250,4,9,15,152507549,0.75,2,2
"sub.969",-665.254288823822,-665.254288823822,2,1,2,3,2,1,2,3,250,4,10,15,1525075410,0.75,2,2
"sub.1069",-653.032991772488,-653.032991772488,2,1,2,3,2,1,2,3,250,4,11,15,1525075411,0.75,2,2
"sub.11108",-667.334415757027,-667.334415757027,1,1,1,2,1,1,1,2,250,4,12,15,1525075412,0.75,2,2
"sub.1271",-650.594794554796,-650.594794554796,2,2,1,2,2,2,1,2,250,4,13,15,1525075413,0.75,2,2
"sub.1369",-651.364777187664,-651.364777187664,1,1,1,1,1,1,1,1,250,4,14,15,1525075414,0.75,2,2
"sub.1469",-662.675909102484,-662.675909102484,2,3,4,1,2,3,4,1,250,4,15,15,1525075415,0.75,2,2
"sub.1569",-651.612350188483,-651.612350188483,1,2,2,2,1,2,2,2,250,4,16,15,1525075416,0.75,2,2
"sub.1669",-661.366824234418,-661.366824234418,1,1,2,1,1,1,2,1,250,4,17,15,1525075417,0.75,2,2
"sub.1769",-658.935491553314,-658.935491553314,2,3,1,1,2,3,1,1,250,4,18,15,1525075418,0.75,2,2
"sub.1869",-650.853951563897,-650.853951563897,1,1,1,1,1,1,1,1,250,4,19,15,1525075419,0.75,2,2
"sub.1969",-661.463658519994,-661.463658519994,1,2,1,2,1,2,1,2,250,4,20,15,1525075420,0.75,2,2
"sub70",-663.900582915426,-663.900582915426,2,1,2,2,2,1,2,2,250,4,1,16,162507541,0.75,2,2
"sub.1209",-625.683646159985,-625.683646159985,1,1,1,1,1,1,1,1,250,4,2,16,162507542,0.75,2,2
"sub.270",-649.840797189509,-649.733540109351,3,1,2,4,3,1,2,3,250,4,3,16,162507543,0.75,2,2
"sub.370",-661.594332795394,-661.594332795394,1,2,2,3,1,2,2,3,250,4,4,16,162507544,0.75,2,2
"sub.470",-638.810107917298,-638.810107917298,1,2,2,2,1,2,2,2,250,4,5,16,162507545,0.75,2,2
"sub.570",-653.877597004558,-653.877597004558,2,1,1,3,2,1,1,3,250,4,6,16,162507546,0.75,2,2
"sub.670",-666.090521275145,-666.090521275145,2,1,2,3,2,1,2,3,250,4,7,16,162507547,0.75,2,2
"sub.770",-652.392247253392,-652.392247253392,1,1,2,1,1,1,2,1,250,4,8,16,162507548,0.75,2,2
"sub.870",-656.823257845375,-656.823257845375,3,1,2,3,3,1,2,3,250,4,9,16,162507549,0.75,2,2
"sub.970",-677.001134149443,-677.001134149443,2,2,1,2,2,2,1,2,250,4,10,16,1625075410,0.75,2,2
"sub.1070",-671.28311941486,-671.28311941486,3,1,4,2,3,1,4,2,250,4,11,16,1625075411,0.75,2,2
"sub.11109",-659.347148741497,-659.347148741497,3,1,2,3,3,1,2,3,250,4,12,16,1625075412,0.75,2,2
"sub.1272",-643.515756763145,-643.515756763145,2,2,1,2,2,2,1,2,250,4,13,16,1625075413,0.75,2,2
"sub.1370",-659.805866551839,-659.805866551839,1,1,2,3,1,1,2,3,250,4,14,16,1625075414,0.75,2,2
"sub.1470",-658.466925763071,-658.466925763071,1,2,2,2,1,2,2,2,250,4,15,16,1625075415,0.75,2,2
"sub.1570",-663.402493220132,-663.402493220132,1,2,1,3,1,2,1,3,250,4,16,16,1625075416,0.75,2,2
"sub.1670",-648.004670370475,-648.004670370475,1,1,1,2,1,1,1,2,250,4,17,16,1625075417,0.75,2,2
"sub.1770",-663.614590817292,-663.614590817292,2,4,1,3,2,4,1,3,250,4,18,16,1625075418,0.75,2,2
"sub.1870",-650.611683112788,-650.611683112788,1,2,3,2,1,2,3,2,250,4,19,16,1625075419,0.75,2,2
"sub.1970",-655.419123413932,-655.419123413932,1,1,1,1,1,1,1,1,250,4,20,16,1625075420,0.75,2,2
"sub71",-648.394067845804,-648.394067845804,2,3,2,1,2,3,2,1,250,4,1,17,172507541,0.75,4,1
"sub.1273",-650.546777257684,-650.546777257684,1,2,1,1,1,2,1,1,250,4,2,17,172507542,0.75,4,1
"sub.271",-658.419559628808,-658.419559628808,1,1,1,1,1,1,1,1,250,4,3,17,172507543,0.75,4,1
"sub.371",-651.828727753094,-651.828727753094,1,2,3,4,1,2,3,4,250,4,4,17,172507544,0.75,4,1
"sub.471",-647.903566173434,-647.903566173434,3,1,2,3,3,1,2,3,250,4,5,17,172507545,0.75,4,1
"sub.571",-656.886310643808,-656.886310643808,2,1,3,4,2,1,3,4,250,4,6,17,172507546,0.75,4,1
"sub.671",-678.96943875408,-676.958666047845,2,1,1,2,2,1,1,3,250,4,7,17,172507547,0.75,4,1
"sub.771",-660.135210009818,-660.135210009818,4,1,2,3,4,1,2,3,250,4,8,17,172507548,0.75,4,1
"sub.871",-652.694532822204,-652.694532822204,1,3,2,4,1,3,2,4,250,4,9,17,172507549,0.75,4,1
"sub.971",-654.300690195444,-654.300690195444,2,2,2,1,2,2,2,1,250,4,10,17,1725075410,0.75,4,1
"sub.1071",-660.761652831828,-660.761652831828,1,2,2,1,1,2,2,1,250,4,11,17,1725075411,0.75,4,1
"sub.11110",-654.876039026306,-654.876039026306,1,1,1,1,1,1,1,1,250,4,12,17,1725075412,0.75,4,1
"sub.1274",-666.801732480504,-666.801732480504,1,2,1,1,1,2,1,1,250,4,13,17,1725075413,0.75,4,1
"sub.1371",-663.279046628907,-659.788979362241,1,1,2,3,1,1,1,2,250,4,14,17,1725075414,0.75,4,1
"sub.1471",-661.75466742667,-661.75466742667,1,2,2,2,1,2,2,2,250,4,15,17,1725075415,0.75,4,1
"sub.1571",-673.280599616271,-673.280599616271,2,1,1,1,2,1,1,1,250,4,16,17,1725075416,0.75,4,1
"sub.1671",-663.353773615657,-663.353773615657,1,2,1,2,1,2,1,2,250,4,17,17,1725075417,0.75,4,1
"sub.1771",-652.434816580985,-652.434816580985,1,1,1,1,1,1,1,1,250,4,18,17,1725075418,0.75,4,1
"sub.1871",-654.506950474144,-654.506950474144,1,3,2,2,1,3,2,2,250,4,19,17,1725075419,0.75,4,1
"sub.1971",-658.037172475751,-658.037172475751,4,1,2,3,4,1,2,3,250,4,20,17,1725075420,0.75,4,1
"sub72",-656.802768099762,-656.802768099762,2,2,1,2,2,2,1,2,250,4,1,18,182507541,0.75,4,1
"sub.1275",-648.102961405155,-648.102961405155,2,2,2,1,2,2,2,1,250,4,2,18,182507542,0.75,4,1
"sub.272",-667.40614172134,-664.556132097997,1,2,3,3,1,2,2,2,250,4,3,18,182507543,0.75,4,1
"sub.372",-660.508335594552,-660.508335594552,3,2,1,3,3,2,1,3,250,4,4,18,182507544,0.75,4,1
"sub.472",-651.190133369944,-651.190133369944,3,3,1,2,3,3,1,2,250,4,5,18,182507545,0.75,4,1
"sub.572",-682.346586511904,-682.346586511904,1,1,2,2,1,1,2,2,250,4,6,18,182507546,0.75,4,1
"sub.672",-657.86259236567,-657.86259236567,3,1,2,4,3,1,2,4,250,4,7,18,182507547,0.75,4,1
"sub.772",-667.908087034708,-667.908087034708,1,3,2,3,1,3,2,3,250,4,8,18,182507548,0.75,4,1
"sub.872",-658.451818392668,-658.451818392668,1,1,1,1,1,1,1,1,250,4,9,18,182507549,0.75,4,1
"sub.972",-654.749909661592,-654.749909661592,1,1,1,2,1,1,1,2,250,4,10,18,1825075410,0.75,4,1
"sub.1072",-671.3720285274,-671.3720285274,3,2,2,1,3,2,2,1,250,4,11,18,1825075411,0.75,4,1
"sub.11111",-664.27416455628,-664.27416455628,2,1,2,1,2,1,2,1,250,4,12,18,1825075412,0.75,4,1
"sub.1276",-656.518237804739,-656.518237804739,1,4,2,3,1,4,2,3,250,4,13,18,1825075413,0.75,4,1
"sub.1372",-644.441689569602,-644.441689569602,1,2,2,2,1,2,2,2,250,4,14,18,1825075414,0.75,4,1
"sub.1472",-653.069656417142,-653.069656417142,1,2,1,2,1,2,1,2,250,4,15,18,1825075415,0.75,4,1
"sub.1572",-660.712200696214,-660.712200696214,2,1,1,1,2,1,1,1,250,4,16,18,1825075416,0.75,4,1
"sub.1672",-654.66233703863,-654.66233703863,2,3,2,1,2,3,2,1,250,4,17,18,1825075417,0.75,4,1
"sub.1772",-670.588793612501,-670.588793612501,1,2,3,1,1,2,3,1,250,4,18,18,1825075418,0.75,4,1
"sub.1872",-663.795478849915,-663.795478849915,2,2,2,1,2,2,2,1,250,4,19,18,1825075419,0.75,4,1
"sub.1972",-656.031459175793,-656.031459175793,2,3,1,2,2,3,1,2,250,4,20,18,1825075420,0.75,4,1
"sub73",-659.705241055886,-659.705241055886,1,2,1,2,1,2,1,2,250,4,1,19,192507541,0.75,2,3
"sub.1277",-651.76269713792,-651.76269713792,1,1,1,1,1,1,1,1,250,4,2,19,192507542,0.75,2,3
"sub.273",-656.796625515828,-656.796625515828,2,2,2,1,2,2,2,1,250,4,3,19,192507543,0.75,2,3
"sub.373",-658.242607482407,-658.242607482407,4,1,2,3,4,1,2,3,250,4,4,19,192507544,0.75,2,3
"sub.473",-673.456582326322,-673.456582326322,2,1,1,2,2,1,1,2,250,4,5,19,192507545,0.75,2,3
"sub.573",-650.54706034159,-650.54706034159,3,1,2,1,3,1,2,1,250,4,6,19,192507546,0.75,2,3
"sub.673",-656.343998369884,-656.343998369884,1,1,1,1,1,1,1,1,250,4,7,19,192507547,0.75,2,3
"sub.773",-665.811793120031,-665.811793120031,2,2,1,1,2,2,1,1,250,4,8,19,192507548,0.75,2,3
"sub.873",-654.888480476916,-653.645139365098,2,3,4,1,1,2,2,1,250,4,9,19,192507549,0.75,2,3
"sub.973",-656.463200941978,-656.463200941978,1,2,3,3,1,2,3,3,250,4,10,19,1925075410,0.75,2,3
"sub.1073",-655.913819655768,-655.913819655768,1,1,1,1,1,1,1,1,250,4,11,19,1925075411,0.75,2,3
"sub.11112",-636.233561057842,-636.233561057842,1,1,1,1,1,1,1,1,250,4,12,19,1925075412,0.75,2,3
"sub.1278",-656.256152560482,-656.256152560482,1,1,1,2,1,1,1,2,250,4,13,19,1925075413,0.75,2,3
"sub.1373",-656.822677681934,-656.822677681934,1,3,3,2,1,3,3,2,250,4,14,19,1925075414,0.75,2,3
"sub.1473",-658.537370069228,-658.537370069228,2,3,1,1,2,3,1,1,250,4,15,19,1925075415,0.75,2,3
"sub.1573",-656.030963227901,-656.030963227901,3,1,2,3,3,1,2,3,250,4,16,19,1925075416,0.75,2,3
"sub.1673",-656.548188975635,-656.548188975635,1,1,2,2,1,1,2,2,250,4,17,19,1925075417,0.75,2,3
"sub.1773",-665.296803898111,-665.296803898111,2,3,1,2,2,3,1,2,250,4,18,19,1925075418,0.75,2,3
"sub.1873",-662.030657057044,-662.030657057044,1,2,3,4,1,2,3,4,250,4,19,19,1925075419,0.75,2,3
"sub.1973",-652.975847434795,-652.975847434795,1,1,2,3,1,1,2,3,250,4,20,19,1925075420,0.75,2,3
"sub74",-657.478555290926,-657.478555290926,1,1,1,1,1,1,1,1,250,4,1,2,22507541,0.75,3,2
"sub.1279",-667.250906005828,-667.250906005828,3,1,1,2,3,1,1,2,250,4,2,2,22507542,0.75,3,2
"sub.274",-660.925539187796,-660.925539187796,1,1,2,3,1,1,2,3,250,4,3,2,22507543,0.75,3,2
"sub.374",-672.43987158401,-672.43987158401,2,1,1,2,2,1,1,2,250,4,4,2,22507544,0.75,3,2
"sub.474",-657.406788927285,-657.406788927285,2,2,1,2,2,2,1,2,250,4,5,2,22507545,0.75,3,2
"sub.574",-658.57799880288,-658.57799880288,4,1,3,2,4,1,3,2,250,4,6,2,22507546,0.75,3,2
"sub.674",-655.50320449498,-655.50320449498,1,1,2,3,1,1,2,3,250,4,7,2,22507547,0.75,3,2
"sub.774",-663.289621106207,-663.289621106207,3,3,2,1,3,3,2,1,250,4,8,2,22507548,0.75,3,2
"sub.874",-658.776447261382,-658.776447261382,1,1,2,2,1,1,2,2,250,4,9,2,22507549,0.75,3,2
"sub.974",-653.371702143007,-653.371702143007,1,3,2,4,1,3,2,4,250,4,10,2,225075410,0.75,3,2
"sub.1074",-650.394258853952,-650.394258853952,4,3,1,2,4,3,1,2,250,4,11,2,225075411,0.75,3,2
"sub.11113",-666.73961532191,-666.73961532191,1,2,1,2,1,2,1,2,250,4,12,2,225075412,0.75,3,2
"sub.1280",-654.714269775572,-654.714269775572,1,1,1,2,1,1,1,2,250,4,13,2,225075413,0.75,3,2
"sub.1374",-659.445005134392,-659.445005134392,2,2,1,1,2,2,1,1,250,4,14,2,225075414,0.75,3,2
"sub.1474",-654.232550841689,-654.232550841689,2,1,3,2,2,1,3,2,250,4,15,2,225075415,0.75,3,2
"sub.1574",-648.681360339041,-648.681360339041,2,1,1,3,2,1,1,3,250,4,16,2,225075416,0.75,3,2
"sub.1674",-677.649246992404,-677.649246992404,2,1,1,1,2,1,1,1,250,4,17,2,225075417,0.75,3,2
"sub.1774",-663.016990242702,-663.016990242702,1,1,1,1,1,1,1,1,250,4,18,2,225075418,0.75,3,2
"sub.1874",-656.366625968005,-656.366625968005,1,3,2,3,1,3,2,3,250,4,19,2,225075419,0.75,3,2
"sub.1974",-662.637779285259,-662.637779285259,2,3,3,1,2,3,3,1,250,4,20,2,225075420,0.75,3,2
"sub75",-656.0719830931,-656.0719830931,2,3,1,1,2,3,1,1,250,4,1,20,202507541,0.75,2,2
"sub.1281",-665.892006181681,-665.892006181681,2,3,4,1,2,3,4,1,250,4,2,20,202507542,0.75,2,2
"sub.275",-649.16686296222,-649.16686296222,4,1,2,3,4,1,2,3,250,4,3,20,202507543,0.75,2,2
"sub.375",-659.45734025827,-659.45734025827,1,1,1,1,1,1,1,1,250,4,4,20,202507544,0.75,2,2
"sub.475",-648.005913016362,-648.005913016362,3,1,2,1,3,1,2,1,250,4,5,20,202507545,0.75,2,2
"sub.575",-660.255249400488,-660.255249400488,1,1,2,2,1,1,2,2,250,4,6,20,202507546,0.75,2,2
"sub.675",-660.225448740626,-660.225448740626,2,1,3,3,2,1,3,3,250,4,7,20,202507547,0.75,2,2
"sub.775",-638.212346025187,-638.212346025187,1,1,1,1,1,1,1,1,250,4,8,20,202507548,0.75,2,2
"sub.875",-665.032085803557,-665.032085803557,1,3,2,2,1,3,2,2,250,4,9,20,202507549,0.75,2,2
"sub.975",-665.346866154203,-665.346866154203,1,2,2,2,1,2,2,2,250,4,10,20,2025075410,0.75,2,2
"sub.1075",-648.810649068834,-648.810649068834,1,1,1,1,1,1,1,1,250,4,11,20,2025075411,0.75,2,2
"sub.11114",-659.38229993742,-659.38229993742,3,3,1,2,3,3,1,2,250,4,12,20,2025075412,0.75,2,2
"sub.1282",-654.435726809007,-654.435726809007,1,2,2,2,1,2,2,2,250,4,13,20,2025075413,0.75,2,2
"sub.1375",-658.139996044752,-658.139996044752,1,2,2,2,1,2,2,2,250,4,14,20,2025075414,0.75,2,2
"sub.1475",-651.32605032055,-651.32605032055,1,2,3,3,1,2,3,3,250,4,15,20,2025075415,0.75,2,2
"sub.1575",-670.071463481459,-670.071463481459,2,1,2,2,2,1,2,2,250,4,16,20,2025075416,0.75,2,2
"sub.1675",-660.478991505802,-660.478991505802,1,1,1,1,1,1,1,1,250,4,17,20,2025075417,0.75,2,2
"sub.1775",-660.783361963953,-660.783361963953,1,2,3,2,1,2,3,2,250,4,18,20,2025075418,0.75,2,2
"sub.1875",-652.60234984162,-652.60234984162,1,2,2,2,1,2,2,2,250,4,19,20,2025075419,0.75,2,2
"sub.1975",-661.97920961324,-661.97920961324,1,1,1,1,1,1,1,1,250,4,20,20,2025075420,0.75,2,2
"sub76",-658.201304074052,-658.201304074052,1,3,1,2,1,3,1,2,250,4,1,21,212507541,0.75,2,3
"sub.1283",-666.49027127455,-666.49027127455,1,2,1,2,1,2,1,2,250,4,2,21,212507542,0.75,2,3
"sub.276",-668.588480901661,-668.588480901661,2,1,1,1,2,1,1,1,250,4,3,21,212507543,0.75,2,3
"sub.376",-658.978773398364,-658.978773398364,1,1,1,1,1,1,1,1,250,4,4,21,212507544,0.75,2,3
"sub.476",-671.868644402663,-671.868644402663,2,3,4,1,2,3,4,1,250,4,5,21,212507545,0.75,2,3
"sub.576",-668.521193280079,-668.521193280079,1,2,1,2,1,2,1,2,250,4,6,21,212507546,0.75,2,3
"sub.676",-655.389315103183,-655.389315103183,1,1,3,2,1,1,3,2,250,4,7,21,212507547,0.75,2,3
"sub.776",-646.735906525255,-646.735906525255,2,3,2,1,2,3,2,1,250,4,8,21,212507548,0.75,2,3
"sub.876",-658.563481781183,-658.563481781183,1,2,1,1,1,2,1,1,250,4,9,21,212507549,0.75,2,3
"sub.976",-667.657160604011,-667.657160604011,1,2,1,1,1,2,1,1,250,4,10,21,2125075410,0.75,2,3
"sub.1076",-661.554693473329,-661.554693473329,2,2,1,2,2,2,1,2,250,4,11,21,2125075411,0.75,2,3
"sub.11115",-663.44341722125,-663.44341722125,1,2,1,3,1,2,1,3,250,4,12,21,2125075412,0.75,2,3
"sub.1284",-657.955517217595,-656.278067375354,1,2,3,4,1,1,2,3,250,4,13,21,2125075413,0.75,2,3
"sub.1376",-647.01675854687,-647.01675854687,1,2,3,3,1,2,3,3,250,4,14,21,2125075414,0.75,2,3
"sub.1476",-675.489517278329,-675.489517278329,2,1,1,1,2,1,1,1,250,4,15,21,2125075415,0.75,2,3
"sub.1576",-663.033119624632,-663.033119624632,1,1,1,1,1,1,1,1,250,4,16,21,2125075416,0.75,2,3
"sub.1676",-657.189160448802,-657.189160448802,1,1,2,1,1,1,2,1,250,4,17,21,2125075417,0.75,2,3
"sub.1776",-665.487729029084,-665.487729029084,1,1,2,3,1,1,2,3,250,4,18,21,2125075418,0.75,2,3
"sub.1876",-666.413571143951,-666.413571143951,1,2,3,4,1,2,3,4,250,4,19,21,2125075419,0.75,2,3
"sub.1976",-656.73068857076,-656.73068857076,1,2,4,3,1,2,4,3,250,4,20,21,2125075420,0.75,2,3
"sub77",-653.44552513442,-653.44552513442,2,3,1,2,2,3,1,2,250,4,1,3,32507541,0.75,4,1
"sub.1285",-653.324543373853,-653.324543373853,1,4,2,3,1,4,2,3,250,4,2,3,32507542,0.75,4,1
"sub.277",-650.970129878472,-650.970129878472,2,1,2,2,2,1,2,2,250,4,3,3,32507543,0.75,4,1
"sub.377",-655.275465381345,-655.275465381345,1,2,1,1,1,2,1,1,250,4,4,3,32507544,0.75,4,1
"sub.477",-658.011705551034,-658.011705551034,2,2,2,1,2,2,2,1,250,4,5,3,32507545,0.75,4,1
"sub.577",-666.704346506452,-666.704346506452,2,1,3,3,2,1,3,3,250,4,6,3,32507546,0.75,4,1
"sub.677",-656.706755050216,-656.706755050216,2,3,3,1,2,3,3,1,250,4,7,3,32507547,0.75,4,1
"sub.777",-647.279833860496,-647.279833860496,2,3,1,3,2,3,1,3,250,4,8,3,32507548,0.75,4,1
"sub.877",-675.143151469019,-675.143151469019,1,2,2,2,1,2,2,2,250,4,9,3,32507549,0.75,4,1
"sub.977",-655.450575934332,-655.450575934332,2,1,2,1,2,1,2,1,250,4,10,3,325075410,0.75,4,1
"sub.1077",-654.506566557874,-654.506566557874,1,2,3,3,1,2,3,3,250,4,11,3,325075411,0.75,4,1
"sub.11116",-659.944834342085,-659.944834342085,2,1,2,2,2,1,2,2,250,4,12,3,325075412,0.75,4,1
"sub.1286",-663.547646178679,-663.547646178679,2,1,3,1,2,1,3,1,250,4,13,3,325075413,0.75,4,1
"sub.1377",-670.754289521668,-670.754289521668,4,3,1,2,4,3,1,2,250,4,14,3,325075414,0.75,4,1
"sub.1477",-672.494313061922,-672.494313061922,1,1,2,2,1,1,2,2,250,4,15,3,325075415,0.75,4,1
"sub.1577",-651.940120339149,-651.940120339149,1,1,1,1,1,1,1,1,250,4,16,3,325075416,0.75,4,1
"sub.1677",-662.391791356517,-662.391791356517,1,3,1,2,1,3,1,2,250,4,17,3,325075417,0.75,4,1
"sub.1777",-648.859037214623,-648.859037214623,1,1,1,1,1,1,1,1,250,4,18,3,325075418,0.75,4,1
"sub.1877",-655.060527545353,-655.060527545353,2,1,2,1,2,1,2,1,250,4,19,3,325075419,0.75,4,1
"sub.1977",-657.467550988186,-657.467550988186,1,3,2,2,1,3,2,2,250,4,20,3,325075420,0.75,4,1
"sub78",-663.679969927945,-663.192978692157,2,3,1,4,2,3,1,3,250,4,1,4,42507541,0.75,4,1
"sub.1287",-660.983632409586,-660.983632409586,2,2,1,2,2,2,1,2,250,4,2,4,42507542,0.75,4,1
"sub.278",-650.870080945827,-650.870080945827,1,1,1,1,1,1,1,1,250,4,3,4,42507543,0.75,4,1
"sub.378",-664.265694564652,-664.265694564652,1,3,4,2,1,3,4,2,250,4,4,4,42507544,0.75,4,1
"sub.478",-669.835817164903,-669.835817164903,2,1,1,1,2,1,1,1,250,4,5,4,42507545,0.75,4,1
"sub.578",-669.86184218093,-667.993933377905,1,2,4,3,1,2,3,3,250,4,6,4,42507546,0.75,4,1
"sub.678",-658.974708701935,-658.974708701935,1,3,1,2,1,3,1,2,250,4,7,4,42507547,0.75,4,1
"sub.778",-662.479989792824,-662.479989792824,2,1,1,3,2,1,1,3,250,4,8,4,42507548,0.75,4,1
"sub.878",-659.047877492604,-659.047877492604,2,2,1,3,2,2,1,3,250,4,9,4,42507549,0.75,4,1
"sub.978",-654.36131805596,-654.36131805596,1,2,3,2,1,2,3,2,250,4,10,4,425075410,0.75,4,1
"sub.1078",-662.936343333053,-662.936343333053,1,1,1,1,1,1,1,1,250,4,11,4,425075411,0.75,4,1
"sub.11117",-651.552402823328,-651.552402823328,1,2,2,2,1,2,2,2,250,4,12,4,425075412,0.75,4,1
"sub.1288",-654.152236495787,-654.152236495787,1,2,2,2,1,2,2,2,250,4,13,4,425075413,0.75,4,1
"sub.1378",-666.001297075648,-666.001297075648,1,1,1,1,1,1,1,1,250,4,14,4,425075414,0.75,4,1
"sub.1478",-674.311296504697,-673.812299110075,1,2,1,3,1,2,1,2,250,4,15,4,425075415,0.75,4,1
"sub.1578",-654.487817566588,-654.487817566588,1,1,2,1,1,1,2,1,250,4,16,4,425075416,0.75,4,1
"sub.1678",-654.905454699707,-654.905454699707,1,2,2,3,1,2,2,3,250,4,17,4,425075417,0.75,4,1
"sub.1778",-642.99939887202,-642.99939887202,2,4,1,3,2,4,1,3,250,4,18,4,425075418,0.75,4,1
"sub.1878",-662.185983103427,-662.185983103427,1,3,2,2,1,3,2,2,250,4,19,4,425075419,0.75,4,1
"sub.1978",-657.608167186098,-657.608167186098,1,2,1,1,1,2,1,1,250,4,20,4,425075420,0.75,4,1
"sub79",-654.126728055605,-654.126728055605,1,2,1,2,1,2,1,2,250,4,1,5,52507541,0.75,3,2
"sub.1289",-652.457062519582,-652.457062519582,2,1,3,3,2,1,3,3,250,4,2,5,52507542,0.75,3,2
"sub.279",-647.007531867706,-647.007531867706,2,3,1,1,2,3,1,1,250,4,3,5,52507543,0.75,3,2
"sub.379",-655.968327677101,-655.968327677101,1,1,2,2,1,1,2,2,250,4,4,5,52507544,0.75,3,2
"sub.479",-665.027123620421,-665.027123620421,1,3,3,2,1,3,3,2,250,4,5,5,52507545,0.75,3,2
"sub.579",-649.298243813195,-649.298243813195,2,1,3,1,2,1,3,1,250,4,6,5,52507546,0.75,3,2
"sub.679",-671.266298747562,-671.266298747562,2,2,1,2,2,2,1,2,250,4,7,5,52507547,0.75,3,2
"sub.779",-652.675854501954,-652.675854501954,2,1,2,2,2,1,2,2,250,4,8,5,52507548,0.75,3,2
"sub.879",-659.632053722915,-659.632053722915,3,4,1,2,3,4,1,2,250,4,9,5,52507549,0.75,3,2
"sub.979",-662.544362418878,-662.544362418878,1,2,1,1,1,2,1,1,250,4,10,5,525075410,0.75,3,2
"sub.1079",-653.177870461615,-653.177870461615,2,3,1,1,2,3,1,1,250,4,11,5,525075411,0.75,3,2
"sub.11118",-650.260449424926,-650.260449424926,1,2,2,2,1,2,2,2,250,4,12,5,525075412,0.75,3,2
"sub.1290",-663.431039574889,-663.431039574889,1,1,1,1,1,1,1,1,250,4,13,5,525075413,0.75,3,2
"sub.1379",-656.057216217534,-656.057216217534,1,1,2,2,1,1,2,2,250,4,14,5,525075414,0.75,3,2
"sub.1479",-667.100026352297,-667.100026352297,1,2,1,2,1,2,1,2,250,4,15,5,525075415,0.75,3,2
"sub.1579",-674.255789226582,-674.255789226582,2,3,1,2,2,3,1,2,250,4,16,5,525075416,0.75,3,2
"sub.1679",-664.279689432212,-664.127669529964,2,3,3,1,1,2,2,1,250,4,17,5,525075417,0.75,3,2
"sub.1779",-673.274704374085,-671.849069835427,1,3,3,2,1,2,2,1,250,4,18,5,525075418,0.75,3,2
"sub.1879",-651.89912444367,-651.89912444367,1,1,1,2,1,1,1,2,250,4,19,5,525075419,0.75,3,2
"sub.1979",-649.678198458178,-649.678198458178,1,3,3,2,1,3,3,2,250,4,20,5,525075420,0.75,3,2
"sub80",-656.307712363532,-656.307712363532,1,1,1,2,1,1,1,2,250,4,1,6,62507541,0.75,2,3
"sub.1291",-655.419123413932,-655.419123413932,1,1,1,1,1,1,1,1,250,4,2,6,62507542,0.75,2,3
"sub.280",-676.561821382821,-676.561821382821,3,1,2,2,3,1,2,2,250,4,3,6,62507543,0.75,2,3
"sub.380",-659.194583953946,-659.194583953946,2,3,1,2,2,3,1,2,250,4,4,6,62507544,0.75,2,3
"sub.480",-665.199447920659,-665.199447920659,3,2,1,3,3,2,1,3,250,4,5,6,62507545,0.75,2,3
"sub.580",-674.387789380938,-674.387789380938,1,3,2,2,1,3,2,2,250,4,6,6,62507546,0.75,2,3
"sub.680",-654.68041154893,-654.68041154893,1,2,1,1,1,2,1,1,250,4,7,6,62507547,0.75,2,3
"sub.780",-659.803939049567,-659.803939049567,1,2,1,3,1,2,1,3,250,4,8,6,62507548,0.75,2,3
"sub.880",-655.563828272566,-655.563828272566,1,2,1,3,1,2,1,3,250,4,9,6,62507549,0.75,2,3
"sub.980",-661.673824976127,-661.673824976127,3,1,2,3,3,1,2,3,250,4,10,6,625075410,0.75,2,3
"sub.1080",-661.97139842898,-661.97139842898,2,2,1,3,2,2,1,3,250,4,11,6,625075411,0.75,2,3
"sub.11119",-646.160282676827,-646.160282676827,1,1,3,2,1,1,3,2,250,4,12,6,625075412,0.75,2,3
"sub.1292",-662.786316071948,-661.161753075447,1,3,4,2,1,3,3,2,250,4,13,6,625075413,0.75,2,3
"sub.1380",-652.951059832954,-652.951059832954,1,1,1,2,1,1,1,2,250,4,14,6,625075414,0.75,2,3
"sub.1480",-662.130341671762,-662.130341671762,3,4,2,1,3,4,2,1,250,4,15,6,625075415,0.75,2,3
"sub.1580",-652.724435674449,-652.724435674449,1,2,3,2,1,2,3,2,250,4,16,6,625075416,0.75,2,3
"sub.1680",-651.04887691612,-651.04887691612,2,2,1,2,2,2,1,2,250,4,17,6,625075417,0.75,2,3
"sub.1780",-649.681979536759,-649.681979536759,1,2,3,3,1,2,3,3,250,4,18,6,625075418,0.75,2,3
"sub.1880",-660.877011893107,-660.877011893107,1,2,2,3,1,2,2,3,250,4,19,6,625075419,0.75,2,3
"sub.1980",-667.47213492735,-666.577213792409,1,2,3,2,1,3,3,2,250,4,20,6,625075420,0.75,2,3
"sub81",-651.087938627797,-651.087938627797,2,3,1,1,2,3,1,1,250,4,1,7,72507541,0.75,2,3
"sub.1293",-660.957510268365,-660.957510268365,1,1,1,2,1,1,1,2,250,4,2,7,72507542,0.75,2,3
"sub.281",-670.667815937776,-670.667815937776,2,3,1,2,2,3,1,2,250,4,3,7,72507543,0.75,2,3
"sub.381",-670.43735648718,-670.417199938548,2,3,3,1,2,3,4,1,250,4,4,7,72507544,0.75,2,3
"sub.481",-664.61755867656,-664.61755867656,1,2,2,2,1,2,2,2,250,4,5,7,72507545,0.75,2,3
"sub.581",-644.885337898004,-644.885337898004,1,1,1,1,1,1,1,1,250,4,6,7,72507546,0.75,2,3
"sub.681",-665.012933912317,-665.012933912317,2,2,1,2,2,2,1,2,250,4,7,7,72507547,0.75,2,3
"sub.781",-653.546178458063,-653.546178458063,3,1,2,4,3,1,2,4,250,4,8,7,72507548,0.75,2,3
"sub.881",-635.68778345867,-635.68778345867,1,2,1,1,1,2,1,1,250,4,9,7,72507549,0.75,2,3
"sub.981",-659.965820689022,-659.965820689022,2,1,2,3,2,1,2,3,250,4,10,7,725075410,0.75,2,3
"sub.1081",-677.065018987526,-677.065018987526,2,2,2,1,2,2,2,1,250,4,11,7,725075411,0.75,2,3
"sub.11120",-654.429730930259,-654.429730930259,1,1,1,1,1,1,1,1,250,4,12,7,725075412,0.75,2,3
"sub.1294",-651.384260715313,-651.384260715313,3,2,1,3,3,2,1,3,250,4,13,7,725075413,0.75,2,3
"sub.1381",-661.491238523605,-659.026707877951,4,3,1,2,3,2,1,1,250,4,14,7,725075414,0.75,2,3
"sub.1481",-670.877572767251,-670.877572767251,2,2,1,2,2,2,1,2,250,4,15,7,725075415,0.75,2,3
"sub.1581",-654.603549398956,-654.603549398956,1,3,1,2,1,3,1,2,250,4,16,7,725075416,0.75,2,3
"sub.1681",-663.189928777245,-663.189928777245,1,1,2,1,1,1,2,1,250,4,17,7,725075417,0.75,2,3
"sub.1781",-654.243964221494,-654.243964221494,3,1,3,2,3,1,3,2,250,4,18,7,725075418,0.75,2,3
"sub.1881",-665.458212688023,-665.458212688023,1,1,1,1,1,1,1,1,250,4,19,7,725075419,0.75,2,3
"sub.1981",-661.90524845795,-661.90524845795,2,1,1,1,2,1,1,1,250,4,20,7,725075420,0.75,2,3
"sub82",-650.702869082045,-650.702869082045,1,1,2,1,1,1,2,1,250,4,1,8,82507541,0.75,4,1
"sub.1295",-663.175559215637,-663.175559215637,3,1,2,2,3,1,2,2,250,4,2,8,82507542,0.75,4,1
"sub.282",-664.823172748621,-658.617095817241,3,2,1,3,2,2,1,2,250,4,3,8,82507543,0.75,4,1
"sub.382",-645.42287963647,-645.42287963647,1,1,2,1,1,1,2,1,250,4,4,8,82507544,0.75,4,1
"sub.482",-646.353297241583,-646.353297241583,1,1,1,1,1,1,1,1,250,4,5,8,82507545,0.75,4,1
"sub.582",-653.18128069444,-653.18128069444,1,1,2,2,1,1,2,2,250,4,6,8,82507546,0.75,4,1
"sub.682",-670.341586051606,-670.341586051606,2,2,1,1,2,2,1,1,250,4,7,8,82507547,0.75,4,1
"sub.782",-663.472565001139,-662.892143511204,3,2,1,2,2,2,1,2,250,4,8,8,82507548,0.75,4,1
"sub.882",-664.617671379526,-664.617671379526,1,3,2,2,1,3,2,2,250,4,9,8,82507549,0.75,4,1
"sub.982",-662.441647091217,-662.441647091217,1,1,1,1,1,1,1,1,250,4,10,8,825075410,0.75,4,1
"sub.1082",-651.249908181807,-651.249908181807,4,3,1,2,4,3,1,2,250,4,11,8,825075411,0.75,4,1
"sub.11121",-658.566734308935,-658.566734308935,1,2,3,4,1,2,3,4,250,4,12,8,825075412,0.75,4,1
"sub.1296",-662.603241766056,-662.603241766056,2,1,3,1,2,1,3,1,250,4,13,8,825075413,0.75,4,1
"sub.1382",-666.804045561353,-666.804045561353,2,2,1,1,2,2,1,1,250,4,14,8,825075414,0.75,4,1
"sub.1482",-662.72423971786,-662.72423971786,1,2,1,2,1,2,1,2,250,4,15,8,825075415,0.75,4,1
"sub.1582",-654.100118411726,-654.100118411726,1,3,3,2,1,3,3,2,250,4,16,8,825075416,0.75,4,1
"sub.1682",-658.463298374902,-658.463298374902,2,3,1,4,2,3,1,4,250,4,17,8,825075417,0.75,4,1
"sub.1782",-648.315952826997,-648.315952826997,1,1,1,1,1,1,1,1,250,4,18,8,825075418,0.75,4,1
"sub.1882",-655.031464676931,-655.031464676931,1,2,1,2,1,2,1,2,250,4,19,8,825075419,0.75,4,1
"sub.1982",-662.681127126279,-662.681127126279,3,1,2,2,3,1,2,2,250,4,20,8,825075420,0.75,4,1
"sub83",-660.8136328725,-660.8136328725,3,1,1,2,3,1,1,2,250,4,1,9,92507541,0.75,3,2
"sub.1297",-646.622999004026,-646.622999004026,2,1,3,3,2,1,3,3,250,4,2,9,92507542,0.75,3,2
"sub.283",-647.285465831896,-647.285465831896,2,1,3,1,2,1,3,1,250,4,3,9,92507543,0.75,3,2
"sub.383",-658.941695117466,-658.941695117466,2,1,1,1,2,1,1,1,250,4,4,9,92507544,0.75,3,2
"sub.483",-664.72753734373,-664.72753734373,2,1,1,2,2,1,1,2,250,4,5,9,92507545,0.75,3,2
"sub.583",-663.400034031662,-663.400034031662,1,2,2,2,1,2,2,2,250,4,6,9,92507546,0.75,3,2
"sub.683",-669.434411694152,-669.434411694152,2,1,1,2,2,1,1,2,250,4,7,9,92507547,0.75,3,2
"sub.783",-663.473457540148,-663.473457540148,3,3,1,2,3,3,1,2,250,4,8,9,92507548,0.75,3,2
"sub.883",-662.718667712247,-662.718667712247,1,1,1,2,1,1,1,2,250,4,9,9,92507549,0.75,3,2
"sub.983",-653.921589370211,-653.921589370211,1,1,1,2,1,1,1,2,250,4,10,9,925075410,0.75,3,2
"sub.1083",-663.306033984071,-663.306033984071,2,1,3,2,2,1,3,2,250,4,11,9,925075411,0.75,3,2
"sub.11122",-652.832557460687,-652.832557460687,2,1,2,3,2,1,2,3,250,4,12,9,925075412,0.75,3,2
"sub.1298",-661.565507417874,-661.565507417874,1,1,2,1,1,1,2,1,250,4,13,9,925075413,0.75,3,2
"sub.1383",-655.488777108187,-655.488777108187,2,3,1,4,2,3,1,4,250,4,14,9,925075414,0.75,3,2
"sub.1483",-658.000622999068,-658.000622999068,1,1,1,2,1,1,1,2,250,4,15,9,925075415,0.75,3,2
"sub.1583",-661.99533899517,-661.99533899517,1,1,1,1,1,1,1,1,250,4,16,9,925075416,0.75,3,2
"sub.1683",-664.42359461151,-664.42359461151,2,2,1,2,2,2,1,2,250,4,17,9,925075417,0.75,3,2
"sub.1783",-656.820137693612,-656.820137693612,1,3,3,2,1,3,3,2,250,4,18,9,925075418,0.75,3,2
"sub.1883",-655.000752063652,-655.000752063652,1,2,1,1,1,2,1,1,250,4,19,9,925075419,0.75,3,2
"sub.1983",-668.729095268821,-667.868885759574,2,1,3,4,2,1,2,3,250,4,20,9,925075420,0.75,3,2
"sub84",-581.246907500889,-581.246907500889,1,1,1,2,1,1,1,2,250,4,1,1,12508541,0.85,3,2
"sub.1299",-607.183018077549,-607.183018077549,1,2,2,2,1,2,2,2,250,4,2,1,12508542,0.85,3,2
"sub.284",-572.793039042097,-572.793039042097,1,2,2,1,1,2,2,1,250,4,3,1,12508543,0.85,3,2
"sub.384",-601.972552904442,-601.972552904442,2,2,3,1,2,2,3,1,250,4,4,1,12508544,0.85,3,2
"sub.484",-562.718802004704,-562.718802004704,1,1,1,1,1,1,1,1,250,4,5,1,12508545,0.85,3,2
"sub.584",-561.271496463588,-561.271496463588,2,1,1,1,2,1,1,1,250,4,6,1,12508546,0.85,3,2
"sub.684",-551.171367156372,-551.171367156372,1,1,1,1,1,1,1,1,250,4,7,1,12508547,0.85,3,2
"sub.784",-608.591211643919,-608.591211643919,2,3,4,1,2,3,4,1,250,4,8,1,12508548,0.85,3,2
"sub.884",-606.065466863496,-606.065466863496,2,3,1,2,2,3,1,2,250,4,9,1,12508549,0.85,3,2
"sub.984",-607.377376905501,-607.377376905501,3,2,3,1,3,2,3,1,250,4,10,1,125085410,0.85,3,2
"sub.1084",-596.336106436455,-596.336106436455,1,3,3,2,1,3,3,2,250,4,11,1,125085411,0.85,3,2
"sub.11123",-603.806150643932,-603.806150643932,2,1,2,1,2,1,2,1,250,4,12,1,125085412,0.85,3,2
"sub.12100",-604.368048313653,-604.368048313653,1,2,3,3,1,2,3,3,250,4,13,1,125085413,0.85,3,2
"sub.1384",-580.22446943013,-580.22446943013,1,2,2,2,1,2,2,2,250,4,14,1,125085414,0.85,3,2
"sub.1484",-608.504530411869,-608.504530411869,1,3,2,4,1,3,2,4,250,4,15,1,125085415,0.85,3,2
"sub.1584",-603.031108104003,-603.031108104003,2,2,3,1,2,2,3,1,250,4,16,1,125085416,0.85,3,2
"sub.1684",-614.296245512129,-614.296245512129,1,3,3,2,1,3,3,2,250,4,17,1,125085417,0.85,3,2
"sub.1784",-594.617244484304,-594.617244484304,1,2,2,2,1,2,2,2,250,4,18,1,125085418,0.85,3,2
"sub.1884",-596.31282751387,-596.31282751387,1,3,1,2,1,3,1,2,250,4,19,1,125085419,0.85,3,2
"sub.1984",-571.190872648954,-571.190872648954,1,1,1,1,1,1,1,1,250,4,20,1,125085420,0.85,3,2
"sub85",-605.389787906799,-605.389787906799,2,1,3,4,2,1,3,4,250,4,1,10,102508541,0.85,2,2
"sub.1300",-618.616282232377,-618.616282232377,2,2,1,2,2,2,1,2,250,4,2,10,102508542,0.85,2,2
"sub.285",-620.634438747397,-620.634438747397,2,3,1,3,2,3,1,3,250,4,3,10,102508543,0.85,2,2
"sub.385",-597.589321703397,-597.589321703397,1,1,1,2,1,1,1,2,250,4,4,10,102508544,0.85,2,2
"sub.485",-589.698289057975,-589.698289057975,1,2,2,2,1,2,2,2,250,4,5,10,102508545,0.85,2,2
"sub.585",-600.154330163443,-600.154330163443,2,1,3,3,2,1,3,3,250,4,6,10,102508546,0.85,2,2
"sub.685",-607.124411946107,-607.124411946107,1,3,2,4,1,3,2,4,250,4,7,10,102508547,0.85,2,2
"sub.785",-606.05911362915,-606.05911362915,2,2,1,2,2,2,1,2,250,4,8,10,102508548,0.85,2,2
"sub.885",-602.436693478326,-602.436693478326,2,2,2,1,2,2,2,1,250,4,9,10,102508549,0.85,2,2
"sub.985",-612.434779198664,-612.434779198664,1,2,1,2,1,2,1,2,250,4,10,10,1025085410,0.85,2,2
"sub.1085",-591.275548455399,-591.275548455399,2,3,3,1,2,3,3,1,250,4,11,10,1025085411,0.85,2,2
"sub.11124",-596.874473154469,-596.874473154469,1,3,2,1,1,3,2,1,250,4,12,10,1025085412,0.85,2,2
"sub.12101",-570.331322960976,-570.331322960976,2,1,2,2,2,1,2,2,250,4,13,10,1025085413,0.85,2,2
"sub.1385",-560.135222914821,-560.135222914821,1,1,1,1,1,1,1,1,250,4,14,10,1025085414,0.85,2,2
"sub.1485",-562.303106937929,-562.303106937929,2,1,2,2,2,1,2,2,250,4,15,10,1025085415,0.85,2,2
"sub.1585",-591.396476691948,-591.396476691948,1,1,1,2,1,1,1,2,250,4,16,10,1025085416,0.85,2,2
"sub.1685",-591.914867598584,-591.914867598584,1,2,2,2,1,2,2,2,250,4,17,10,1025085417,0.85,2,2
"sub.1785",-601.754516092644,-601.754516092644,2,2,1,3,2,2,1,3,250,4,18,10,1025085418,0.85,2,2
"sub.1885",-590.267697731798,-590.267697731798,2,3,1,4,2,3,1,4,250,4,19,10,1025085419,0.85,2,2
"sub.1985",-610.423499686508,-610.423499686508,1,2,1,1,1,2,1,1,250,4,20,10,1025085420,0.85,2,2
"sub86",-591.157887452693,-591.157887452693,1,2,3,3,1,2,3,3,250,4,1,11,112508541,0.85,4,1
"sub.1301",-608.294286196086,-608.294286196086,2,1,3,3,2,1,3,3,250,4,2,11,112508542,0.85,4,1
"sub.286",-588.944497641919,-588.944497641919,1,1,2,1,1,1,2,1,250,4,3,11,112508543,0.85,4,1
"sub.386",-605.111394696176,-605.111394696176,1,3,2,2,1,3,2,2,250,4,4,11,112508544,0.85,4,1
"sub.486",-588.401538362059,-588.401538362059,1,2,2,2,1,2,2,2,250,4,5,11,112508545,0.85,4,1
"sub.586",-600.060936328649,-600.060936328649,2,1,1,2,2,1,1,2,250,4,6,11,112508546,0.85,4,1
"sub.686",-603.998652746868,-603.998652746868,2,1,3,3,2,1,3,3,250,4,7,11,112508547,0.85,4,1
"sub.786",-610.071568679758,-610.071568679758,2,4,1,3,2,4,1,3,250,4,8,11,112508548,0.85,4,1
"sub.886",-583.248295720855,-583.248295720855,2,3,1,3,2,3,1,3,250,4,9,11,112508549,0.85,4,1
"sub.986",-591.864255051582,-591.864255051582,1,2,1,2,1,2,1,2,250,4,10,11,1125085410,0.85,4,1
"sub.1086",-611.656970304556,-611.656970304556,1,1,2,1,1,1,2,1,250,4,11,11,1125085411,0.85,4,1
"sub.11125",-594.077732226095,-594.077732226095,2,1,1,2,2,1,1,2,250,4,12,11,1125085412,0.85,4,1
"sub.12102",-616.785072395589,-616.785072395589,2,2,1,2,2,2,1,2,250,4,13,11,1125085413,0.85,4,1
"sub.1386",-588.207365399453,-588.207365399453,2,2,1,1,2,2,1,1,250,4,14,11,1125085414,0.85,4,1
"sub.1486",-554.500701826759,-554.500701826759,1,2,2,2,1,2,2,2,250,4,15,11,1125085415,0.85,4,1
"sub.1586",-588.512101702332,-588.512101702332,1,2,1,2,1,2,1,2,250,4,16,11,1125085416,0.85,4,1
"sub.1686",-609.899071885923,-609.899071885923,1,2,2,1,1,2,2,1,250,4,17,11,1125085417,0.85,4,1
"sub.1786",-616.754190368297,-616.754190368297,3,1,2,3,3,1,2,3,250,4,18,11,1125085418,0.85,4,1
"sub.1886",-586.035036292919,-586.035036292919,2,2,1,1,2,2,1,1,250,4,19,11,1125085419,0.85,4,1
"sub.1986",-603.197150733309,-603.197150733309,1,1,1,1,1,1,1,1,250,4,20,11,1125085420,0.85,4,1
"sub87",-594.542185603324,-594.542185603324,1,3,1,2,1,3,1,2,250,4,1,12,122508541,0.85,3,2
"sub.1302",-603.546627591704,-603.546627591704,3,2,3,1,3,2,3,1,250,4,2,12,122508542,0.85,3,2
"sub.287",-552.876270759374,-552.876270759374,1,1,1,1,1,1,1,1,250,4,3,12,122508543,0.85,3,2
"sub.387",-569.292523859612,-569.292523859612,1,1,1,1,1,1,1,1,250,4,4,12,122508544,0.85,3,2
"sub.487",-603.948686064006,-603.948686064006,1,3,1,2,1,3,1,2,250,4,5,12,122508545,0.85,3,2
"sub.587",-580.365921150061,-580.365921150061,1,2,2,2,1,2,2,2,250,4,6,12,122508546,0.85,3,2
"sub.687",-602.353283206238,-602.353283206238,2,1,1,2,2,1,1,2,250,4,7,12,122508547,0.85,3,2
"sub.787",-578.066746051009,-578.066746051009,1,1,1,2,1,1,1,2,250,4,8,12,122508548,0.85,3,2
"sub.887",-570.671750133619,-570.671750133619,1,1,1,2,1,1,1,2,250,4,9,12,122508549,0.85,3,2
"sub.987",-593.597964472546,-593.597964472546,1,3,2,3,1,3,2,3,250,4,10,12,1225085410,0.85,3,2
"sub.1087",-610.958948787267,-610.958948787267,1,3,4,2,1,3,4,2,250,4,11,12,1225085411,0.85,3,2
"sub.11126",-585.480826843501,-585.480826843501,1,3,1,2,1,3,1,2,250,4,12,12,1225085412,0.85,3,2
"sub.12103",-567.766095464485,-567.766095464485,2,3,3,1,2,3,3,1,250,4,13,12,1225085413,0.85,3,2
"sub.1387",-608.506999712604,-608.506999712604,2,1,3,2,2,1,3,2,250,4,14,12,1225085414,0.85,3,2
"sub.1487",-588.58083186415,-588.58083186415,1,1,1,2,1,1,1,2,250,4,15,12,1225085415,0.85,3,2
"sub.1587",-600.290152379381,-600.290152379381,1,2,2,1,1,2,2,1,250,4,16,12,1225085416,0.85,3,2
"sub.1687",-613.669648957662,-613.669648957662,1,2,1,2,1,2,1,2,250,4,17,12,1225085417,0.85,3,2
"sub.1787",-611.506133674159,-611.506133674159,2,1,2,2,2,1,2,2,250,4,18,12,1225085418,0.85,3,2
"sub.1887",-545.423873417585,-545.423873417585,1,1,1,1,1,1,1,1,250,4,19,12,1225085419,0.85,3,2
"sub.1987",-599.760178167391,-599.760178167391,3,1,1,2,3,1,1,2,250,4,20,12,1225085420,0.85,3,2
"sub88",-572.933614594836,-572.933614594836,1,2,1,1,1,2,1,1,250,4,1,13,132508541,0.85,3,2
"sub.1303",-579.328500291282,-579.328500291282,1,1,1,1,1,1,1,1,250,4,2,13,132508542,0.85,3,2
"sub.288",-599.920721476048,-599.920721476048,2,1,1,2,2,1,1,2,250,4,3,13,132508543,0.85,3,2
"sub.388",-592.846387905093,-592.846387905093,1,2,1,1,1,2,1,1,250,4,4,13,132508544,0.85,3,2
"sub.488",-607.841586088563,-607.841586088563,2,1,3,1,2,1,3,1,250,4,5,13,132508545,0.85,3,2
"sub.588",-607.330792377282,-607.330792377282,1,2,3,1,1,2,3,1,250,4,6,13,132508546,0.85,3,2
"sub.688",-582.343992292225,-582.343992292225,3,1,3,2,3,1,3,2,250,4,7,13,132508547,0.85,3,2
"sub.788",-576.015497394104,-576.015497394104,1,3,2,1,1,3,2,1,250,4,8,13,132508548,0.85,3,2
"sub.888",-607.042780524254,-607.042780524254,3,1,2,2,3,1,2,2,250,4,9,13,132508549,0.85,3,2
"sub.988",-615.485589032632,-615.485589032632,3,1,4,2,3,1,4,2,250,4,10,13,1325085410,0.85,3,2
"sub.1088",-569.944860571366,-569.944860571366,1,1,1,2,1,1,1,2,250,4,11,13,1325085411,0.85,3,2
"sub.11127",-611.617970165319,-611.617970165319,3,1,2,3,3,1,2,3,250,4,12,13,1325085412,0.85,3,2
"sub.12104",-573.777201398264,-573.777201398264,1,1,1,2,1,1,1,2,250,4,13,13,1325085413,0.85,3,2
"sub.1388",-620.635393095431,-620.635393095431,1,3,2,4,1,3,2,4,250,4,14,13,1325085414,0.85,3,2
"sub.1488",-598.354686540888,-598.354686540888,3,1,2,3,3,1,2,3,250,4,15,13,1325085415,0.85,3,2
"sub.1588",-606.564829253291,-606.564829253291,3,2,4,1,3,2,4,1,250,4,16,13,1325085416,0.85,3,2
"sub.1688",-622.902156543309,-622.902156543309,1,3,4,2,1,3,4,2,250,4,17,13,1325085417,0.85,3,2
"sub.1788",-593.577466084732,-593.577466084732,2,4,1,3,2,4,1,3,250,4,18,13,1325085418,0.85,3,2
"sub.1888",-626.702338581208,-626.702338581208,1,3,1,2,1,3,1,2,250,4,19,13,1325085419,0.85,3,2
"sub.1988",-594.718516794772,-594.718516794772,2,3,1,1,2,3,1,1,250,4,20,13,1325085420,0.85,3,2
"sub89",-592.601794755162,-592.601794755162,1,2,2,2,1,2,2,2,250,4,1,14,142508541,0.85,2,3
"sub.1304",-615.716735326475,-615.716735326475,4,1,2,3,4,1,2,3,250,4,2,14,142508542,0.85,2,3
"sub.289",-610.953855882915,-610.953855882915,1,3,1,2,1,3,1,2,250,4,3,14,142508543,0.85,2,3
"sub.389",-603.832545389236,-603.832545389236,1,1,2,2,1,1,2,2,250,4,4,14,142508544,0.85,2,3
"sub.489",-595.543533176021,-595.543533176021,3,1,1,2,3,1,1,2,250,4,5,14,142508545,0.85,2,3
"sub.589",-571.823655578735,-571.823655578735,1,1,1,1,1,1,1,1,250,4,6,14,142508546,0.85,2,3
"sub.689",-583.133915176252,-583.133915176252,2,2,1,2,2,2,1,2,250,4,7,14,142508547,0.85,2,3
"sub.789",-582.348044207841,-582.348044207841,2,1,1,1,2,1,1,1,250,4,8,14,142508548,0.85,2,3
"sub.889",-584.572990044608,-584.572990044608,1,1,1,2,1,1,1,2,250,4,9,14,142508549,0.85,2,3
"sub.989",-605.591076339696,-605.591076339696,3,1,2,3,3,1,2,3,250,4,10,14,1425085410,0.85,2,3
"sub.1089",-560.477856514669,-560.477856514669,2,1,2,1,2,1,2,1,250,4,11,14,1425085411,0.85,2,3
"sub.11128",-586.58745244673,-586.58745244673,1,1,1,1,1,1,1,1,250,4,12,14,1425085412,0.85,2,3
"sub.12105",-609.69034160718,-609.69034160718,1,1,2,3,1,1,2,3,250,4,13,14,1425085413,0.85,2,3
"sub.1389",-581.647052185775,-581.647052185775,2,1,1,3,2,1,1,3,250,4,14,14,1425085414,0.85,2,3
"sub.1489",-575.672800528179,-575.672800528179,1,1,1,1,1,1,1,1,250,4,15,14,1425085415,0.85,2,3
"sub.1589",-581.300056541986,-581.300056541986,2,1,3,2,2,1,3,2,250,4,16,14,1425085416,0.85,2,3
"sub.1689",-600.435983733905,-600.435983733905,2,2,3,1,2,2,3,1,250,4,17,14,1425085417,0.85,2,3
"sub.1789",-606.471718560767,-606.471718560767,1,2,2,2,1,2,2,2,250,4,18,14,1425085418,0.85,2,3
"sub.1889",-610.941058688722,-610.941058688722,3,1,2,3,3,1,2,3,250,4,19,14,1425085419,0.85,2,3
"sub.1989",-586.038264947148,-586.038264947148,1,2,2,1,1,2,2,1,250,4,20,14,1425085420,0.85,2,3
"sub90",-601.912376904397,-601.912376904397,2,3,1,1,2,3,1,1,250,4,1,15,152508541,0.85,2,2
"sub.1305",-596.617591664158,-596.617591664158,2,1,2,1,2,1,2,1,250,4,2,15,152508542,0.85,2,2
"sub.290",-573.38920355276,-573.38920355276,2,2,1,2,2,2,1,2,250,4,3,15,152508543,0.85,2,2
"sub.390",-587.966231516675,-587.966231516675,1,2,1,1,1,2,1,1,250,4,4,15,152508544,0.85,2,2
"sub.490",-607.200268323299,-607.200268323299,3,4,2,1,3,4,2,1,250,4,5,15,152508545,0.85,2,2
"sub.590",-595.896421721093,-595.896421721093,4,3,2,1,4,3,2,1,250,4,6,15,152508546,0.85,2,2
"sub.690",-597.985820628656,-597.985820628656,1,2,2,2,1,2,2,2,250,4,7,15,152508547,0.85,2,2
"sub.790",-611.17724069575,-611.17724069575,2,1,3,1,2,1,3,1,250,4,8,15,152508548,0.85,2,2
"sub.890",-604.735662672804,-604.735662672804,2,1,2,2,2,1,2,2,250,4,9,15,152508549,0.85,2,2
"sub.990",-605.154349796333,-605.154349796333,1,3,2,2,1,3,2,2,250,4,10,15,1525085410,0.85,2,2
"sub.1090",-608.8950504067,-608.8950504067,2,1,1,3,2,1,1,3,250,4,11,15,1525085411,0.85,2,2
"sub.11129",-561.151017150399,-561.151017150399,2,2,2,1,2,2,2,1,250,4,12,15,1525085412,0.85,2,2
"sub.12106",-583.765905233036,-583.765905233036,3,1,3,2,3,1,3,2,250,4,13,15,1525085413,0.85,2,2
"sub.1390",-542.207511397922,-542.207511397922,1,1,1,1,1,1,1,1,250,4,14,15,1525085414,0.85,2,2
"sub.1490",-600.142311200093,-600.142311200093,3,2,1,1,3,2,1,1,250,4,15,15,1525085415,0.85,2,2
"sub.1590",-555.459849849256,-555.459849849256,1,1,1,1,1,1,1,1,250,4,16,15,1525085416,0.85,2,2
"sub.1690",-586.429750042799,-586.429750042799,2,1,1,1,2,1,1,1,250,4,17,15,1525085417,0.85,2,2
"sub.1790",-578.703140813184,-578.703140813184,2,2,1,2,2,2,1,2,250,4,18,15,1525085418,0.85,2,2
"sub.1890",-609.865237000774,-609.865237000774,1,2,1,2,1,2,1,2,250,4,19,15,1525085419,0.85,2,2
"sub.1990",-597.012924413308,-597.012924413308,1,2,3,4,1,2,3,4,250,4,20,15,1525085420,0.85,2,2
"sub91",-571.374889171512,-571.374889171512,1,3,3,2,1,3,3,2,250,4,1,16,162508541,0.85,4,1
"sub.1306",-591.013482537503,-591.013482537503,2,1,2,2,2,1,2,2,250,4,2,16,162508542,0.85,4,1
"sub.291",-577.881515606801,-577.881515606801,1,2,2,2,1,2,2,2,250,4,3,16,162508543,0.85,4,1
"sub.391",-598.723151574989,-598.723151574989,1,3,2,4,1,3,2,4,250,4,4,16,162508544,0.85,4,1
"sub.491",-578.20941621803,-578.20941621803,2,2,1,2,2,2,1,2,250,4,5,16,162508545,0.85,4,1
"sub.591",-608.233287627061,-608.233287627061,1,1,2,3,1,1,2,3,250,4,6,16,162508546,0.85,4,1
"sub.691",-597.496502150347,-597.496502150347,1,1,1,2,1,1,1,2,250,4,7,16,162508547,0.85,4,1
"sub.791",-555.407402478497,-555.407402478497,1,1,1,1,1,1,1,1,250,4,8,16,162508548,0.85,4,1
"sub.891",-604.888046203771,-604.888046203771,1,3,1,2,1,3,1,2,250,4,9,16,162508549,0.85,4,1
"sub.991",-597.978436468139,-597.978436468139,1,3,2,1,1,3,2,1,250,4,10,16,1625085410,0.85,4,1
"sub.1091",-592.263673264484,-592.263673264484,3,1,3,2,3,1,3,2,250,4,11,16,1625085411,0.85,4,1
"sub.11130",-593.132143520692,-593.132143520692,1,2,3,4,1,2,3,4,250,4,12,16,1625085412,0.85,4,1
"sub.12107",-562.666354633944,-562.666354633944,1,1,1,1,1,1,1,1,250,4,13,16,1625085413,0.85,4,1
"sub.1391",-611.929393096624,-611.929393096624,2,2,1,2,2,2,1,2,250,4,14,16,1625085414,0.85,4,1
"sub.1491",-564.177813050606,-564.177813050606,1,1,1,1,1,1,1,1,250,4,15,16,1625085415,0.85,4,1
"sub.1591",-553.069715945714,-553.069715945714,1,1,1,1,1,1,1,1,250,4,16,16,1625085416,0.85,4,1
"sub.1691",-600.632253859457,-600.632253859457,2,2,1,2,2,2,1,2,250,4,17,16,1625085417,0.85,4,1
"sub.1791",-573.971911776494,-573.971911776494,1,1,1,2,1,1,1,2,250,4,18,16,1625085418,0.85,4,1
"sub.1891",-596.1571433811,-596.1571433811,3,2,2,1,3,2,2,1,250,4,19,16,1625085419,0.85,4,1
"sub.1991",-591.354834477306,-591.354834477306,3,2,1,2,3,2,1,2,250,4,20,16,1625085420,0.85,4,1
"sub92",-581.639135019683,-581.639135019683,1,1,1,2,1,1,1,2,250,4,1,17,172508541,0.85,3,2
"sub.1307",-613.960848747919,-613.960848747919,2,4,3,1,2,4,3,1,250,4,2,17,172508542,0.85,3,2
"sub.292",-572.275137212193,-572.275137212193,2,1,2,2,2,1,2,2,250,4,3,17,172508543,0.85,3,2
"sub.392",-568.954430775671,-568.954430775671,1,1,1,2,1,1,1,2,250,4,4,17,172508544,0.85,3,2
"sub.492",-592.446903933587,-592.446903933587,1,3,3,2,1,3,3,2,250,4,5,17,172508545,0.85,3,2
"sub.592",-580.629669134703,-580.629669134703,1,2,2,2,1,2,2,2,250,4,6,17,172508546,0.85,3,2
"sub.692",-618.878991691866,-618.878991691866,1,1,2,2,1,1,2,2,250,4,7,17,172508547,0.85,3,2
"sub.792",-565.249933723827,-565.249933723827,1,1,1,1,1,1,1,1,250,4,8,17,172508548,0.85,3,2
"sub.892",-619.056826138877,-619.056826138877,1,2,4,3,1,2,4,3,250,4,9,17,172508549,0.85,3,2
"sub.992",-581.666186824065,-581.666186824065,1,1,1,1,1,1,1,1,250,4,10,17,1725085410,0.85,3,2
"sub.1092",-609.654722929122,-609.654722929122,1,3,2,4,1,3,2,4,250,4,11,17,1725085411,0.85,3,2
"sub.11131",-616.782086247402,-616.782086247402,1,2,3,3,1,2,3,3,250,4,12,17,1725085412,0.85,3,2
"sub.12108",-571.616597289205,-571.616597289205,2,2,1,2,2,2,1,2,250,4,13,17,1725085413,0.85,3,2
"sub.1392",-595.423579484815,-595.423579484815,3,2,1,3,3,2,1,3,250,4,14,17,1725085414,0.85,3,2
"sub.1492",-583.038251777827,-583.038251777827,1,1,1,2,1,1,1,2,250,4,15,17,1725085415,0.85,3,2
"sub.1592",-591.895608442076,-591.895608442076,1,1,1,1,1,1,1,1,250,4,16,17,1725085416,0.85,3,2
"sub.1692",-588.438952357006,-588.438952357006,1,1,2,1,1,1,2,1,250,4,17,17,1725085417,0.85,3,2
"sub.1792",-599.448948342449,-599.448948342449,1,3,3,2,1,3,3,2,250,4,18,17,1725085418,0.85,3,2
"sub.1892",-583.403640826848,-583.403640826848,1,1,1,2,1,1,1,2,250,4,19,17,1725085419,0.85,3,2
"sub.1992",-594.689362728986,-594.689362728986,1,1,3,2,1,1,3,2,250,4,20,17,1725085420,0.85,3,2
"sub93",-622.903356787388,-622.903356787388,1,2,1,2,1,2,1,2,250,4,1,18,182508541,0.85,4,1
"sub.1308",-580.094631956401,-580.094631956401,1,1,3,2,1,1,3,2,250,4,2,18,182508542,0.85,4,1
"sub.293",-576.7449212014,-576.7449212014,1,1,1,1,1,1,1,1,250,4,3,18,182508543,0.85,4,1
"sub.393",-598.291762659847,-598.291762659847,2,2,1,2,2,2,1,2,250,4,4,18,182508544,0.85,4,1
"sub.493",-543.912415000924,-543.912415000924,1,1,1,1,1,1,1,1,250,4,5,18,182508545,0.85,4,1
"sub.593",-590.384544154835,-590.384544154835,1,1,1,2,1,1,1,2,250,4,6,18,182508546,0.85,4,1
"sub.693",-599.501338354828,-599.501338354828,1,2,2,2,1,2,2,2,250,4,7,18,182508547,0.85,4,1
"sub.793",-584.725719852235,-584.725719852235,3,3,1,2,3,3,1,2,250,4,8,18,182508548,0.85,4,1
"sub.893",-610.174747315192,-610.174747315192,1,2,2,2,1,2,2,2,250,4,9,18,182508549,0.85,4,1
"sub.993",-616.228582717986,-616.228582717986,1,2,1,1,1,2,1,1,250,4,10,18,1825085410,0.85,4,1
"sub.1093",-608.460867020795,-608.460867020795,3,2,1,1,3,2,1,1,250,4,11,18,1825085411,0.85,4,1
"sub.11132",-639.860532558676,-639.860532558676,4,1,2,3,4,1,2,3,250,4,12,18,1825085412,0.85,4,1
"sub.12109",-629.101499544044,-629.101499544044,1,2,3,2,1,2,3,2,250,4,13,18,1825085413,0.85,4,1
"sub.1393",-592.151142310931,-592.151142310931,2,1,1,1,2,1,1,1,250,4,14,18,1825085414,0.85,4,1
"sub.1493",-606.276615806462,-606.276615806462,2,1,3,2,2,1,3,2,250,4,15,18,1825085415,0.85,4,1
"sub.1593",-593.796180453549,-593.796180453549,1,1,2,2,1,1,2,2,250,4,16,18,1825085416,0.85,4,1
"sub.1693",-604.311443264416,-604.311443264416,3,1,2,3,3,1,2,3,250,4,17,18,1825085417,0.85,4,1
"sub.1793",-591.371979614315,-591.371979614315,2,2,1,2,2,2,1,2,250,4,18,18,1825085418,0.85,4,1
"sub.1893",-573.307705506311,-573.307705506311,1,2,2,1,1,2,2,1,250,4,19,18,1825085419,0.85,4,1
"sub.1993",-591.981327977411,-591.981327977411,2,3,1,1,2,3,1,1,250,4,20,18,1825085420,0.85,4,1
"sub94",-576.7449212014,-576.7449212014,1,1,1,1,1,1,1,1,250,4,1,19,192508541,0.85,3,2
"sub.1309",-603.807182632779,-603.807182632779,1,1,2,2,1,1,2,2,250,4,2,19,192508542,0.85,3,2
"sub.294",-614.503962722648,-614.503962722648,1,2,2,1,1,2,2,1,250,4,3,19,192508543,0.85,3,2
"sub.394",-595.923895033766,-595.923895033766,1,1,1,2,1,1,1,2,250,4,4,19,192508544,0.85,3,2
"sub.494",-600.48180142901,-600.48180142901,3,2,1,3,3,2,1,3,250,4,5,19,192508545,0.85,3,2
"sub.594",-596.279353172125,-596.279353172125,2,2,3,1,2,2,3,1,250,4,6,19,192508546,0.85,3,2
"sub.694",-604.373467851977,-604.373467851977,1,2,1,1,1,2,1,1,250,4,7,19,192508547,0.85,3,2
"sub.794",-609.508504866576,-609.508504866576,3,1,2,2,3,1,2,2,250,4,8,19,192508548,0.85,3,2
"sub.894",-620.222413913767,-620.222413913767,2,1,1,2,2,1,1,2,250,4,9,19,192508549,0.85,3,2
"sub.994",-602.169372693641,-602.169372693641,1,1,3,2,1,1,3,2,250,4,10,19,1925085410,0.85,3,2
"sub.1094",-610.684104435926,-610.684104435926,3,2,1,1,3,2,1,1,250,4,11,19,1925085411,0.85,3,2
"sub.11133",-591.254418423527,-591.254418423527,1,1,3,2,1,1,3,2,250,4,12,19,1925085412,0.85,3,2
"sub.12110",-593.889927226715,-593.889927226715,2,3,1,2,2,3,1,2,250,4,13,19,1925085413,0.85,3,2
"sub.1394",-581.666186824065,-581.666186824065,1,1,1,1,1,1,1,1,250,4,14,19,1925085414,0.85,3,2
"sub.1494",-604.24210368131,-604.24210368131,2,1,3,1,2,1,3,1,250,4,15,19,1925085415,0.85,3,2
"sub.1594",-596.211450003132,-596.211450003132,2,3,1,2,2,3,1,2,250,4,16,19,1925085416,0.85,3,2
"sub.1694",-572.210545951415,-572.210545951415,1,1,1,1,1,1,1,1,250,4,17,19,1925085417,0.85,3,2
"sub.1794",-576.54984833446,-576.54984833446,1,3,2,3,1,3,2,3,250,4,18,19,1925085418,0.85,3,2
"sub.1894",-620.362109906608,-620.362109906608,2,1,1,2,2,1,1,2,250,4,19,19,1925085419,0.85,3,2
"sub.1994",-589.035802993844,-589.035802993844,2,1,1,1,2,1,1,1,250,4,20,19,1925085420,0.85,3,2
"sub95",-600.451577863117,-600.451577863117,2,1,2,1,2,1,2,1,250,4,1,2,22508541,0.85,3,2
"sub.1395",-608.693357055857,-608.693357055857,1,2,3,1,1,2,3,1,250,4,2,2,22508542,0.85,3,2
"sub.295",-594.261044875943,-594.261044875943,1,2,1,2,1,2,1,2,250,4,3,2,22508543,0.85,3,2
"sub.395",-589.825402374835,-589.825402374835,1,2,2,3,1,2,2,3,250,4,4,2,22508544,0.85,3,2
"sub.495",-584.164432067548,-584.164432067548,2,1,1,3,2,1,1,3,250,4,5,2,22508545,0.85,3,2
"sub.595",-603.847908695241,-603.847908695241,2,1,2,3,2,1,2,3,250,4,6,2,22508546,0.85,3,2
"sub.695",-592.422029757927,-592.422029757927,2,1,3,3,2,1,3,3,250,4,7,2,22508547,0.85,3,2
"sub.795",-573.774451738836,-573.774451738836,1,1,1,1,1,1,1,1,250,4,8,2,22508548,0.85,3,2
"sub.895",-613.620922168346,-613.620922168346,2,1,3,2,2,1,3,2,250,4,9,2,22508549,0.85,3,2
"sub.995",-567.362770880679,-567.362770880679,2,3,1,1,2,3,1,1,250,4,10,2,225085410,0.85,3,2
"sub.1095",-555.020512105816,-555.020512105816,1,1,1,1,1,1,1,1,250,4,11,2,225085411,0.85,3,2
"sub.11134",-551.610704899812,-551.610704899812,1,1,1,1,1,1,1,1,250,4,12,2,225085412,0.85,3,2
"sub.12111",-589.923592969089,-589.923592969089,1,2,2,2,1,2,2,2,250,4,13,2,225085413,0.85,3,2
"sub.1396",-540.69605298126,-540.69605298126,1,1,1,1,1,1,1,1,250,4,14,2,225085414,0.85,3,2
"sub.1495",-599.990331666449,-599.990331666449,1,1,2,3,1,1,2,3,250,4,15,2,225085415,0.85,3,2
"sub.1595",-589.302141674329,-589.302141674329,1,1,2,1,1,1,2,1,250,4,16,2,225085416,0.85,3,2
"sub.1695",-612.788364807599,-612.788364807599,2,1,2,2,2,1,2,2,250,4,17,2,225085417,0.85,3,2
"sub.1795",-575.607608353288,-575.607608353288,2,2,2,1,2,2,2,1,250,4,18,2,225085418,0.85,3,2
"sub.1895",-540.69605298126,-540.69605298126,1,1,1,1,1,1,1,1,250,4,19,2,225085419,0.85,3,2
"sub.1995",-601.656012370142,-601.656012370142,1,4,3,2,1,4,3,2,250,4,20,2,225085420,0.85,3,2
"sub96",-622.780753766697,-622.780753766697,1,2,2,2,1,2,2,2,250,4,1,20,202508541,0.85,3,2
"sub.1397",-571.876102949494,-571.876102949494,1,1,1,1,1,1,1,1,250,4,2,20,202508542,0.85,3,2
"sub.296",-598.744051335007,-598.744051335007,1,2,3,1,1,2,3,1,250,4,3,20,202508543,0.85,3,2
"sub.396",-593.341323054077,-593.341323054077,2,1,2,2,2,1,2,2,250,4,4,20,202508544,0.85,3,2
"sub.496",-602.878081165508,-602.878081165508,1,2,1,2,1,2,1,2,250,4,5,20,202508545,0.85,3,2
"sub.596",-574.279133155932,-574.279133155932,2,2,1,2,2,2,1,2,250,4,6,20,202508546,0.85,3,2
"sub.696",-612.237772886151,-612.237772886151,2,3,1,3,2,3,1,3,250,4,7,20,202508547,0.85,3,2
"sub.796",-576.48658940241,-576.48658940241,1,1,3,2,1,1,3,2,250,4,8,20,202508548,0.85,3,2
"sub.896",-596.845286286733,-596.845286286733,2,3,2,1,2,3,2,1,250,4,9,20,202508549,0.85,3,2
"sub.996",-609.759476491278,-609.759476491278,1,2,3,3,1,2,3,3,250,4,10,20,2025085410,0.85,3,2
"sub.1096",-603.503702630002,-603.503702630002,2,1,2,3,2,1,2,3,250,4,11,20,2025085411,0.85,3,2
"sub.11135",-578.453965381487,-578.453965381487,1,1,1,2,1,1,1,2,250,4,12,20,2025085412,0.85,3,2
"sub.12112",-568.587926766918,-568.587926766918,1,1,1,2,1,1,1,2,250,4,13,20,2025085413,0.85,3,2
"sub.1398",-626.143208036923,-626.143208036923,3,1,4,2,3,1,4,2,250,4,14,20,2025085414,0.85,3,2
"sub.1496",-596.200582284042,-596.200582284042,4,2,3,1,4,2,3,1,250,4,15,20,2025085415,0.85,3,2
"sub.1596",-602.158646625796,-602.158646625796,1,1,3,2,1,1,3,2,250,4,16,20,2025085416,0.85,3,2
"sub.1696",-593.176816715693,-593.176816715693,1,2,1,1,1,2,1,1,250,4,17,20,2025085417,0.85,3,2
"sub.1796",-604.818544751171,-604.818544751171,2,2,3,1,2,2,3,1,250,4,18,20,2025085418,0.85,3,2
"sub.1896",-564.09174435268,-564.09174435268,1,1,1,2,1,1,1,2,250,4,19,20,2025085419,0.85,3,2
"sub.1996",-634.098875597438,-634.098875597438,1,3,2,2,1,3,2,2,250,4,20,20,2025085420,0.85,3,2
"sub97",-592.313849786516,-592.313849786516,1,2,2,3,1,2,2,3,250,4,1,21,212508541,0.85,4,1
"sub.1399",-554.16342461392,-554.16342461392,1,2,1,1,1,2,1,1,250,4,2,21,212508542,0.85,4,1
"sub.297",-565.935164024368,-565.935164024368,1,1,1,1,1,1,1,1,250,4,3,21,212508543,0.85,4,1
"sub.397",-550.977921970031,-550.977921970031,1,1,1,1,1,1,1,1,250,4,4,21,212508544,0.85,4,1
"sub.497",-612.585712520647,-612.585712520647,1,1,1,2,1,1,1,2,250,4,5,21,212508545,0.85,4,1
"sub.597",-597.256211808182,-597.256211808182,1,1,1,1,1,1,1,1,250,4,6,21,212508546,0.85,4,1
"sub.697",-553.069715945714,-553.069715945714,1,1,1,1,1,1,1,1,250,4,7,21,212508547,0.85,4,1
"sub.797",-564.177813050606,-564.177813050606,1,1,1,1,1,1,1,1,250,4,8,21,212508548,0.85,4,1
"sub.897",-578.108946156856,-578.108946156856,1,2,3,3,1,2,3,3,250,4,9,21,212508549,0.85,4,1
"sub.997",-576.358030828719,-576.358030828719,1,1,1,1,1,1,1,1,250,4,10,21,2125085410,0.85,4,1
"sub.1097",-604.294832256481,-604.294832256481,1,2,3,2,1,2,3,2,250,4,11,21,2125085411,0.85,4,1
"sub.11136",-582.693389942517,-582.693389942517,1,1,1,2,1,1,1,2,250,4,12,21,2125085412,0.85,4,1
"sub.12113",-575.202044885214,-575.202044885214,1,2,1,1,1,2,1,1,250,4,13,21,2125085413,0.85,4,1
"sub.13100",-602.709703683485,-602.709703683485,1,1,2,2,1,1,2,2,250,4,14,21,2125085414,0.85,4,1
"sub.1497",-610.022472818098,-610.022472818098,4,2,1,3,4,2,1,3,250,4,15,21,2125085415,0.85,4,1
"sub.1597",-631.634824322252,-631.634824322252,1,1,2,3,1,1,2,3,250,4,16,21,2125085416,0.85,4,1
"sub.1697",-579.634311995757,-579.634311995757,2,3,1,1,2,3,1,1,250,4,17,21,2125085417,0.85,4,1
"sub.1797",-608.7126870896,-608.7126870896,1,3,2,2,1,3,2,2,250,4,18,21,2125085418,0.85,4,1
"sub.1897",-597.930415744272,-597.930415744272,2,1,2,2,2,1,2,2,250,4,19,21,2125085419,0.85,4,1
"sub.1997",-606.827912090392,-606.827912090392,3,3,1,2,3,3,1,2,250,4,20,21,2125085420,0.85,4,1
"sub98",-586.698041145774,-586.698041145774,2,2,2,1,2,2,2,1,250,4,1,3,32508541,0.85,3,2
"sub.1400",-594.625587758684,-594.625587758684,2,2,1,1,2,2,1,1,250,4,2,3,32508542,0.85,3,2
"sub.298",-615.757757221878,-615.757757221878,1,2,3,2,1,2,3,2,250,4,3,3,32508543,0.85,3,2
"sub.398",-557.217200823018,-557.217200823018,1,1,1,1,1,1,1,1,250,4,4,3,32508544,0.85,3,2
"sub.498",-606.052928531382,-606.052928531382,2,2,1,2,2,2,1,2,250,4,5,3,32508545,0.85,3,2
"sub.598",-586.934688120789,-586.934688120789,3,2,3,1,3,2,3,1,250,4,6,3,32508546,0.85,3,2
"sub.698",-597.948403736291,-597.948403736291,2,4,1,3,2,4,1,3,250,4,7,3,32508547,0.85,3,2
"sub.798",-609.03107397515,-609.03107397515,2,1,4,3,2,1,4,3,250,4,8,3,32508548,0.85,3,2
"sub.898",-605.028514361134,-605.028514361134,1,2,3,1,1,2,3,1,250,4,9,3,32508549,0.85,3,2
"sub.998",-596.873692233755,-596.873692233755,2,3,2,1,2,3,2,1,250,4,10,3,325085410,0.85,3,2
"sub.1098",-591.379567440772,-591.379567440772,1,1,2,2,1,1,2,2,250,4,11,3,325085411,0.85,3,2
"sub.11137",-598.727183149686,-598.727183149686,3,2,1,1,3,2,1,1,250,4,12,3,325085412,0.85,3,2
"sub.12114",-584.956343139513,-584.956343139513,2,1,1,1,2,1,1,1,250,4,13,3,325085413,0.85,3,2
"sub.13101",-576.358030828719,-576.358030828719,1,1,1,1,1,1,1,1,250,4,14,3,325085414,0.85,3,2
"sub.1498",-580.641927381448,-580.641927381448,1,1,1,2,1,1,1,2,250,4,15,3,325085415,0.85,3,2
"sub.1598",-611.450053938541,-611.450053938541,1,3,2,1,1,3,2,1,250,4,16,3,325085416,0.85,3,2
"sub.1698",-573.528559181736,-573.528559181736,1,1,1,1,1,1,1,1,250,4,17,3,325085417,0.85,3,2
"sub.1798",-595.231885677397,-595.231885677397,1,1,1,2,1,1,1,2,250,4,18,3,325085418,0.85,3,2
"sub.1898",-599.486577511283,-599.486577511283,1,2,1,1,1,2,1,1,250,4,19,3,325085419,0.85,3,2
"sub.1998",-588.030604792009,-588.030604792009,2,3,1,1,2,3,1,1,250,4,20,3,325085420,0.85,3,2
"sub99",-578.889930564261,-578.889930564261,1,2,1,2,1,2,1,2,250,4,1,4,42508541,0.85,3,2
"sub.1401",-556.092632779037,-556.092632779037,1,1,1,1,1,1,1,1,250,4,2,4,42508542,0.85,3,2
"sub.299",-597.309942726269,-597.309942726269,1,2,2,2,1,2,2,2,250,4,3,4,42508543,0.85,3,2
"sub.399",-602.839876293816,-602.839876293816,1,2,3,4,1,2,3,4,250,4,4,4,42508544,0.85,3,2
"sub.499",-602.068287016391,-602.068287016391,2,1,1,1,2,1,1,1,250,4,5,4,42508545,0.85,3,2
"sub.599",-561.840126517823,-561.840126517823,1,1,1,1,1,1,1,1,250,4,6,4,42508546,0.85,3,2
"sub.699",-606.440188846023,-606.440188846023,1,2,2,1,1,2,2,1,250,4,7,4,42508547,0.85,3,2
"sub.799",-608.018861306304,-608.018861306304,3,1,2,2,3,1,2,2,250,4,8,4,42508548,0.85,3,2
"sub.899",-566.534511783358,-566.534511783358,1,2,1,1,1,2,1,1,250,4,9,4,42508549,0.85,3,2
"sub.999",-587.187224260909,-587.187224260909,1,1,1,2,1,1,1,2,250,4,10,4,425085410,0.85,3,2
"sub.1099",-600.290726864189,-600.290726864189,1,3,2,3,1,3,2,3,250,4,11,4,425085411,0.85,3,2
"sub.11138",-598.845602035489,-598.845602035489,1,2,3,3,1,2,3,3,250,4,12,4,425085412,0.85,3,2
"sub.12115",-577.817041874621,-577.817041874621,1,1,1,1,1,1,1,1,250,4,13,4,425085413,0.85,3,2
"sub.13102",-629.73530871168,-629.73530871168,2,1,4,3,2,1,4,3,250,4,14,4,425085414,0.85,3,2
"sub.1499",-596.392804131616,-596.392804131616,2,1,3,3,2,1,3,3,250,4,15,4,425085415,0.85,3,2
"sub.1599",-607.635679895755,-607.635679895755,3,1,2,1,3,1,2,1,250,4,16,4,425085416,0.85,3,2
"sub.1699",-588.700917034505,-588.700917034505,1,1,1,2,1,1,1,2,250,4,17,4,425085417,0.85,3,2
"sub.1799",-629.938560053621,-629.938560053621,2,3,1,2,2,3,1,2,250,4,18,4,425085418,0.85,3,2
"sub.1899",-582.275918798659,-582.275918798659,1,1,2,2,1,1,2,2,250,4,19,4,425085419,0.85,3,2
"sub.1999",-569.099078673271,-569.099078673271,1,1,1,1,1,1,1,1,250,4,20,4,425085420,0.85,3,2
"sub100",-590.807052924541,-590.807052924541,1,1,2,1,1,1,2,1,250,4,1,5,52508541,0.85,2,3
"sub.1402",-583.831149044643,-583.831149044643,1,1,1,2,1,1,1,2,250,4,2,5,52508542,0.85,2,3
"sub.2100",-609.56456843273,-609.56456843273,3,3,2,1,3,3,2,1,250,4,3,5,52508543,0.85,2,3
"sub.3100",-608.915849382342,-608.915849382342,1,1,1,2,1,1,1,2,250,4,4,5,52508544,0.85,2,3
"sub.4100",-605.865241052469,-605.865241052469,1,3,2,2,1,3,2,2,250,4,5,5,52508545,0.85,2,3
"sub.5100",-564.810595980387,-564.810595980387,1,1,1,1,1,1,1,1,250,4,6,5,52508546,0.85,2,3
"sub.6100",-619.905686464459,-619.905686464459,2,3,3,1,2,3,3,1,250,4,7,5,52508547,0.85,2,3
"sub.7100",-561.0412491825,-561.0412491825,1,2,2,2,1,2,2,2,250,4,8,5,52508548,0.85,2,3
"sub.8100",-553.754946246254,-553.754946246254,1,1,1,1,1,1,1,1,250,4,9,5,52508549,0.85,2,3
"sub.9100",-597.194014502584,-597.194014502584,1,2,2,2,1,2,2,2,250,4,10,5,525085410,0.85,2,3
"sub.10100",-622.215429330041,-622.215429330041,2,3,1,2,2,3,1,2,250,4,11,5,525085411,0.85,2,3
"sub.11139",-607.1421363918,-607.1421363918,1,2,3,4,1,2,3,4,250,4,12,5,525085412,0.85,2,3
"sub.12116",-587.537230569304,-587.537230569304,2,2,2,1,2,2,2,1,250,4,13,5,525085413,0.85,2,3
"sub.13103",-613.830067423529,-613.830067423529,1,2,2,3,1,2,2,3,250,4,14,5,525085414,0.85,2,3
"sub.14100",-584.00249284583,-584.00249284583,1,2,3,1,1,2,3,1,250,4,15,5,525085415,0.85,2,3
"sub.15100",-595.44934124735,-595.44934124735,1,2,1,2,1,2,1,2,250,4,16,5,525085416,0.85,2,3
"sub.16100",-592.163047175089,-592.163047175089,2,2,1,1,2,2,1,1,250,4,17,5,525085417,0.85,2,3
"sub.17100",-593.763988863657,-593.763988863657,1,3,3,2,1,3,3,2,250,4,18,5,525085418,0.85,2,3
"sub.18100",-526.424041227465,-526.424041227465,1,1,1,1,1,1,1,1,250,4,19,5,525085419,0.85,2,3
"sub.19100",-605.295840415561,-605.295840415561,1,1,2,2,1,1,2,2,250,4,20,5,525085420,0.85,2,3
"sub101",-556.286077965377,-556.286077965377,1,1,1,1,1,1,1,1,250,4,1,6,62508541,0.85,3,2
"sub.1403",-569.099078673271,-569.099078673271,1,1,1,1,1,1,1,1,250,4,2,6,62508542,0.85,3,2
"sub.2101",-551.369200648377,-551.369200648377,1,1,2,1,1,1,2,1,250,4,3,6,62508543,0.85,3,2
"sub.3101",-605.453515866449,-605.453515866449,2,1,3,1,2,1,3,1,250,4,4,6,62508544,0.85,3,2
"sub.4101",-623.071644550124,-623.071644550124,1,2,3,4,1,2,3,4,250,4,5,6,62508545,0.85,3,2
"sub.5101",-601.465149306969,-601.465149306969,2,2,3,1,2,2,3,1,250,4,6,6,62508546,0.85,3,2
"sub.6101",-605.073286894749,-605.073286894749,2,1,1,1,2,1,1,1,250,4,7,6,62508547,0.85,3,2
"sub.7101",-595.736318339508,-595.736318339508,1,1,2,2,1,1,2,2,250,4,8,6,62508548,0.85,3,2
"sub.8101",-601.394921925689,-601.394921925689,1,3,3,2,1,3,3,2,250,4,9,6,62508549,0.85,3,2
"sub.9101",-584.659681276424,-584.659681276424,2,1,1,1,2,1,1,1,250,4,10,6,625085410,0.85,3,2
"sub.10101",-600.013113208223,-600.013113208223,3,1,2,3,3,1,2,3,250,4,11,6,625085411,0.85,3,2
"sub.11140",-610.846554801484,-610.846554801484,1,2,3,2,1,2,3,2,250,4,12,6,625085412,0.85,3,2
"sub.12117",-598.201121998883,-598.201121998883,3,1,2,3,3,1,2,3,250,4,13,6,625085413,0.85,3,2
"sub.13104",-609.103575819704,-609.103575819704,1,3,2,4,1,3,2,4,250,4,14,6,625085414,0.85,3,2
"sub.14101",-615.963206447331,-615.963206447331,2,3,1,2,2,3,1,2,250,4,15,6,625085415,0.85,3,2
"sub.15101",-587.27472941629,-587.27472941629,1,3,2,2,1,3,2,2,250,4,16,6,625085416,0.85,3,2
"sub.16101",-557.358198638598,-557.358198638598,1,1,1,1,1,1,1,1,250,4,17,6,625085417,0.85,3,2
"sub.17101",-602.864202156463,-602.864202156463,1,1,2,2,1,1,2,2,250,4,18,6,625085418,0.85,3,2
"sub.18101",-601.108582759238,-601.108582759238,1,2,2,3,1,2,2,3,250,4,19,6,625085419,0.85,3,2
"sub.19101",-610.979467149152,-610.979467149152,2,2,1,2,2,2,1,2,250,4,20,6,625085420,0.85,3,2
"sub102",-602.125841699959,-602.125841699959,1,1,2,1,1,1,2,1,250,4,1,7,72508541,0.85,3,2
"sub.1404",-560.768005844602,-560.768005844602,1,1,1,1,1,1,1,1,250,4,2,7,72508542,0.85,3,2
"sub.2102",-618.130396227549,-618.130396227549,3,1,2,3,3,1,2,3,250,4,3,7,72508543,0.85,3,2
"sub.3102",-635.531730465614,-635.531730465614,1,1,2,3,1,1,2,3,250,4,4,7,72508544,0.85,3,2
"sub.4102",-572.948223622715,-572.948223622715,1,1,1,1,1,1,1,1,250,4,5,7,72508545,0.85,3,2
"sub.5102",-551.364812342712,-551.364812342712,1,1,1,1,1,1,1,1,250,4,6,7,72508546,0.85,3,2
"sub.6102",-593.421099091719,-593.421099091719,1,2,1,1,1,2,1,1,250,4,7,7,72508547,0.85,3,2
"sub.7102",-562.149596640054,-562.149596640054,2,1,2,2,2,1,2,2,250,4,8,7,72508548,0.85,3,2
"sub.8102",-613.95740089199,-613.95740089199,1,2,3,4,1,2,3,4,250,4,9,7,72508549,0.85,3,2
"sub.9102",-587.524858752235,-587.524858752235,1,2,2,1,1,2,2,1,250,4,10,7,725085410,0.85,3,2
"sub.10102",-603.547778025128,-603.547778025128,3,3,1,2,3,3,1,2,250,4,11,7,725085411,0.85,3,2
"sub.11141",-618.393875125342,-618.393875125342,1,2,3,2,1,2,3,2,250,4,12,7,725085412,0.85,3,2
"sub.12118",-595.362309283598,-595.362309283598,2,1,2,3,2,1,2,3,250,4,13,7,725085413,0.85,3,2
"sub.13105",-615.760895373911,-615.760895373911,2,3,1,3,2,3,1,3,250,4,14,7,725085414,0.85,3,2
"sub.14102",-575.974619411862,-575.974619411862,2,1,2,2,2,1,2,2,250,4,15,7,725085415,0.85,3,2
"sub.15102",-593.13464995996,-593.13464995996,2,1,1,1,2,1,1,1,250,4,16,7,725085416,0.85,3,2
"sub.16102",-590.414500659539,-590.414500659539,2,2,1,2,2,2,1,2,250,4,17,7,725085417,0.85,3,2
"sub.17102",-589.632319424032,-589.632319424032,2,3,2,1,2,3,2,1,250,4,18,7,725085418,0.85,3,2
"sub.18102",-621.064730001622,-621.064730001622,3,4,1,2,3,4,1,2,250,4,19,7,725085419,0.85,3,2
"sub.19102",-601.817322695873,-601.817322695873,2,3,3,1,2,3,3,1,250,4,20,7,725085420,0.85,3,2
"sub103",-569.996116454679,-569.996116454679,1,2,2,2,1,2,2,2,250,4,1,8,82508541,0.85,4,1
"sub.1405",-600.132263825645,-600.132263825645,1,2,2,3,1,2,2,3,250,4,2,8,82508542,0.85,4,1
"sub.2103",-601.155458547359,-601.155458547359,1,2,1,2,1,2,1,2,250,4,3,8,82508543,0.85,4,1
"sub.3103",-612.246345538875,-612.246345538875,1,2,3,2,1,2,3,2,250,4,4,8,82508544,0.85,4,1
"sub.4103",-612.669350438963,-612.669350438963,2,4,1,3,2,4,1,3,250,4,5,8,82508545,0.85,4,1
"sub.5103",-603.548154041555,-603.548154041555,1,3,2,2,1,3,2,2,250,4,6,8,82508546,0.85,4,1
"sub.6103",-598.535706729676,-598.535706729676,2,1,2,2,2,1,2,2,250,4,7,8,82508547,0.85,4,1
"sub.7103",-617.030324945547,-617.030324945547,1,3,2,3,1,3,2,3,250,4,8,8,82508548,0.85,4,1
"sub.8103",-597.694215436188,-597.694215436188,1,1,2,2,1,1,2,2,250,4,9,8,82508549,0.85,4,1
"sub.9103",-569.925306789392,-569.925306789392,1,1,1,1,1,1,1,1,250,4,10,8,825085410,0.85,4,1
"sub.10103",-618.64524636105,-618.64524636105,2,1,3,4,2,1,3,4,250,4,11,8,825085411,0.85,4,1
"sub.11142",-595.603714010826,-595.603714010826,1,1,2,3,1,1,2,3,250,4,12,8,825085412,0.85,4,1
"sub.12119",-582.738307497286,-582.738307497286,1,1,1,1,1,1,1,1,250,4,13,8,825085413,0.85,4,1
"sub.13106",-590.219312093546,-590.219312093546,1,1,2,3,1,1,2,3,250,4,14,8,825085414,0.85,4,1
"sub.14103",-558.37787194106,-558.37787194106,1,1,1,1,1,1,1,1,250,4,15,8,825085415,0.85,4,1
"sub.15103",-579.276052920523,-579.276052920523,1,1,1,1,1,1,1,1,250,4,16,8,825085416,0.85,4,1
"sub.16103",-602.009437825545,-602.009437825545,1,1,2,2,1,1,2,2,250,4,17,8,825085417,0.85,4,1
"sub.17103",-575.672800528179,-575.672800528179,1,1,1,1,1,1,1,1,250,4,18,8,825085418,0.85,4,1
"sub.18103",-594.769721474645,-594.769721474645,2,3,3,1,2,3,3,1,250,4,19,8,825085419,0.85,4,1
"sub.19103",-598.89694562019,-598.89694562019,1,2,2,3,1,2,2,3,250,4,20,8,825085420,0.85,4,1
"sub104",-576.7449212014,-576.7449212014,1,1,1,1,1,1,1,1,250,4,1,9,92508541,0.85,3,2
"sub.1406",-587.178600537716,-587.178600537716,1,1,1,2,1,1,1,2,250,4,2,9,92508542,0.85,3,2
"sub.2104",-603.445222587494,-603.445222587494,2,1,1,2,2,1,1,2,250,4,3,9,92508543,0.85,3,2
"sub.3104",-594.431181497331,-594.431181497331,3,2,2,1,3,2,2,1,250,4,4,9,92508544,0.85,3,2
"sub.4104",-590.988889022182,-590.988889022182,2,3,1,2,2,3,1,2,250,4,5,9,92508545,0.85,3,2
"sub.5104",-608.935103544655,-608.935103544655,1,1,2,2,1,1,2,2,250,4,6,9,92508546,0.85,3,2
"sub.6104",-612.794095050513,-612.794095050513,1,1,2,1,1,1,2,1,250,4,7,9,92508547,0.85,3,2
"sub.7104",-608.638248919789,-608.638248919789,2,3,3,1,2,3,3,1,250,4,8,9,92508548,0.85,3,2
"sub.8104",-559.0631022416,-559.0631022416,1,1,1,1,1,1,1,1,250,4,9,9,92508549,0.85,3,2
"sub.9104",-609.999624847976,-609.999624847976,1,2,2,3,1,2,2,3,250,4,10,9,925085410,0.85,3,2
"sub.10104",-612.728380827061,-612.728380827061,1,3,4,2,1,3,4,2,250,4,11,9,925085411,0.85,3,2
"sub.11143",-608.240118774996,-608.240118774996,1,2,3,3,1,2,3,3,250,4,12,9,925085412,0.85,3,2
"sub.12120",-607.990455359281,-607.990455359281,1,3,2,2,1,3,2,2,250,4,13,9,925085413,0.85,3,2
"sub.13107",-559.11554961236,-559.11554961236,1,1,1,1,1,1,1,1,250,4,14,9,925085414,0.85,3,2
"sub.14104",-614.813039463775,-614.813039463775,4,1,2,3,4,1,2,3,250,4,15,9,925085415,0.85,3,2
"sub.15104",-562.859799820285,-562.859799820285,1,1,1,1,1,1,1,1,250,4,16,9,925085416,0.85,3,2
"sub.16104",-586.983574776534,-586.983574776534,1,1,2,2,1,1,2,2,250,4,17,9,925085417,0.85,3,2
"sub.17104",-606.084504264048,-606.084504264048,1,2,2,1,1,2,2,1,250,4,18,9,925085418,0.85,3,2
"sub.18104",-634.344080567308,-634.344080567308,2,4,1,3,2,4,1,3,250,4,19,9,925085419,0.85,3,2
"sub.19104",-587.558676756989,-587.558676756989,1,2,3,2,1,2,3,2,250,4,20,9,925085420,0.85,3,2
"sub105",-417.407934200406,-417.407934200406,2,1,1,1,2,1,1,1,250,4,1,1,12509541,0.95,4,1
"sub.1407",-435.506597910559,-435.506597910559,1,1,2,2,1,1,2,2,250,4,2,1,12509542,0.95,4,1
"sub.2105",-463.052221176634,-463.052221176634,2,1,3,2,2,1,3,2,250,4,3,1,12509543,0.95,4,1
"sub.3105",-505.266328491299,-505.266328491299,2,2,3,1,2,2,3,1,250,4,4,1,12509544,0.95,4,1
"sub.4105",-330.47866555896,-330.47866555896,1,1,1,1,1,1,1,1,250,4,5,1,12509545,0.95,4,1
"sub.5105",-486.90165460128,-486.90165460128,1,3,2,4,1,3,2,4,250,4,6,1,12509546,0.95,4,1
"sub.6105",-418.790772275986,-418.790772275986,1,2,1,1,1,2,1,1,250,4,7,1,12509547,0.95,4,1
"sub.7105",-446.479458916947,-446.479458916947,1,3,3,2,1,3,3,2,250,4,8,1,12509548,0.95,4,1
"sub.8105",-432.952587327604,-432.952587327604,2,2,1,2,2,2,1,2,250,4,9,1,12509549,0.95,4,1
"sub.9105",-473.12139681922,-473.12139681922,2,1,2,3,2,1,2,3,250,4,10,1,125095410,0.95,4,1
"sub.10105",-436.024096128737,-436.024096128737,2,1,1,1,2,1,1,1,250,4,11,1,125095411,0.95,4,1
"sub.11144",-370.974568798118,-370.974568798118,1,1,1,1,1,1,1,1,250,4,12,1,125095412,0.95,4,1
"sub.12121",-430.296602527258,-430.296602527258,2,1,2,2,2,1,2,2,250,4,13,1,125095413,0.95,4,1
"sub.13108",-461.06336115364,-461.06336115364,2,1,2,1,2,1,2,1,250,4,14,1,125095414,0.95,4,1
"sub.14105",-502.81738124853,-502.81738124853,1,2,3,4,1,2,3,4,250,4,15,1,125095415,0.95,4,1
"sub.15105",-458.20271517039,-458.20271517039,1,2,1,3,1,2,1,3,250,4,16,1,125095416,0.95,4,1
"sub.16105",-498.273359587611,-498.273359587611,2,3,1,2,2,3,1,2,250,4,17,1,125095417,0.95,4,1
"sub.17105",-448.704114665762,-448.704114665762,1,1,2,2,1,1,2,2,250,4,18,1,125095418,0.95,4,1
"sub.18105",-462.22965926789,-462.22965926789,1,1,1,2,1,1,1,2,250,4,19,1,125095419,0.95,4,1
"sub.19105",-365.091208000109,-365.091208000109,1,1,1,1,1,1,1,1,250,4,20,1,125095420,0.95,4,1
"sub106",-457.407257608381,-457.407257608381,1,2,3,3,1,2,3,3,250,4,1,10,102509541,0.95,4,1
"sub.1408",-477.780779866953,-477.780779866953,3,1,1,2,3,1,1,2,250,4,2,10,102509542,0.95,4,1
"sub.2106",-474.487160989288,-474.487160989288,1,3,2,3,1,3,2,3,250,4,3,10,102509543,0.95,4,1
"sub.3106",-350.382806005087,-350.382806005087,1,1,1,1,1,1,1,1,250,4,4,10,102509544,0.95,4,1
"sub.4106",-491.085339869552,-491.085339869552,1,1,2,3,1,1,2,3,250,4,5,10,102509545,0.95,4,1
"sub.5106",-492.121075848809,-492.121075848809,2,3,4,1,2,3,4,1,250,4,6,10,102509546,0.95,4,1
"sub.6106",-489.598878280501,-489.598878280501,3,1,3,2,3,1,3,2,250,4,7,10,102509547,0.95,4,1
"sub.7106",-508.556732820489,-508.556732820489,1,4,2,3,1,4,2,3,250,4,8,10,102509548,0.95,4,1
"sub.8106",-420.750681318103,-420.750681318103,2,2,1,2,2,2,1,2,250,4,9,10,102509549,0.95,4,1
"sub.9106",-463.031257414456,-463.031257414456,3,2,1,2,3,2,1,2,250,4,10,10,1025095410,0.95,4,1
"sub.10106",-435.844832804192,-435.844832804192,1,2,2,2,1,2,2,2,250,4,11,10,1025095411,0.95,4,1
"sub.11145",-430.201183523524,-430.201183523524,1,1,2,1,1,1,2,1,250,4,12,10,1025095412,0.95,4,1
"sub.12122",-481.579905830645,-481.579905830645,3,2,4,1,3,2,4,1,250,4,13,10,1025095413,0.95,4,1
"sub.13109",-454.203302414667,-454.203302414667,2,1,1,2,2,1,1,2,250,4,14,10,1025095414,0.95,4,1
"sub.14106",-452.935998765018,-452.935998765018,1,1,1,2,1,1,1,2,250,4,15,10,1025095415,0.95,4,1
"sub.15106",-416.717929225275,-416.717929225275,1,1,1,2,1,1,1,2,250,4,16,10,1025095416,0.95,4,1
"sub.16106",-458.544438241746,-458.544438241746,3,2,1,3,3,2,1,3,250,4,17,10,1025095417,0.95,4,1
"sub.17106",-436.259360123643,-436.259360123643,2,1,2,1,2,1,2,1,250,4,18,10,1025095418,0.95,4,1
"sub.18106",-434.94759860996,-434.94759860996,2,2,1,1,2,2,1,1,250,4,19,10,1025095419,0.95,4,1
"sub.19106",-475.513250471977,-475.513250471977,3,3,2,1,3,3,2,1,250,4,20,10,1025095420,0.95,4,1
"sub107",-410.53095813463,-410.53095813463,1,1,1,2,1,1,1,2,250,4,1,11,112509541,0.95,4,1
"sub.1409",-381.366045700326,-381.366045700326,1,1,1,1,1,1,1,1,250,4,2,11,112509542,0.95,4,1
"sub.2107",-407.153546944462,-407.153546944462,1,1,1,1,1,1,1,1,250,4,3,11,112509543,0.95,4,1
"sub.3107",-463.913664410584,-463.913664410584,3,3,1,2,3,3,1,2,250,4,4,11,112509544,0.95,4,1
"sub.4107",-437.921312047046,-437.921312047046,1,1,1,2,1,1,1,2,250,4,5,11,112509545,0.95,4,1
"sub.5107",-509.825990117257,-509.825990117257,2,1,4,3,2,1,4,3,250,4,6,11,112509546,0.95,4,1
"sub.6107",-525.038056186281,-525.038056186281,2,3,1,4,2,3,1,4,250,4,7,11,112509547,0.95,4,1
"sub.7107",-420.145349651494,-420.145349651494,1,1,1,2,1,1,1,2,250,4,8,11,112509548,0.95,4,1
"sub.8107",-442.023932300213,-442.023932300213,2,2,2,1,2,2,2,1,250,4,9,11,112509549,0.95,4,1
"sub.9107",-518.88926547866,-518.88926547866,1,4,2,3,1,4,2,3,250,4,10,11,1125095410,0.95,4,1
"sub.10107",-417.9684950523,-417.9684950523,1,2,2,2,1,2,2,2,250,4,11,11,1125095411,0.95,4,1
"sub.11146",-462.695218640218,-462.695218640218,2,2,2,1,2,2,2,1,250,4,12,11,1125095412,0.95,4,1
"sub.12123",-440.216038541702,-440.216038541702,1,2,1,1,1,2,1,1,250,4,13,11,1125095413,0.95,4,1
"sub.13110",-363.028340959394,-363.028340959394,1,1,1,1,1,1,1,1,250,4,14,11,1125095414,0.95,4,1
"sub.14107",-430.358828907806,-430.358828907806,1,1,1,2,1,1,1,2,250,4,15,11,1125095415,0.95,4,1
"sub.15107",-355.578544456191,-355.578544456191,1,1,1,1,1,1,1,1,250,4,16,11,1125095416,0.95,4,1
"sub.16107",-490.831910197824,-490.831910197824,1,3,3,2,1,3,3,2,250,4,17,11,1125095417,0.95,4,1
"sub.17107",-483.885982000495,-483.885982000495,3,1,1,2,3,1,1,2,250,4,18,11,1125095418,0.95,4,1
"sub.18107",-437.972935200036,-437.972935200036,1,2,2,1,1,2,2,1,250,4,19,11,1125095419,0.95,4,1
"sub.19107",-462.61290110469,-462.61290110469,1,2,2,1,1,2,2,1,250,4,20,11,1125095420,0.95,4,1
"sub108",-449.667934032766,-449.667934032766,1,2,1,2,1,2,1,2,250,4,1,12,122509541,0.95,4,1
"sub.1500",-451.414504188341,-451.414504188341,1,2,2,2,1,2,2,2,250,4,2,12,122509542,0.95,4,1
"sub.2108",-466.848992591587,-466.848992591587,2,3,1,2,2,3,1,2,250,4,3,12,122509543,0.95,4,1
"sub.3108",-493.014495058367,-493.014495058367,1,2,2,3,1,2,2,3,250,4,4,12,122509544,0.95,4,1
"sub.4108",-376.361498260606,-376.361498260606,1,1,1,1,1,1,1,1,250,4,5,12,122509545,0.95,4,1
"sub.5108",-433.677737614742,-433.677737614742,1,2,1,2,1,2,1,2,250,4,6,12,122509546,0.95,4,1
"sub.6108",-479.755158303263,-479.755158303263,3,2,1,3,3,2,1,3,250,4,7,12,122509547,0.95,4,1
"sub.7108",-458.413456619422,-458.413456619422,2,1,1,1,2,1,1,1,250,4,8,12,122509548,0.95,4,1
"sub.8108",-492.180730747118,-492.180730747118,2,1,1,3,2,1,1,3,250,4,9,12,122509549,0.95,4,1
"sub.9108",-473.308137376582,-473.308137376582,3,3,2,1,3,3,2,1,250,4,10,12,1225095410,0.95,4,1
"sub.10108",-467.333551988943,-467.333551988943,1,2,2,3,1,2,2,3,250,4,11,12,1225095411,0.95,4,1
"sub.11147",-481.429782052929,-481.429782052929,2,3,3,1,2,3,3,1,250,4,12,12,1225095412,0.95,4,1
"sub.12124",-447.056570641019,-447.056570641019,2,2,2,1,2,2,2,1,250,4,13,12,1225095413,0.95,4,1
"sub.13111",-402.836621851647,-402.836621851647,1,1,1,1,1,1,1,1,250,4,14,12,1225095414,0.95,4,1
"sub.14108",-442.492294132525,-442.492294132525,1,2,1,1,1,2,1,1,250,4,15,12,1225095415,0.95,4,1
"sub.15108",-425.588092141046,-425.588092141046,1,1,1,2,1,1,1,2,250,4,16,12,1225095416,0.95,4,1
"sub.16108",-429.404547791889,-429.404547791889,2,2,1,1,2,2,1,1,250,4,17,12,1225095417,0.95,4,1
"sub.17108",-447.323350919669,-447.323350919669,1,2,2,1,1,2,2,1,250,4,18,12,1225095418,0.95,4,1
"sub.18108",-478.224782265332,-478.224782265332,3,1,2,2,3,1,2,2,250,4,19,12,1225095419,0.95,4,1
"sub.19108",-374.107440208507,-374.107440208507,1,1,1,1,1,1,1,1,250,4,20,12,1225095420,0.95,4,1
"sub109",-354.890922109286,-354.890922109286,1,1,1,1,1,1,1,1,250,4,1,13,132509541,0.95,4,1
"sub.1501",-463.722874769755,-463.722874769755,1,1,2,2,1,1,2,2,250,4,2,13,132509542,0.95,4,1
"sub.2109",-514.216747647526,-514.216747647526,1,2,3,4,1,2,3,4,250,4,3,13,132509543,0.95,4,1
"sub.3109",-510.600315017324,-510.600315017324,1,2,3,4,1,2,3,4,250,4,4,13,132509544,0.95,4,1
"sub.4109",-474.076251502356,-474.076251502356,3,1,2,1,3,1,2,1,250,4,5,13,132509545,0.95,4,1
"sub.5109",-460.571021104252,-460.571021104252,2,1,2,1,2,1,2,1,250,4,6,13,132509546,0.95,4,1
"sub.6109",-463.939330737552,-463.939330737552,2,2,3,1,2,2,3,1,250,4,7,13,132509547,0.95,4,1
"sub.7109",-489.605523209877,-489.605523209877,1,3,1,2,1,3,1,2,250,4,8,13,132509548,0.95,4,1
"sub.8109",-480.861104692453,-480.861104692453,1,2,3,2,1,2,3,2,250,4,9,13,132509549,0.95,4,1
"sub.9109",-392.445144949439,-392.445144949439,1,1,1,1,1,1,1,1,250,4,10,13,1325095410,0.95,4,1
"sub.10109",-445.27447008694,-445.27447008694,1,1,1,2,1,1,1,2,250,4,11,13,1325095411,0.95,4,1
"sub.11148",-443.961138887673,-443.961138887673,1,2,2,2,1,2,2,2,250,4,12,13,1325095412,0.95,4,1
"sub.12125",-484.733966427018,-484.733966427018,1,3,2,2,1,3,2,2,250,4,13,13,1325095413,0.95,4,1
"sub.13112",-439.638458725352,-439.638458725352,1,2,2,2,1,2,2,2,250,4,14,13,1325095414,0.95,4,1
"sub.14109",-405.887851215823,-405.887851215823,1,2,1,1,1,2,1,1,250,4,15,13,1325095415,0.95,4,1
"sub.15109",-514.795554503748,-514.795554503748,2,4,1,3,2,4,1,3,250,4,16,13,1325095416,0.95,4,1
"sub.16109",-491.496174731561,-491.496174731561,1,3,2,1,1,3,2,1,250,4,17,13,1325095417,0.95,4,1
"sub.17109",-502.551942838697,-502.551942838697,2,3,1,2,2,3,1,2,250,4,18,13,1325095418,0.95,4,1
"sub.18109",-480.533966874864,-480.533966874864,1,2,3,2,1,2,3,2,250,4,19,13,1325095419,0.95,4,1
"sub.19109",-422.071405795664,-422.071405795664,2,1,1,2,2,1,1,2,250,4,20,13,1325095420,0.95,4,1
"sub110",-435.951324918899,-435.951324918899,2,2,1,2,2,2,1,2,250,4,1,14,142509541,0.95,2,2
"sub.1502",-365.970021358398,-365.970021358398,1,1,1,1,1,1,1,1,250,4,2,14,142509542,0.95,2,2
"sub.2110",-456.338788982042,-456.338788982042,1,2,2,2,1,2,2,2,250,4,3,14,142509543,0.95,2,2
"sub.3110",-441.472986545607,-441.472986545607,1,2,1,2,1,2,1,2,250,4,4,14,142509544,0.95,2,2
"sub.4110",-350.382806005087,-350.382806005087,1,1,1,1,1,1,1,1,250,4,5,14,142509545,0.95,2,2
"sub.5110",-436.222781122072,-436.222781122072,2,1,1,1,2,1,1,1,250,4,6,14,142509546,0.95,2,2
"sub.6110",-442.302529673717,-442.302529673717,1,2,2,2,1,2,2,2,250,4,7,14,142509547,0.95,2,2
"sub.7110",-451.007136695914,-451.007136695914,3,2,3,1,3,2,3,1,250,4,8,14,142509548,0.95,2,2
"sub.8110",-435.729784336117,-435.729784336117,2,1,2,2,2,1,2,2,250,4,9,14,142509549,0.95,2,2
"sub.9110",-445.834094081681,-445.834094081681,2,1,2,2,2,1,2,2,250,4,10,14,1425095410,0.95,2,2
"sub.10110",-459.804581955402,-459.804581955402,1,3,2,3,1,3,2,3,250,4,11,14,1425095411,0.95,2,2
"sub.11149",-505.134572143244,-505.134572143244,1,3,4,2,1,3,4,2,250,4,12,14,1425095412,0.95,2,2
"sub.12126",-484.286316825057,-484.286316825057,1,2,3,1,1,2,3,1,250,4,13,14,1425095413,0.95,2,2
"sub.13113",-495.844534246748,-495.844534246748,3,1,1,2,3,1,1,2,250,4,14,14,1425095414,0.95,2,2
"sub.14110",-451.327724886472,-451.327724886472,1,2,1,1,1,2,1,1,250,4,15,14,1425095415,0.95,2,2
"sub.15110",-443.487685327424,-443.487685327424,2,2,2,1,2,2,2,1,250,4,16,14,1425095416,0.95,2,2
"sub.16110",-431.058147942769,-431.058147942769,1,1,1,2,1,1,1,2,250,4,17,14,1425095417,0.95,2,2
"sub.17110",-472.087449647881,-472.087449647881,1,3,2,3,1,3,2,3,250,4,18,14,1425095418,0.95,2,2
"sub.18110",-496.934571085088,-496.934571085088,1,3,2,1,1,3,2,1,250,4,19,14,1425095419,0.95,2,2
"sub.19110",-361.4619052542,-361.4619052542,1,1,1,1,1,1,1,1,250,4,20,14,1425095420,0.95,2,2
"sub111",-396.762070042254,-396.762070042254,1,1,1,1,1,1,1,1,250,4,1,15,152509541,0.95,4,1
"sub.1503",-452.887619629539,-452.887619629539,1,3,1,2,1,3,1,2,250,4,2,15,152509542,0.95,4,1
"sub.2111",-471.654559047131,-471.654559047131,1,1,2,1,1,1,2,1,250,4,3,15,152509543,0.95,4,1
"sub.3111",-353.324486404091,-353.324486404091,1,1,1,1,1,1,1,1,250,4,4,15,152509544,0.95,4,1
"sub.4111",-420.96576065546,-420.96576065546,2,1,1,1,2,1,1,1,250,4,5,15,152509545,0.95,4,1
"sub.5111",-459.421306465955,-459.421306465955,1,2,3,3,1,2,3,3,250,4,6,15,152509546,0.95,4,1
"sub.6111",-454.253794401981,-454.253794401981,1,2,2,2,1,2,2,2,250,4,7,15,152509547,0.95,4,1
"sub.7111",-455.396979730436,-455.396979730436,2,1,1,1,2,1,1,1,250,4,8,15,152509548,0.95,4,1
"sub.8111",-428.28429861628,-428.28429861628,2,1,2,2,2,1,2,2,250,4,9,15,152509549,0.95,4,1
"sub.9111",-512.744162508643,-512.744162508643,1,2,3,4,1,2,3,4,250,4,10,15,1525095410,0.95,4,1
"sub.10111",-491.516170295734,-491.516170295734,1,3,4,2,1,3,4,2,250,4,11,15,1525095411,0.95,4,1
"sub.11150",-424.787460229184,-424.787460229184,1,1,1,2,1,1,1,2,250,4,12,15,1525095412,0.95,4,1
"sub.12127",-457.708821163737,-457.708821163737,3,3,2,1,3,3,2,1,250,4,13,15,1525095413,0.95,4,1
"sub.13114",-486.999090280848,-486.999090280848,2,2,1,3,2,2,1,3,250,4,14,15,1525095414,0.95,4,1
"sub.14111",-457.248506020273,-457.248506020273,3,3,1,2,3,3,1,2,250,4,15,15,1525095415,0.95,4,1
"sub.15111",-347.441125606082,-347.441125606082,1,1,1,1,1,1,1,1,250,4,16,15,1525095416,0.95,4,1
"sub.16111",-492.161578701939,-492.161578701939,1,3,2,2,1,3,2,2,250,4,17,15,1525095417,0.95,4,1
"sub.17111",-452.889293480796,-452.889293480796,1,1,2,1,1,1,2,1,250,4,18,15,1525095418,0.95,4,1
"sub.18111",-495.022256191182,-495.022256191182,1,3,2,1,1,3,2,1,250,4,19,15,1525095419,0.95,4,1
"sub.19111",-344.499445207078,-344.499445207078,1,1,1,1,1,1,1,1,250,4,20,15,1525095420,0.95,4,1
"sub112",-490.157057828321,-490.157057828321,1,2,1,2,1,2,1,2,250,4,1,16,162509541,0.95,3,2
"sub.1504",-360.086660560389,-360.086660560389,1,1,1,1,1,1,1,1,250,4,2,16,162509542,0.95,3,2
"sub.2112",-474.402713407865,-474.402713407865,1,2,3,3,1,2,3,3,250,4,3,16,162509543,0.95,3,2
"sub.3112",-466.173548923095,-466.173548923095,1,2,1,1,1,2,1,1,250,4,4,16,162509544,0.95,3,2
"sub.4112",-444.139102445142,-444.139102445142,1,1,1,2,1,1,1,2,250,4,5,16,162509545,0.95,3,2
"sub.5112",-472.016955980956,-472.016955980956,1,1,3,2,1,1,3,2,250,4,6,16,162509546,0.95,3,2
"sub.6112",-448.537236795742,-448.537236795742,2,2,1,3,2,2,1,3,250,4,7,16,162509547,0.95,3,2
"sub.7112",-498.59032848983,-498.59032848983,1,2,1,3,1,2,1,3,250,4,8,16,162509548,0.95,3,2
"sub.8112",-460.093154992201,-460.093154992201,1,3,1,2,1,3,1,2,250,4,9,16,162509549,0.95,3,2
"sub.9112",-438.503215484092,-438.503215484092,1,1,2,1,1,1,2,1,250,4,10,16,1625095410,0.95,3,2
"sub.10112",-459.392982661017,-459.392982661017,1,2,3,3,1,2,3,3,250,4,11,16,1625095411,0.95,3,2
"sub.11151",-456.627990623862,-456.627990623862,2,1,1,1,2,1,1,1,250,4,12,16,1625095412,0.95,3,2
"sub.12128",-461.342784576082,-461.342784576082,1,2,2,1,1,2,2,1,250,4,13,16,1625095413,0.95,3,2
"sub.13115",-502.712338899102,-502.712338899102,3,2,1,3,3,2,1,3,250,4,14,16,1625095414,0.95,3,2
"sub.14112",-410.915228152171,-410.915228152171,1,1,1,2,1,1,1,2,250,4,15,16,1625095415,0.95,3,2
"sub.15112",-432.830578472614,-432.830578472614,1,2,2,1,1,2,2,1,250,4,16,16,1625095416,0.95,3,2
"sub.16112",-453.549991669981,-453.549991669981,3,1,2,3,3,1,2,3,250,4,17,16,1625095417,0.95,3,2
"sub.17112",-461.461809967861,-461.461809967861,2,1,3,3,2,1,3,3,250,4,18,16,1625095418,0.95,3,2
"sub.18112",-364.403585653204,-364.403585653204,1,1,1,1,1,1,1,1,250,4,19,16,1625095419,0.95,3,2
"sub.19112",-509.431794375217,-509.431794375217,1,2,4,3,1,2,4,3,250,4,20,16,1625095420,0.95,3,2
"sub113",-440.252492819547,-440.252492819547,1,1,1,2,1,1,1,2,250,4,1,17,172509541,0.95,2,2
"sub.1505",-424.748804901601,-424.748804901601,2,2,1,2,2,2,1,2,250,4,2,17,172509542,0.95,2,2
"sub.2113",-370.974568798118,-370.974568798118,1,1,1,1,1,1,1,1,250,4,3,17,172509543,0.95,2,2
"sub.3113",-429.699957102742,-429.699957102742,1,2,1,1,1,2,1,1,250,4,4,17,172509544,0.95,2,2
"sub.4113",-499.39351367536,-499.39351367536,1,2,3,4,1,2,3,4,250,4,5,17,172509545,0.95,2,2
"sub.5113",-358.023793519674,-358.023793519674,1,1,1,1,1,1,1,1,250,4,6,17,172509546,0.95,2,2
"sub.6113",-503.285821223438,-503.285821223438,3,2,4,1,3,2,4,1,250,4,7,17,172509547,0.95,2,2
"sub.7113",-445.749602577035,-445.749602577035,3,1,1,2,3,1,1,2,250,4,8,17,172509548,0.95,2,2
"sub.8113",-506.059583468184,-506.059583468184,1,2,3,4,1,2,3,4,250,4,9,17,172509549,0.95,2,2
"sub.9113",-495.533392461817,-495.533392461817,1,3,2,3,1,3,2,3,250,4,10,17,1725095410,0.95,2,2
"sub.10113",-348.319938964371,-348.319938964371,1,1,1,1,1,1,1,1,250,4,11,17,1725095411,0.95,2,2
"sub.11152",-462.437930569178,-462.437930569178,1,3,2,2,1,3,2,2,250,4,12,17,1725095412,0.95,2,2
"sub.12129",-448.061784926408,-448.061784926408,1,1,1,2,1,1,1,2,250,4,13,17,1725095413,0.95,2,2
"sub.13116",-445.336665762715,-445.336665762715,1,1,1,2,1,1,1,2,250,4,14,17,1725095414,0.95,2,2
"sub.14113",-515.483886332163,-515.483886332163,3,4,1,2,3,4,1,2,250,4,15,17,1725095415,0.95,2,2
"sub.15113",-482.152673875615,-482.152673875615,2,3,1,2,2,3,1,2,250,4,16,17,1725095416,0.95,2,2
"sub.16113",-472.891313083421,-472.891313083421,3,2,2,1,3,2,2,1,250,4,17,17,1725095417,0.95,2,2
"sub.17113",-487.207841916948,-487.207841916948,1,3,3,2,1,3,3,2,250,4,18,17,1725095418,0.95,2,2
"sub.18113",-483.964363227837,-483.964363227837,2,1,1,3,2,1,1,3,250,4,19,17,1725095419,0.95,2,2
"sub.19113",-447.51020474735,-447.51020474735,1,1,1,2,1,1,1,2,250,4,20,17,1725095420,0.95,2,2
"sub114",-466.625823512217,-466.625823512217,2,3,1,3,2,3,1,3,250,4,1,18,182509541,0.95,4,1
"sub.1506",-419.459781034155,-419.459781034155,2,2,1,2,2,2,1,2,250,4,2,18,182509542,0.95,4,1
"sub.2114",-537.776400720064,-537.776400720064,4,1,2,3,4,1,2,3,250,4,3,18,182509543,0.95,4,1
"sub.3114",-378.424365301322,-378.424365301322,1,1,1,1,1,1,1,1,250,4,4,18,182509544,0.95,4,1
"sub.4114",-497.539198187961,-497.539198187961,1,2,4,3,1,2,4,3,250,4,5,18,182509545,0.95,4,1
"sub.5114",-467.156082244201,-467.156082244201,2,3,1,3,2,3,1,3,250,4,6,18,182509546,0.95,4,1
"sub.6114",-377.049120607511,-377.049120607511,1,1,1,1,1,1,1,1,250,4,7,18,182509547,0.95,4,1
"sub.7114",-509.012934489522,-509.012934489522,2,3,4,1,2,3,4,1,250,4,8,18,182509548,0.95,4,1
"sub.8114",-359.2078472021,-359.2078472021,1,1,1,1,1,1,1,1,250,4,9,18,182509549,0.95,4,1
"sub.9114",-489.255768803219,-489.255768803219,1,2,2,3,1,2,2,3,250,4,10,18,1825095410,0.95,4,1
"sub.10114",-452.085610732473,-452.085610732473,1,3,2,3,1,3,2,3,250,4,11,18,1825095411,0.95,4,1
"sub.11153",-350.573997016471,-350.573997016471,1,1,1,1,1,1,1,1,250,4,12,18,1825095412,0.95,4,1
"sub.12130",-490.529944171929,-490.529944171929,1,4,2,3,1,4,2,3,250,4,13,18,1825095413,0.95,4,1
"sub.13117",-388.815842203529,-388.815842203529,1,1,1,1,1,1,1,1,250,4,14,18,1825095414,0.95,4,1
"sub.14114",-401.679415839844,-401.679415839844,1,2,2,2,1,2,2,2,250,4,15,18,1825095415,0.95,4,1
"sub.15114",-458.201187199179,-458.201187199179,2,2,1,2,2,2,1,2,250,4,16,18,1825095416,0.95,4,1
"sub.16114",-471.652232124954,-471.652232124954,1,1,3,2,1,1,3,2,250,4,17,18,1825095417,0.95,4,1
"sub.17114",-343.124200513268,-343.124200513268,1,1,1,1,1,1,1,1,250,4,18,18,1825095418,0.95,4,1
"sub.18114",-414.665063457111,-414.665063457111,1,2,2,2,1,2,2,2,250,4,19,18,1825095419,0.95,4,1
"sub.19114",-480.184233298951,-480.184233298951,3,2,1,1,3,2,1,1,250,4,20,18,1825095420,0.95,4,1
"sub115",-507.735175250516,-507.735175250516,2,3,1,1,2,3,1,1,250,4,1,19,192509541,0.95,4,1
"sub.1507",-467.429817810462,-467.429817810462,2,1,1,3,2,1,1,3,250,4,2,19,192509542,0.95,4,1
"sub.2115",-489.326618182286,-489.326618182286,2,3,1,2,2,3,1,2,250,4,3,19,192509543,0.95,4,1
"sub.3115",-475.502363492335,-475.502363492335,1,2,1,3,1,2,1,3,250,4,4,19,192509544,0.95,4,1
"sub.4115",-471.525535197433,-471.525535197433,1,3,3,2,1,3,3,2,250,4,5,19,192509545,0.95,4,1
"sub.5115",-491.363505753137,-491.363505753137,3,2,3,1,3,2,3,1,250,4,6,19,192509546,0.95,4,1
"sub.6115",-474.638489399993,-474.638489399993,2,1,2,3,2,1,2,3,250,4,7,19,192509547,0.95,4,1
"sub.7115",-435.266171580562,-435.266171580562,1,1,2,2,1,1,2,2,250,4,8,19,192509548,0.95,4,1
"sub.8115",-474.535089867364,-474.535089867364,1,2,3,1,1,2,3,1,250,4,9,19,192509549,0.95,4,1
"sub.9115",-485.826186506056,-485.826186506056,1,3,2,2,1,3,2,2,250,4,10,19,1925095410,0.95,4,1
"sub.10115",-458.044418001454,-458.044418001454,1,2,2,1,1,2,2,1,250,4,11,19,1925095411,0.95,4,1
"sub.11154",-398.794517138286,-398.794517138286,2,1,2,2,2,1,2,2,250,4,12,19,1925095412,0.95,4,1
"sub.12131",-430.366044477938,-430.366044477938,2,2,1,2,2,2,1,2,250,4,13,19,1925095413,0.95,4,1
"sub.13118",-507.751150881555,-507.751150881555,2,3,1,2,2,3,1,2,250,4,14,19,1925095414,0.95,4,1
"sub.14115",-440.388532474285,-440.388532474285,2,1,2,1,2,1,2,1,250,4,15,19,1925095415,0.95,4,1
"sub.15115",-334.299159316254,-334.299159316254,1,1,1,1,1,1,1,1,250,4,16,19,1925095416,0.95,4,1
"sub.16115",-398.328505747448,-398.328505747448,1,1,1,1,1,1,1,1,250,4,17,19,1925095417,0.95,4,1
"sub.17115",-523.992670316441,-523.992670316441,1,4,2,3,1,4,2,3,250,4,18,19,1925095418,0.95,4,1
"sub.18115",-419.045893610042,-419.045893610042,1,2,2,2,1,2,2,2,250,4,19,19,1925095419,0.95,4,1
"sub.19115",-500.312746051792,-500.312746051792,1,4,3,2,1,4,3,2,250,4,20,19,1925095420,0.95,4,1
"sub116",-458.743454176558,-458.743454176558,1,3,2,2,1,3,2,2,250,4,1,2,22509541,0.95,2,2
"sub.1508",-424.755108178398,-424.755108178398,1,2,2,2,1,2,2,2,250,4,2,2,22509542,0.95,2,2
"sub.2116",-499.583675062465,-499.583675062465,1,3,2,4,1,3,2,4,250,4,3,2,22509543,0.95,2,2
"sub.3116",-495.372156576821,-495.372156576821,1,3,1,2,1,3,1,2,250,4,4,2,22509544,0.95,2,2
"sub.4116",-469.392546071881,-469.392546071881,3,3,1,2,3,3,1,2,250,4,5,2,22509545,0.95,2,2
"sub.5116",-340.870142461168,-340.870142461168,1,1,1,1,1,1,1,1,250,4,6,2,22509546,0.95,2,2
"sub.6116",-457.723338862258,-457.723338862258,2,2,1,2,2,2,1,2,250,4,7,2,22509547,0.95,2,2
"sub.7116",-496.922489188394,-496.922489188394,3,1,2,3,3,1,2,3,250,4,8,2,22509548,0.95,2,2
"sub.8116",-510.048367943054,-510.048367943054,3,2,1,2,3,2,1,2,250,4,9,2,22509549,0.95,2,2
"sub.9116",-426.99904440279,-426.99904440279,1,2,2,2,1,2,2,2,250,4,10,2,225095410,0.95,2,2
"sub.10116",-489.068677072508,-489.068677072508,3,2,1,1,3,2,1,1,250,4,11,2,225095411,0.95,2,2
"sub.11155",-429.898379686279,-429.898379686279,1,2,2,2,1,2,2,2,250,4,12,2,225095412,0.95,2,2
"sub.12132",-526.029027175487,-526.029027175487,1,2,3,4,1,2,3,4,250,4,13,2,225095413,0.95,2,2
"sub.13119",-510.00882579513,-510.00882579513,1,1,2,3,1,1,2,3,250,4,14,2,225095414,0.95,2,2
"sub.14116",-413.626629704476,-413.626629704476,2,2,2,1,2,2,2,1,250,4,15,2,225095415,0.95,2,2
"sub.15116",-494.181573971973,-494.181573971973,3,2,2,1,3,2,2,1,250,4,16,2,225095416,0.95,2,2
"sub.16116",-522.50942432957,-522.50942432957,3,4,1,2,3,4,1,2,250,4,17,2,225095417,0.95,2,2
"sub.17116",-494.063889854479,-494.063889854479,1,1,3,2,1,1,3,2,250,4,18,2,225095418,0.95,2,2
"sub.18116",-445.603408936809,-445.603408936809,2,1,1,1,2,1,1,1,250,4,19,2,225095419,0.95,2,2
"sub.19116",-458.877560455957,-458.877560455957,1,1,1,2,1,1,1,2,250,4,20,2,225095420,0.95,2,2
"sub117",-408.84846026965,-408.84846026965,2,2,1,2,2,2,1,2,250,4,1,20,202509541,0.95,2,2
"sub.1509",-399.207319105737,-399.207319105737,1,1,1,1,1,1,1,1,250,4,2,20,202509542,0.95,2,2
"sub.2117",-446.501413054496,-446.501413054496,2,2,2,1,2,2,2,1,250,4,3,20,202509543,0.95,2,2
"sub.3117",-478.59132381872,-478.59132381872,2,3,1,2,2,3,1,2,250,4,4,20,202509544,0.95,2,2
"sub.4117",-483.190317610884,-483.190317610884,2,3,1,1,2,3,1,1,250,4,5,20,202509545,0.95,2,2
"sub.5117",-484.499903644952,-484.499903644952,1,2,2,3,1,2,2,3,250,4,6,20,202509546,0.95,2,2
"sub.6117",-432.412110309946,-432.412110309946,1,1,2,1,1,1,2,1,250,4,7,20,202509547,0.95,2,2
"sub.7117",-410.772556451325,-410.772556451325,2,1,1,1,2,1,1,1,250,4,8,20,202509548,0.95,2,2
"sub.8117",-469.645229977798,-469.645229977798,3,2,2,1,3,2,2,1,250,4,9,20,202509549,0.95,2,2
"sub.9117",-525.904092226072,-525.904092226072,1,2,4,3,1,2,4,3,250,4,10,20,2025095410,0.95,2,2
"sub.10117",-469.769944071022,-469.769944071022,1,3,1,2,1,3,1,2,250,4,11,20,2025095411,0.95,2,2
"sub.11156",-464.098008163289,-464.098008163289,2,2,2,1,2,2,2,1,250,4,12,20,2025095412,0.95,2,2
"sub.12133",-498.348091331228,-498.348091331228,2,2,3,1,2,2,3,1,250,4,13,20,2025095413,0.95,2,2
"sub.13120",-477.463001076511,-477.463001076511,1,2,3,2,1,2,3,2,250,4,14,20,2025095414,0.95,2,2
"sub.14117",-438.118841459399,-438.118841459399,1,1,1,2,1,1,1,2,250,4,15,20,2025095415,0.95,2,2
"sub.15117",-504.788646315589,-504.788646315589,1,2,3,1,1,2,3,1,250,4,16,20,2025095416,0.95,2,2
"sub.16117",-430.48938229371,-430.48938229371,2,1,1,2,2,1,1,2,250,4,17,20,2025095417,0.95,2,2
"sub.17117",-431.10782374666,-431.10782374666,1,1,2,1,1,1,2,1,250,4,18,20,2025095418,0.95,2,2
"sub.18117",-510.81276192404,-510.81276192404,2,3,1,4,2,3,1,4,250,4,19,20,2025095419,0.95,2,2
"sub.19117",-466.157489455629,-466.157489455629,1,2,1,3,1,2,1,3,250,4,20,20,2025095420,0.95,2,2
"sub118",-494.662123913828,-494.662123913828,1,2,3,2,1,2,3,2,250,4,1,21,212509541,0.95,4,1
"sub.1600",-484.368116280023,-484.368116280023,1,3,3,2,1,3,3,2,250,4,2,21,212509542,0.95,4,1
"sub.2118",-410.351012266299,-410.351012266299,1,2,2,1,1,2,2,1,250,4,3,21,212509543,0.95,4,1
"sub.3118",-446.733607437541,-446.733607437541,1,2,1,2,1,2,1,2,250,4,4,21,212509544,0.95,4,1
"sub.4118",-526.766540608877,-526.766540608877,1,2,4,3,1,2,4,3,250,4,5,21,212509545,0.95,4,1
"sub.5118",-444.716881148338,-444.716881148338,2,1,3,2,2,1,3,2,250,4,6,21,212509546,0.95,4,1
"sub.6118",-473.390206317182,-473.390206317182,2,3,1,2,2,3,1,2,250,4,7,21,212509547,0.95,4,1
"sub.7118",-492.556907508786,-492.556907508786,3,1,4,2,3,1,4,2,250,4,8,21,212509548,0.95,4,1
"sub.8118",-371.165759809502,-371.165759809502,1,1,1,1,1,1,1,1,250,4,9,21,212509549,0.95,4,1
"sub.9118",-470.854359553645,-470.854359553645,1,2,1,2,1,2,1,2,250,4,10,21,2125095410,0.95,4,1
"sub.10118",-389.503464550435,-389.503464550435,1,1,1,1,1,1,1,1,250,4,11,21,2125095411,0.95,4,1
"sub.11157",-455.201992898358,-455.201992898358,2,1,1,2,2,1,1,2,250,4,12,21,2125095412,0.95,4,1
"sub.12134",-451.984885586188,-451.984885586188,1,2,2,2,1,2,2,2,250,4,13,21,2125095413,0.95,4,1
"sub.13121",-475.815638015049,-475.815638015049,2,1,3,3,2,1,3,3,250,4,14,21,2125095414,0.95,4,1
"sub.14118",-454.507484569854,-454.507484569854,1,2,2,1,1,2,2,1,250,4,15,21,2125095415,0.95,4,1
"sub.15118",-474.052924752696,-474.052924752696,1,1,2,1,1,1,2,1,250,4,16,21,2125095416,0.95,4,1
"sub.16118",-518.803399172803,-518.803399172803,2,3,1,4,2,3,1,4,250,4,17,21,2125095417,0.95,4,1
"sub.17118",-445.824336158437,-445.824336158437,1,2,3,3,1,2,3,3,250,4,18,21,2125095418,0.95,4,1
"sub.18118",-492.181280569838,-492.181280569838,2,1,2,3,2,1,2,3,250,4,19,21,2125095419,0.95,4,1
"sub.19118",-450.571972054023,-450.571972054023,1,1,2,2,1,1,2,2,250,4,20,21,2125095420,0.95,4,1
"sub119",-427.002694847365,-427.002694847365,2,1,2,2,2,1,2,2,250,4,1,3,32509541,0.95,4,1
"sub.1601",-428.127691760261,-428.127691760261,1,1,1,1,1,1,1,1,250,4,2,3,32509542,0.95,4,1
"sub.2119",-394.699203001538,-394.699203001538,1,1,1,1,1,1,1,1,250,4,3,3,32509543,0.95,4,1
"sub.3119",-462.383777487557,-462.383777487557,1,3,2,1,1,3,2,1,250,4,4,3,32509544,0.95,4,1
"sub.4119",-387.249406498335,-387.249406498335,1,1,1,1,1,1,1,1,250,4,5,3,32509545,0.95,4,1
"sub.5119",-476.392770560409,-476.392770560409,1,3,2,3,1,3,2,3,250,4,6,3,32509546,0.95,4,1
"sub.6119",-472.926789204614,-472.926789204614,3,1,1,2,3,1,1,2,250,4,7,3,32509547,0.95,4,1
"sub.7119",-427.927102439038,-427.927102439038,2,1,2,2,2,1,2,2,250,4,8,3,32509548,0.95,4,1
"sub.8119",-425.295012663882,-425.295012663882,1,2,1,2,1,2,1,2,250,4,9,3,32509549,0.95,4,1
"sub.9119",-479.876089918735,-479.876089918735,2,1,1,2,2,1,1,2,250,4,10,3,325095410,0.95,4,1
"sub.10119",-425.789304902658,-425.789304902658,2,1,1,1,2,1,1,1,250,4,11,3,325095411,0.95,4,1
"sub.11158",-469.446056800191,-469.446056800191,1,3,1,2,1,3,1,2,250,4,12,3,325095412,0.95,4,1
"sub.12135",-442.99520165317,-442.99520165317,1,2,1,1,1,2,1,1,250,4,13,3,325095413,0.95,4,1
"sub.13122",-485.642971595793,-485.642971595793,1,1,2,3,1,1,2,3,250,4,14,3,325095414,0.95,4,1
"sub.14119",-520.151962271575,-520.151962271575,2,3,4,1,2,3,4,1,250,4,15,3,325095415,0.95,4,1
"sub.15119",-472.403870888967,-472.403870888967,2,1,1,3,2,1,1,3,250,4,16,3,325095416,0.95,4,1
"sub.16119",-453.860747336722,-453.860747336722,1,2,2,2,1,2,2,2,250,4,17,3,325095417,0.95,4,1
"sub.17119",-423.443418997473,-423.443418997473,1,2,2,2,1,2,2,2,250,4,18,3,325095418,0.95,4,1
"sub.18119",-469.249603261352,-469.249603261352,2,3,1,3,2,3,1,3,250,4,19,3,325095419,0.95,4,1
"sub.19119",-442.234299271897,-442.234299271897,1,1,1,2,1,1,1,2,250,4,20,3,325095420,0.95,4,1
"sub120",-398.747686790121,-398.747686790121,1,1,1,2,1,1,1,2,250,4,1,4,42509541,0.95,2,3
"sub.1602",-436.560535775135,-436.560535775135,2,1,2,1,2,1,2,1,250,4,2,4,42509542,0.95,2,3
"sub.2120",-461.732886067404,-461.732886067404,3,3,1,2,3,3,1,2,250,4,3,4,42509543,0.95,2,3
"sub.3120",-448.227193293712,-448.227193293712,1,2,1,1,1,2,1,1,250,4,4,4,42509544,0.95,2,3
"sub.4120",-412.954085254288,-412.954085254288,1,2,1,1,1,2,1,1,250,4,5,4,42509545,0.95,2,3
"sub.5120",-473.271003650556,-473.271003650556,1,1,1,2,1,1,1,2,250,4,6,4,42509546,0.95,2,3
"sub.6120",-430.997139915442,-430.997139915442,1,2,1,1,1,2,1,1,250,4,7,4,42509547,0.95,2,3
"sub.7120",-518.834141153492,-518.834141153492,1,2,3,4,1,2,3,4,250,4,8,4,42509548,0.95,2,3
"sub.8120",-488.508607606901,-488.508607606901,1,2,3,3,1,2,3,3,250,4,9,4,42509549,0.95,2,3
"sub.9120",-470.652249041713,-470.652249041713,2,3,3,1,2,3,3,1,250,4,10,4,425095410,0.95,2,3
"sub.10120",-479.582637860653,-479.582637860653,2,1,2,3,2,1,2,3,250,4,11,4,425095411,0.95,2,3
"sub.11159",-419.956984172907,-419.956984172907,1,1,2,2,1,1,2,2,250,4,12,4,425095412,0.95,2,3
"sub.12136",-484.436915676703,-484.436915676703,1,3,2,2,1,3,2,2,250,4,13,4,425095413,0.95,2,3
"sub.13123",-413.518438067044,-413.518438067044,1,1,1,2,1,1,1,2,250,4,14,4,425095414,0.95,2,3
"sub.14120",-530.049496080722,-530.049496080722,3,1,2,4,3,1,2,4,250,4,15,4,425095415,0.95,2,3
"sub.15120",-441.697765205555,-441.697765205555,2,2,2,1,2,2,2,1,250,4,16,4,425095416,0.95,2,3
"sub.16120",-500.481511069088,-500.481511069088,2,2,1,3,2,2,1,3,250,4,17,4,425095417,0.95,2,3
"sub.17120",-360.965473918679,-360.965473918679,1,1,1,1,1,1,1,1,250,4,18,4,425095418,0.95,2,3
"sub.18120",-426.354686387199,-426.354686387199,1,2,1,1,1,2,1,1,250,4,19,4,425095419,0.95,2,3
"sub.19120",-489.65046581707,-489.65046581707,1,1,2,3,1,1,2,3,250,4,20,4,425095420,0.95,2,3
"sub121",-430.181374380994,-430.181374380994,1,2,2,2,1,2,2,2,250,4,1,5,52509541,0.95,3,2
"sub.1603",-427.744360623355,-427.744360623355,1,1,2,2,1,1,2,2,250,4,2,5,52509542,0.95,3,2
"sub.2121",-483.54476534195,-483.54476534195,4,3,1,2,4,3,1,2,250,4,3,5,52509543,0.95,3,2
"sub.3121",-455.859941804404,-455.859941804404,1,2,2,2,1,2,2,2,250,4,4,5,52509544,0.95,3,2
"sub.4121",-495.446943881283,-495.446943881283,2,1,1,3,2,1,1,3,250,4,5,5,52509545,0.95,3,2
"sub.5121",-404.231574955788,-404.231574955788,1,2,2,2,1,2,2,2,250,4,6,5,52509546,0.95,3,2
"sub.6121",-346.753503259177,-346.753503259177,1,1,1,1,1,1,1,1,250,4,7,5,52509547,0.95,3,2
"sub.7121",-421.205345941472,-421.205345941472,1,2,1,1,1,2,1,1,250,4,8,5,52509548,0.95,3,2
"sub.8121",-524.234812659652,-524.234812659652,1,2,3,4,1,2,3,4,250,4,9,5,52509549,0.95,3,2
"sub.9121",-396.074447695349,-396.074447695349,1,1,1,1,1,1,1,1,250,4,10,5,525095410,0.95,3,2
"sub.10121",-445.182226636462,-445.182226636462,2,3,1,1,2,3,1,1,250,4,11,5,525095411,0.95,3,2
"sub.11160",-464.364913247056,-464.364913247056,2,1,2,2,2,1,2,2,250,4,12,5,525095412,0.95,3,2
"sub.12137",-481.26593752528,-481.26593752528,1,3,2,3,1,3,2,3,250,4,13,5,525095413,0.95,3,2
"sub.13124",-502.081158332726,-502.081158332726,1,4,2,3,1,4,2,3,250,4,14,5,525095414,0.95,3,2
"sub.14121",-401.442148556036,-401.442148556036,2,1,2,2,2,1,2,2,250,4,15,5,525095415,0.95,3,2
"sub.15121",-378.424365301322,-378.424365301322,1,1,1,1,1,1,1,1,250,4,16,5,525095416,0.95,3,2
"sub.16121",-368.224079410498,-368.224079410498,1,1,1,1,1,1,1,1,250,4,17,5,525095417,0.95,3,2
"sub.17121",-444.254944283563,-444.254944283563,2,1,1,1,2,1,1,1,250,4,18,5,525095418,0.95,3,2
"sub.18121",-464.124204824292,-464.124204824292,1,2,2,1,1,2,2,1,250,4,19,5,525095419,0.95,3,2
"sub.19121",-481.470849301502,-481.470849301502,3,2,3,1,3,2,3,1,250,4,20,5,525095420,0.95,3,2
"sub122",-412.072356745434,-412.072356745434,1,1,2,2,1,1,2,2,250,4,1,6,62509541,0.95,4,1
"sub.1604",-424.891185458399,-424.891185458399,2,2,1,2,2,2,1,2,250,4,2,6,62509542,0.95,4,1
"sub.2122",-470.922854705983,-470.922854705983,3,1,2,3,3,1,2,3,250,4,3,6,62509543,0.95,4,1
"sub.3122",-393.820389643249,-393.820389643249,1,1,1,1,1,1,1,1,250,4,4,6,62509544,0.95,4,1
"sub.4122",-510.983420624225,-510.983420624225,2,2,3,1,2,2,3,1,250,4,5,6,62509545,0.95,4,1
"sub.5122",-433.098998013835,-433.098998013835,1,2,1,2,1,2,1,2,250,4,6,6,62509546,0.95,4,1
"sub.6122",-509.965702382829,-509.965702382829,3,4,2,1,3,4,2,1,250,4,7,6,62509547,0.95,4,1
"sub.7122",-434.369114542443,-434.369114542443,1,1,2,2,1,1,2,2,250,4,8,6,62509548,0.95,4,1
"sub.8122",-500.953476522736,-500.953476522736,3,1,2,4,3,1,2,4,250,4,9,6,62509549,0.95,4,1
"sub.9122",-480.173874877126,-480.173874877126,1,1,2,3,1,1,2,3,250,4,10,6,625095410,0.95,4,1
"sub.10122",-494.467490599836,-494.467490599836,3,2,4,1,3,2,4,1,250,4,11,6,625095411,0.95,4,1
"sub.11161",-455.168981254697,-455.168981254697,1,1,2,2,1,1,2,2,250,4,12,6,625095412,0.95,4,1
"sub.12138",-493.194632322714,-493.194632322714,1,2,3,3,1,2,3,3,250,4,13,6,625095413,0.95,4,1
"sub.13125",-494.882278687356,-494.882278687356,1,2,3,1,1,2,3,1,250,4,14,6,625095414,0.95,4,1
"sub.14122",-436.606673313854,-436.606673313854,1,1,1,2,1,1,1,2,250,4,15,6,625095415,0.95,4,1
"sub.15122",-488.213629822718,-488.213629822718,1,2,1,3,1,2,1,3,250,4,16,6,625095416,0.95,4,1
"sub.16122",-462.48538945431,-462.48538945431,2,2,1,1,2,2,1,1,250,4,17,6,625095417,0.95,4,1
"sub.17122",-475.16208801207,-475.16208801207,2,3,3,1,2,3,3,1,250,4,18,6,625095418,0.95,4,1
"sub.18122",-494.904055188347,-494.904055188347,1,2,4,3,1,2,4,3,250,4,19,6,625095419,0.95,4,1
"sub.19122",-410.4756698687,-410.4756698687,1,2,2,1,1,2,2,1,250,4,20,6,625095420,0.95,4,1
"sub123",-438.554746579426,-438.554746579426,1,1,2,1,1,1,2,1,250,4,1,7,72509541,0.95,2,2
"sub.1605",-388.815842203529,-388.815842203529,1,1,1,1,1,1,1,1,250,4,2,7,72509542,0.95,2,2
"sub.2123",-472.604370549331,-472.604370549331,2,3,3,1,2,3,3,1,250,4,3,7,72509543,0.95,2,2
"sub.3123",-448.60929530642,-448.60929530642,3,2,1,3,3,2,1,3,250,4,4,7,72509544,0.95,2,2
"sub.4123",-494.303266054626,-494.303266054626,3,2,3,1,3,2,3,1,250,4,5,7,72509545,0.95,2,2
"sub.5123",-408.60743204994,-408.60743204994,2,1,2,1,2,1,2,1,250,4,6,7,72509546,0.95,2,2
"sub.6123",-501.182896000675,-501.182896000675,1,3,2,3,1,3,2,3,250,4,7,7,72509547,0.95,2,2
"sub.7123",-470.801607609675,-470.801607609675,2,1,1,2,2,1,1,2,250,4,8,7,72509548,0.95,2,2
"sub.8123",-469.369859267764,-469.369859267764,2,3,1,3,2,3,1,3,250,4,9,7,72509549,0.95,2,2
"sub.9123",-407.881229409026,-407.881229409026,1,2,1,1,1,2,1,1,250,4,10,7,725095410,0.95,2,2
"sub.10123",-430.30542256166,-430.30542256166,1,2,1,1,1,2,1,1,250,4,11,7,725095411,0.95,2,2
"sub.11162",-492.392343040095,-492.392343040095,2,2,1,3,2,2,1,3,250,4,12,7,725095412,0.95,2,2
"sub.12139",-426.492397565007,-426.492397565007,1,1,1,2,1,1,1,2,250,4,13,7,725095413,0.95,2,2
"sub.13126",-520.904132126459,-520.904132126459,1,2,3,4,1,2,3,4,250,4,14,7,725095414,0.95,2,2
"sub.14123",-438.003195873392,-438.003195873392,1,2,1,2,1,2,1,2,250,4,15,7,725095415,0.95,2,2
"sub.15123",-415.993093648108,-415.993093648108,2,1,2,2,2,1,2,2,250,4,16,7,725095416,0.95,2,2
"sub.16123",-398.635822114816,-398.635822114816,1,1,1,2,1,1,1,2,250,4,17,7,725095417,0.95,2,2
"sub.17123",-462.007020573818,-462.007020573818,1,2,3,3,1,2,3,3,250,4,18,7,725095418,0.95,2,2
"sub.18123",-475.601237691452,-475.601237691452,3,1,2,3,3,1,2,3,250,4,19,7,725095419,0.95,2,2
"sub.19123",-371.853382156407,-371.853382156407,1,1,1,1,1,1,1,1,250,4,20,7,725095420,0.95,2,2
"sub124",-513.133463612163,-513.133463612163,1,1,2,3,1,1,2,3,250,4,1,8,82509541,0.95,4,1
"sub.1606",-461.908960364236,-461.908960364236,2,1,2,2,2,1,2,2,250,4,2,8,82509542,0.95,4,1
"sub.2124",-507.473692850217,-507.473692850217,1,4,2,3,1,4,2,3,250,4,3,8,82509543,0.95,4,1
"sub.3124",-479.561030248209,-479.561030248209,1,3,1,2,1,3,1,2,250,4,4,8,82509544,0.95,4,1
"sub.4124",-442.447554260442,-442.447554260442,2,2,1,1,2,2,1,1,250,4,5,8,82509545,0.95,4,1
"sub.5124",-485.074643445752,-485.074643445752,1,1,3,2,1,1,3,2,250,4,6,8,82509546,0.95,4,1
"sub.6124",-503.528378572319,-503.528378572319,1,4,3,2,1,4,3,2,250,4,7,8,82509547,0.95,4,1
"sub.7124",-504.735862523322,-504.735862523322,2,2,3,1,2,2,3,1,250,4,8,8,82509548,0.95,4,1
"sub.8124",-487.419399815675,-487.419399815675,3,1,2,2,3,1,2,2,250,4,9,8,82509549,0.95,4,1
"sub.9124",-398.328505747448,-398.328505747448,1,1,1,1,1,1,1,1,250,4,10,8,825095410,0.95,4,1
"sub.10124",-459.39381703795,-459.39381703795,1,2,2,3,1,2,2,3,250,4,11,8,825095411,0.95,4,1
"sub.11163",-463.788508674323,-463.788508674323,1,2,2,3,1,2,2,3,250,4,12,8,825095412,0.95,4,1
"sub.12140",-460.655711654563,-460.655711654563,1,2,2,2,1,2,2,2,250,4,13,8,825095413,0.95,4,1
"sub.13127",-420.630151014422,-420.630151014422,1,2,1,1,1,2,1,1,250,4,14,8,825095414,0.95,4,1
"sub.14124",-437.876993014816,-437.876993014816,2,2,1,2,2,2,1,2,250,4,15,8,825095415,0.95,4,1
"sub.15124",-379.990801006516,-379.990801006516,1,1,1,1,1,1,1,1,250,4,16,8,825095416,0.95,4,1
"sub.16124",-544.150107191699,-544.150107191699,2,3,1,4,2,3,1,4,250,4,17,8,825095417,0.95,4,1
"sub.17124",-492.180197027316,-492.180197027316,4,1,3,2,4,1,3,2,250,4,18,8,825095418,0.95,4,1
"sub.18124",-427.674868276155,-427.674868276155,2,2,1,2,2,2,1,2,250,4,19,8,825095419,0.95,4,1
"sub.19124",-416.144196638379,-416.144196638379,1,2,1,1,1,2,1,1,250,4,20,8,825095420,0.95,4,1
"sub125",-520.381155498631,-520.381155498631,2,3,4,1,2,3,4,1,250,4,1,9,92509541,0.95,2,2
"sub.1607",-504.651531737408,-504.651531737408,1,3,4,2,1,3,4,2,250,4,2,9,92509542,0.95,2,2
"sub.2125",-484.409657566054,-484.409657566054,1,1,2,3,1,1,2,3,250,4,3,9,92509543,0.95,2,2
"sub.3125",-449.066313778491,-449.066313778491,1,2,3,2,1,2,3,2,250,4,4,9,92509544,0.95,2,2
"sub.4125",-511.134554383672,-511.134554383672,4,2,3,1,4,2,3,1,250,4,5,9,92509545,0.95,2,2
"sub.5125",-514.580036123776,-514.580036123776,3,1,2,4,3,1,2,4,250,4,6,9,92509546,0.95,2,2
"sub.6125",-363.715963306299,-363.715963306299,1,1,1,1,1,1,1,1,250,4,7,9,92509547,0.95,2,2
"sub.7125",-466.329299513685,-466.329299513685,2,1,3,3,2,1,3,3,250,4,8,9,92509548,0.95,2,2
"sub.8125",-510.617847829694,-510.617847829694,3,4,1,2,3,4,1,2,250,4,9,9,92509549,0.95,2,2
"sub.9125",-390.370637383384,-390.370637383384,1,1,2,1,1,1,2,1,250,4,10,9,925095410,0.95,2,2
"sub.10125",-484.442156617247,-484.442156617247,1,3,2,2,1,3,2,2,250,4,11,9,925095411,0.95,2,2
"sub.11164",-509.912507818965,-509.912507818965,1,3,4,2,1,3,4,2,250,4,12,9,925095412,0.95,2,2
"sub.12141",-420.014382522294,-420.014382522294,2,1,1,1,2,1,1,1,250,4,13,9,925095413,0.95,2,2
"sub.13128",-511.183793192971,-511.183793192971,3,1,3,2,3,1,3,2,250,4,14,9,925095414,0.95,2,2
"sub.14125",-521.695681638028,-521.695681638028,2,1,3,2,2,1,3,2,250,4,15,9,925095415,0.95,2,2
"sub.15125",-370.286946451213,-370.286946451213,1,1,1,1,1,1,1,1,250,4,16,9,925095416,0.95,2,2
"sub.16125",-440.565306056767,-440.565306056767,2,1,2,1,2,1,2,1,250,4,17,9,925095417,0.95,2,2
"sub.17125",-453.707319897695,-453.707319897695,2,1,1,2,2,1,1,2,250,4,18,9,925095418,0.95,2,2
"sub.18125",-497.3281188473,-497.3281188473,1,3,2,3,1,3,2,3,250,4,19,9,925095419,0.95,2,2
"sub.19125",-465.879367128717,-465.879367128717,1,3,1,2,1,3,1,2,250,4,20,9,925095420,0.95,2,2
"sub126",-1313.88204109988,-1313.88204109988,3,1,2,3,3,1,2,3,500,4,1,1,15007541,0.75,4,1
"sub.1608",-1304.86984991962,-1304.86984991962,1,1,2,1,1,1,2,1,500,4,2,1,15007542,0.75,4,1
"sub.2126",-1332.14568210428,-1332.14568210428,1,1,2,2,1,1,2,2,500,4,3,1,15007543,0.75,4,1
"sub.3126",-1300.00102023525,-1300.00102023525,1,1,1,2,1,1,1,2,500,4,4,1,15007544,0.75,4,1
"sub.4126",-1302.51727862161,-1302.51727862161,2,2,2,1,2,2,2,1,500,4,5,1,15007545,0.75,4,1
"sub.5126",-1318.87118987082,-1318.87118987082,1,1,2,2,1,1,2,2,500,4,6,1,15007546,0.75,4,1
"sub.6126",-1311.50460575053,-1311.50460575053,1,2,1,1,1,2,1,1,500,4,7,1,15007547,0.75,4,1
"sub.7126",-1314.57755205818,-1314.57755205818,1,2,2,1,1,2,2,1,500,4,8,1,15007548,0.75,4,1
"sub.8126",-1320.51149804834,-1320.51149804834,2,1,2,1,2,1,2,1,500,4,9,1,15007549,0.75,4,1
"sub.9126",-1341.21358476101,-1341.21358476101,1,1,1,1,1,1,1,1,500,4,10,1,150075410,0.75,4,1
"sub.10126",-1326.81669052339,-1326.81669052339,3,1,2,4,3,1,2,4,500,4,11,1,150075411,0.75,4,1
"sub.11165",-1312.63859361659,-1312.63859361659,3,2,1,1,3,2,1,1,500,4,12,1,150075412,0.75,4,1
"sub.12142",-1330.61444615814,-1330.61444615814,2,1,3,1,2,1,3,1,500,4,13,1,150075413,0.75,4,1
"sub.13129",-1318.53177375454,-1318.53177375454,1,3,2,4,1,3,2,4,500,4,14,1,150075414,0.75,4,1
"sub.14126",-1322.49719414431,-1322.49719414431,2,2,1,1,2,2,1,1,500,4,15,1,150075415,0.75,4,1
"sub.15126",-1333.34498868253,-1333.34498868253,1,2,1,2,1,2,1,2,500,4,16,1,150075416,0.75,4,1
"sub.16126",-1308.34236238328,-1308.34236238328,2,3,1,3,2,3,1,3,500,4,17,1,150075417,0.75,4,1
"sub.17126",-1301.17954507055,-1301.17954507055,3,4,1,2,3,4,1,2,500,4,18,1,150075418,0.75,4,1
"sub.18126",-1314.26100981279,-1314.26100981279,1,1,2,3,1,1,2,3,500,4,19,1,150075419,0.75,4,1
"sub.19126",-1282.12087426959,-1282.12087426959,1,3,2,3,1,3,2,3,500,4,20,1,150075420,0.75,4,1
"sub127",-1328.22677224367,-1328.22677224367,2,1,2,2,2,1,2,2,500,4,1,10,105007541,0.75,3,2
"sub.1609",-1333.74318400397,-1333.74318400397,1,2,2,2,1,2,2,2,500,4,2,10,105007542,0.75,3,2
"sub.2127",-1325.03931001681,-1325.03931001681,1,1,2,3,1,1,2,3,500,4,3,10,105007543,0.75,3,2
"sub.3127",-1304.22450901211,-1304.22450901211,1,2,3,3,1,2,3,3,500,4,4,10,105007544,0.75,3,2
"sub.4127",-1323.67367287629,-1323.67367287629,2,2,1,1,2,2,1,1,500,4,5,10,105007545,0.75,3,2
"sub.5127",-1299.07305245432,-1299.07305245432,3,1,2,3,3,1,2,3,500,4,6,10,105007546,0.75,3,2
"sub.6127",-1336.98960660572,-1336.98960660572,2,1,1,1,2,1,1,1,500,4,7,10,105007547,0.75,3,2
"sub.7127",-1323.15748694968,-1323.15748694968,1,1,2,1,1,1,2,1,500,4,8,10,105007548,0.75,3,2
"sub.8127",-1300.75076940798,-1300.75076940798,1,1,1,1,1,1,1,1,500,4,9,10,105007549,0.75,3,2
"sub.9127",-1323.14422240569,-1323.14422240569,1,2,2,3,1,2,2,3,500,4,10,10,1050075410,0.75,3,2
"sub.10127",-1322.79873409709,-1322.79873409709,2,2,3,1,2,2,3,1,500,4,11,10,1050075411,0.75,3,2
"sub.11166",-1318.19808273986,-1318.19808273986,1,1,2,2,1,1,2,2,500,4,12,10,1050075412,0.75,3,2
"sub.12143",-1307.17551395843,-1307.17551395843,3,1,3,2,3,1,3,2,500,4,13,10,1050075413,0.75,3,2
"sub.13130",-1328.03520283419,-1328.03520283419,2,1,3,4,2,1,3,4,500,4,14,10,1050075414,0.75,3,2
"sub.14127",-1322.13921039121,-1322.13921039121,1,1,2,2,1,1,2,2,500,4,15,10,1050075415,0.75,3,2
"sub.15127",-1322.87322922125,-1322.87322922125,2,3,1,2,2,3,1,2,500,4,16,10,1050075416,0.75,3,2
"sub.16127",-1307.44906159416,-1307.44906159416,2,1,2,2,2,1,2,2,500,4,17,10,1050075417,0.75,3,2
"sub.17127",-1336.4906031094,-1336.4906031094,1,2,2,3,1,2,2,3,500,4,18,10,1050075418,0.75,3,2
"sub.18127",-1312.92745519198,-1312.92745519198,2,2,3,1,2,2,3,1,500,4,19,10,1050075419,0.75,3,2
"sub.19127",-1322.82612949421,-1322.82612949421,2,1,1,1,2,1,1,1,500,4,20,10,1050075420,0.75,3,2
"sub128",-1302.11754236245,-1302.11754236245,1,2,1,1,1,2,1,1,500,4,1,11,115007541,0.75,3,2
"sub.1700",-1331.15950137432,-1331.15950137432,1,1,2,2,1,1,2,2,500,4,2,11,115007542,0.75,3,2
"sub.2128",-1311.30068430584,-1311.30068430584,1,1,1,1,1,1,1,1,500,4,3,11,115007543,0.75,3,2
"sub.3128",-1319.7475639564,-1319.7475639564,1,1,2,3,1,1,2,3,500,4,4,11,115007544,0.75,3,2
"sub.4128",-1324.94511186006,-1324.94511186006,1,2,1,2,1,2,1,2,500,4,5,11,115007545,0.75,3,2
"sub.5128",-1325.95333357575,-1325.95333357575,1,1,1,1,1,1,1,1,500,4,6,11,115007546,0.75,3,2
"sub.6128",-1300.24453659317,-1300.24453659317,1,3,2,1,1,3,2,1,500,4,7,11,115007547,0.75,3,2
"sub.7128",-1328.48294253993,-1328.48294253993,2,3,1,3,2,3,1,3,500,4,8,11,115007548,0.75,3,2
"sub.8128",-1303.13586433722,-1303.13586433722,2,1,1,1,2,1,1,1,500,4,9,11,115007549,0.75,3,2
"sub.9128",-1305.96532258394,-1305.96532258394,3,1,4,2,3,1,4,2,500,4,10,11,1150075410,0.75,3,2
"sub.10128",-1319.71370933106,-1319.71370933106,1,2,1,1,1,2,1,1,500,4,11,11,1150075411,0.75,3,2
"sub.11167",-1312.39092234261,-1312.39092234261,1,1,3,2,1,1,3,2,500,4,12,11,1150075412,0.75,3,2
"sub.12144",-1285.65944122413,-1285.65944122413,1,2,3,1,1,2,3,1,500,4,13,11,1150075413,0.75,3,2
"sub.13131",-1327.31669713765,-1327.31669713765,2,2,3,1,2,2,3,1,500,4,14,11,1150075414,0.75,3,2
"sub.14128",-1274.52655399268,-1274.52655399268,1,1,1,1,1,1,1,1,500,4,15,11,1150075415,0.75,3,2
"sub.15128",-1330.28600813816,-1330.28600813816,1,2,2,2,1,2,2,2,500,4,16,11,1150075416,0.75,3,2
"sub.16128",-1336.87346049693,-1336.87346049693,3,1,2,2,3,1,2,2,500,4,17,11,1150075417,0.75,3,2
"sub.17128",-1321.39880147634,-1321.39880147634,2,1,2,1,2,1,2,1,500,4,18,11,1150075418,0.75,3,2
"sub.18128",-1303.07875834217,-1303.07875834217,3,1,2,4,3,1,2,4,500,4,19,11,1150075419,0.75,3,2
"sub.19128",-1331.38996122725,-1331.38996122725,2,3,3,1,2,3,3,1,500,4,20,11,1150075420,0.75,3,2
"sub129",-1323.92428707584,-1323.92428707584,2,1,1,2,2,1,1,2,500,4,1,12,125007541,0.75,3,2
"sub.1701",-1324.93597037181,-1324.93597037181,1,2,2,2,1,2,2,2,500,4,2,12,125007542,0.75,3,2
"sub.2129",-1333.40457288449,-1333.40457288449,2,1,2,3,2,1,2,3,500,4,3,12,125007543,0.75,3,2
"sub.3129",-1306.36395965876,-1306.36395965876,3,2,1,1,3,2,1,1,500,4,4,12,125007544,0.75,3,2
"sub.4129",-1320.49259890524,-1320.49259890524,2,1,1,3,2,1,1,3,500,4,5,12,125007545,0.75,3,2
"sub.5129",-1283.85679413351,-1283.85679413351,2,1,1,1,2,1,1,1,500,4,6,12,125007546,0.75,3,2
"sub.6129",-1334.53250338529,-1333.06712803681,3,3,1,2,3,4,1,2,500,4,7,12,125007547,0.75,3,2
"sub.7129",-1314.42955524104,-1314.42955524104,3,2,1,1,3,2,1,1,500,4,8,12,125007548,0.75,3,2
"sub.8129",-1298.10863160545,-1298.10863160545,2,1,3,3,2,1,3,3,500,4,9,12,125007549,0.75,3,2
"sub.9129",-1307.24633807957,-1307.24633807957,1,1,1,1,1,1,1,1,500,4,10,12,1250075410,0.75,3,2
"sub.10129",-1320.05678722501,-1320.05678722501,2,3,3,1,2,3,3,1,500,4,11,12,1250075411,0.75,3,2
"sub.11168",-1313.68579396575,-1313.68579396575,3,1,2,3,3,1,2,3,500,4,12,12,1250075412,0.75,3,2
"sub.12145",-1323.90994580415,-1323.90994580415,2,3,1,3,2,3,1,3,500,4,13,12,1250075413,0.75,3,2
"sub.13132",-1336.63310703003,-1336.63310703003,2,4,1,3,2,4,1,3,500,4,14,12,1250075414,0.75,3,2
"sub.14129",-1326.38883706317,-1326.38883706317,2,1,2,2,2,1,2,2,500,4,15,12,1250075415,0.75,3,2
"sub.15129",-1312.16217109286,-1312.16217109286,1,3,2,4,1,3,2,4,500,4,16,12,1250075416,0.75,3,2
"sub.16129",-1326.97839266285,-1326.97839266285,2,2,1,1,2,2,1,1,500,4,17,12,1250075417,0.75,3,2
"sub.17129",-1334.58898103399,-1334.58898103399,1,1,1,1,1,1,1,1,500,4,18,12,1250075418,0.75,3,2
"sub.18129",-1316.79283536409,-1316.79283536409,1,2,1,3,1,2,1,3,500,4,19,12,1250075419,0.75,3,2
"sub.19129",-1314.06081002162,-1314.06081002162,2,1,2,1,2,1,2,1,500,4,20,12,1250075420,0.75,3,2
"sub130",-1301.58275801177,-1301.58275801177,2,1,3,3,2,1,3,3,500,4,1,13,135007541,0.75,4,1
"sub.1702",-1318.0472005089,-1318.0472005089,2,2,1,2,2,2,1,2,500,4,2,13,135007542,0.75,4,1
"sub.2130",-1323.16514995751,-1323.16514995751,2,2,1,2,2,2,1,2,500,4,3,13,135007543,0.75,4,1
"sub.3130",-1332.30192282536,-1332.30192282536,1,2,2,3,1,2,2,3,500,4,4,13,135007544,0.75,4,1
"sub.4130",-1325.78243998308,-1325.78243998308,1,2,2,2,1,2,2,2,500,4,5,13,135007545,0.75,4,1
"sub.5130",-1347.36128676271,-1347.36128676271,1,3,3,2,1,3,3,2,500,4,6,13,135007546,0.75,4,1
"sub.6130",-1335.81391621931,-1335.81391621931,1,3,2,2,1,3,2,2,500,4,7,13,135007547,0.75,4,1
"sub.7130",-1316.61240424691,-1316.61240424691,1,2,2,3,1,2,2,3,500,4,8,13,135007548,0.75,4,1
"sub.8130",-1303.86898191608,-1303.86898191608,1,3,2,3,1,3,2,3,500,4,9,13,135007549,0.75,4,1
"sub.9130",-1310.73483459793,-1310.73483459793,1,2,1,3,1,2,1,3,500,4,10,13,1350075410,0.75,4,1
"sub.10130",-1311.62734080966,-1311.62734080966,1,2,4,3,1,2,4,3,500,4,11,13,1350075411,0.75,4,1
"sub.11169",-1296.90707436984,-1296.90707436984,1,2,2,2,1,2,2,2,500,4,12,13,1350075412,0.75,4,1
"sub.12146",-1305.87515502757,-1305.87515502757,1,1,1,1,1,1,1,1,500,4,13,13,1350075413,0.75,4,1
"sub.13133",-1330.31901013085,-1330.31901013085,2,2,1,2,2,2,1,2,500,4,14,13,1350075414,0.75,4,1
"sub.14130",-1315.50091161244,-1315.50091161244,4,1,2,3,4,1,2,3,500,4,15,13,1350075415,0.75,4,1
"sub.15130",-1322.92997875144,-1322.92997875144,3,3,1,2,3,3,1,2,500,4,16,13,1350075416,0.75,4,1
"sub.16130",-1325.53609002326,-1325.53609002326,1,3,3,2,1,3,3,2,500,4,17,13,1350075417,0.75,4,1
"sub.17130",-1330.2684337481,-1330.2684337481,1,2,1,2,1,2,1,2,500,4,18,13,1350075418,0.75,4,1
"sub.18130",-1307.55504956803,-1307.55504956803,1,1,1,2,1,1,1,2,500,4,19,13,1350075419,0.75,4,1
"sub.19130",-1326.49376098132,-1326.49376098132,3,2,1,2,3,2,1,2,500,4,20,13,1350075420,0.75,4,1
"sub131",-1333.69988529583,-1333.69988529583,1,2,1,2,1,2,1,2,500,4,1,14,145007541,0.75,4,1
"sub.1703",-1313.11348679297,-1313.11348679297,1,2,2,2,1,2,2,2,500,4,2,14,145007542,0.75,4,1
"sub.2131",-1313.2042872025,-1313.2042872025,1,2,3,4,1,2,3,4,500,4,3,14,145007543,0.75,4,1
"sub.3131",-1327.88373039731,-1327.88373039731,1,1,1,1,1,1,1,1,500,4,4,14,145007544,0.75,4,1
"sub.4131",-1314.99448801062,-1314.99448801062,3,1,2,3,3,1,2,3,500,4,5,14,145007545,0.75,4,1
"sub.5131",-1314.52892493477,-1314.52892493477,2,2,3,1,2,2,3,1,500,4,6,14,145007546,0.75,4,1
"sub.6131",-1329.75856567853,-1329.75856567853,1,2,1,2,1,2,1,2,500,4,7,14,145007547,0.75,4,1
"sub.7131",-1315.64735455328,-1315.64735455328,3,2,1,1,3,2,1,1,500,4,8,14,145007548,0.75,4,1
"sub.8131",-1307.88763057415,-1307.88763057415,1,1,1,2,1,1,1,2,500,4,9,14,145007549,0.75,4,1
"sub.9131",-1313.29823707381,-1313.29823707381,3,1,2,4,3,1,2,4,500,4,10,14,1450075410,0.75,4,1
"sub.10131",-1324.33705214102,-1324.33705214102,2,1,1,3,2,1,1,3,500,4,11,14,1450075411,0.75,4,1
"sub.11170",-1311.31681368777,-1311.31681368777,1,1,1,1,1,1,1,1,500,4,12,14,1450075412,0.75,4,1
"sub.12147",-1301.77242065551,-1301.77242065551,1,1,1,1,1,1,1,1,500,4,13,14,1450075413,0.75,4,1
"sub.13134",-1317.87614186235,-1317.87614186235,1,2,2,2,1,2,2,2,500,4,14,14,1450075414,0.75,4,1
"sub.14131",-1329.99155042009,-1329.99155042009,1,1,1,1,1,1,1,1,500,4,15,14,1450075415,0.75,4,1
"sub.15131",-1323.89390169876,-1323.89390169876,1,1,1,1,1,1,1,1,500,4,16,14,1450075416,0.75,4,1
"sub.16131",-1318.95705877638,-1318.95705877638,1,1,2,3,1,1,2,3,500,4,17,14,1450075417,0.75,4,1
"sub.17131",-1316.47345807122,-1316.47345807122,1,1,1,1,1,1,1,1,500,4,18,14,1450075418,0.75,4,1
"sub.18131",-1313.53043477529,-1313.53043477529,1,1,2,3,1,1,2,3,500,4,19,14,1450075419,0.75,4,1
"sub.19131",-1310.10895492989,-1310.10895492989,2,3,1,3,2,3,1,3,500,4,20,14,1450075420,0.75,4,1
"sub132",-1311.11548388431,-1311.11548388431,1,1,1,2,1,1,1,2,500,4,1,15,155007541,0.75,3,2
"sub.1704",-1312.06956139498,-1312.06956139498,2,1,1,2,2,1,1,2,500,4,2,15,155007542,0.75,3,2
"sub.2132",-1316.69104100747,-1316.69104100747,1,3,3,2,1,3,3,2,500,4,3,15,155007543,0.75,3,2
"sub.3132",-1312.63542353339,-1312.63542353339,4,3,1,2,4,3,1,2,500,4,4,15,155007544,0.75,3,2
"sub.4132",-1327.55722180313,-1327.55722180313,2,1,2,3,2,1,2,3,500,4,5,15,155007545,0.75,3,2
"sub.5132",-1340.17824667886,-1340.17824667886,2,3,1,2,2,3,1,2,500,4,6,15,155007546,0.75,3,2
"sub.6132",-1308.56047057033,-1308.56047057033,3,2,3,1,3,2,3,1,500,4,7,15,155007547,0.75,3,2
"sub.7132",-1336.77133926827,-1336.77133926827,1,2,3,4,1,2,3,4,500,4,8,15,155007548,0.75,3,2
"sub.8132",-1322.0936883477,-1322.0936883477,2,2,3,1,2,2,3,1,500,4,9,15,155007549,0.75,3,2
"sub.9132",-1308.55873891527,-1308.55873891527,1,2,2,2,1,2,2,2,500,4,10,15,1550075410,0.75,3,2
"sub.10132",-1304.25584088065,-1304.25584088065,2,4,1,3,2,4,1,3,500,4,11,15,1550075411,0.75,3,2
"sub.11171",-1327.00738849089,-1327.00738849089,1,2,3,2,1,2,3,2,500,4,12,15,1550075412,0.75,3,2
"sub.12148",-1357.40951293897,-1357.40951293897,2,1,2,3,2,1,2,3,500,4,13,15,1550075413,0.75,3,2
"sub.13135",-1311.65577932137,-1311.65577932137,1,2,1,1,1,2,1,1,500,4,14,15,1550075414,0.75,3,2
"sub.14132",-1326.28394845893,-1326.28394845893,1,1,2,2,1,1,2,2,500,4,15,15,1550075415,0.75,3,2
"sub.15132",-1316.27712727973,-1316.27712727973,2,2,3,1,2,2,3,1,500,4,16,15,1550075416,0.75,3,2
"sub.16132",-1299.48520828112,-1299.48520828112,1,1,2,3,1,1,2,3,500,4,17,15,1550075417,0.75,3,2
"sub.17132",-1309.78353168639,-1309.78353168639,2,2,1,3,2,2,1,3,500,4,18,15,1550075418,0.75,3,2
"sub.18132",-1327.08641665745,-1327.05976887216,3,1,1,2,4,2,1,3,500,4,19,15,1550075419,0.75,3,2
"sub.19132",-1318.29813279897,-1318.29813279897,1,1,1,2,1,1,1,2,500,4,20,15,1550075420,0.75,3,2
"sub133",-1310.6501584791,-1310.6501584791,1,2,2,3,1,2,2,3,500,4,1,16,165007541,0.75,3,2
"sub.1705",-1321.24205239502,-1321.24205239502,3,4,2,1,3,4,2,1,500,4,2,16,165007542,0.75,3,2
"sub.2133",-1309.99659766391,-1309.99659766391,1,2,3,3,1,2,3,3,500,4,3,16,165007543,0.75,3,2
"sub.3133",-1305.60796131419,-1305.60796131419,2,1,1,3,2,1,1,3,500,4,4,16,165007544,0.75,3,2
"sub.4133",-1307.63748606655,-1307.63748606655,1,3,2,3,1,3,2,3,500,4,5,16,165007545,0.75,3,2
"sub.5133",-1326.67391747809,-1326.67391747809,4,2,3,1,4,2,3,1,500,4,6,16,165007546,0.75,3,2
"sub.6133",-1328.92151102677,-1328.92151102677,1,1,1,1,1,1,1,1,500,4,7,16,165007547,0.75,3,2
"sub.7133",-1308.32888368462,-1308.32888368462,3,1,2,3,3,1,2,3,500,4,8,16,165007548,0.75,3,2
"sub.8133",-1328.82720487067,-1328.82720487067,2,2,1,2,2,2,1,2,500,4,9,16,165007549,0.75,3,2
"sub.9133",-1334.80748937758,-1334.80748937758,2,2,3,1,2,2,3,1,500,4,10,16,1650075410,0.75,3,2
"sub.10133",-1321.94737549528,-1321.94737549528,1,1,1,1,1,1,1,1,500,4,11,16,1650075411,0.75,3,2
"sub.11172",-1316.01927577387,-1316.01927577387,3,1,2,3,3,1,2,3,500,4,12,16,1650075412,0.75,3,2
"sub.12149",-1331.6691551692,-1331.6691551692,1,3,2,2,1,3,2,2,500,4,13,16,1650075413,0.75,3,2
"sub.13136",-1317.29811161327,-1317.29811161327,1,3,1,2,1,3,1,2,500,4,14,16,1650075414,0.75,3,2
"sub.14133",-1307.09082164346,-1307.09082164346,1,1,2,3,1,1,2,3,500,4,15,16,1650075415,0.75,3,2
"sub.15133",-1324.38412020638,-1324.32668090836,1,3,4,2,1,2,3,1,500,4,16,16,1650075416,0.75,3,2
"sub.16133",-1331.43703616113,-1331.43703616113,2,3,1,2,2,3,1,2,500,4,17,16,1650075417,0.75,3,2
"sub.17133",-1310.31097239867,-1310.31097239867,1,1,2,1,1,1,2,1,500,4,18,16,1650075418,0.75,3,2
"sub.18133",-1328.54163382109,-1327.11315113239,2,1,3,4,2,1,3,3,500,4,19,16,1650075419,0.75,3,2
"sub.19133",-1344.96364846933,-1344.96364846933,1,2,2,3,1,2,2,3,500,4,20,16,1650075420,0.75,3,2
"sub134",-1304.77285687039,-1304.77285687039,1,1,1,1,1,1,1,1,500,4,1,17,175007541,0.75,2,2
"sub.1706",-1320.92572424774,-1320.92572424774,1,1,1,1,1,1,1,1,500,4,2,17,175007542,0.75,2,2
"sub.2134",-1328.17616864293,-1328.17616864293,2,1,1,2,2,1,1,2,500,4,3,17,175007543,0.75,2,2
"sub.3134",-1313.48163684226,-1313.48163684226,3,3,2,1,3,3,2,1,500,4,4,17,175007544,0.75,2,2
"sub.4134",-1324.94227979391,-1324.94227979391,3,1,1,2,3,1,1,2,500,4,5,17,175007545,0.75,2,2
"sub.5134",-1295.81703444407,-1295.81703444407,2,2,3,1,2,2,3,1,500,4,6,17,175007546,0.75,2,2
"sub.6134",-1311.30068430584,-1311.30068430584,1,1,1,1,1,1,1,1,500,4,7,17,175007547,0.75,2,2
"sub.7134",-1327.71321292984,-1327.71321292984,1,2,2,3,1,2,2,3,500,4,8,17,175007548,0.75,2,2
"sub.8134",-1302.29769314237,-1302.29769314237,1,1,1,2,1,1,1,2,500,4,9,17,175007549,0.75,2,2
"sub.9134",-1324.43698608639,-1324.43698608639,1,1,1,1,1,1,1,1,500,4,10,17,1750075410,0.75,2,2
"sub.10134",-1328.11223019182,-1328.11223019182,1,3,1,2,1,3,1,2,500,4,11,17,1750075411,0.75,2,2
"sub.11173",-1316.89827331832,-1316.89827331832,1,3,2,1,1,3,2,1,500,4,12,17,1750075412,0.75,2,2
"sub.12150",-1311.74355445376,-1311.74355445376,1,1,1,2,1,1,1,2,500,4,13,17,1750075413,0.75,2,2
"sub.13137",-1306.66139208624,-1306.66139208624,1,2,1,3,1,2,1,3,500,4,14,17,1750075414,0.75,2,2
"sub.14134",-1320.397647247,-1320.397647247,2,2,1,2,2,2,1,2,500,4,15,17,1750075415,0.75,2,2
"sub.15134",-1299.17513246802,-1299.17513246802,1,2,2,2,1,2,2,2,500,4,16,17,1750075416,0.75,2,2
"sub.16134",-1306.06676210505,-1306.06676210505,2,1,1,2,2,1,1,2,500,4,17,17,1750075417,0.75,2,2
"sub.17134",-1318.74853251968,-1318.74853251968,2,3,3,1,2,3,3,1,500,4,18,17,1750075418,0.75,2,2
"sub.18134",-1316.5258016637,-1316.5258016637,3,2,2,1,3,2,2,1,500,4,19,17,1750075419,0.75,2,2
"sub.19134",-1338.54980132854,-1338.54980132854,1,2,2,3,1,2,2,3,500,4,20,17,1750075420,0.75,2,2
"sub135",-1285.26327115848,-1285.26327115848,1,1,1,2,1,1,1,2,500,4,1,18,185007541,0.75,2,2
"sub.1707",-1317.19242880601,-1317.19242880601,1,2,2,2,1,2,2,2,500,4,2,18,185007542,0.75,2,2
"sub.2135",-1321.1190729936,-1321.1190729936,1,2,2,2,1,2,2,2,500,4,3,18,185007543,0.75,2,2
"sub.3135",-1321.78254566187,-1321.78254566187,2,1,3,1,2,1,3,1,500,4,4,18,185007544,0.75,2,2
"sub.4135",-1330.84668785607,-1330.84668785607,2,1,1,1,2,1,1,1,500,4,5,18,185007545,0.75,2,2
"sub.5135",-1288.10916386927,-1288.10916386927,1,1,1,1,1,1,1,1,500,4,6,18,185007546,0.75,2,2
"sub.6135",-1322.51382347315,-1322.51382347315,1,2,2,2,1,2,2,2,500,4,7,18,185007547,0.75,2,2
"sub.7135",-1310.01071023312,-1310.01071023312,2,2,1,2,2,2,1,2,500,4,8,18,185007548,0.75,2,2
"sub.8135",-1317.87345902471,-1317.87345902471,2,1,1,3,2,1,1,3,500,4,9,18,185007549,0.75,2,2
"sub.9135",-1319.58422469729,-1319.58422469729,2,1,2,2,2,1,2,2,500,4,10,18,1850075410,0.75,2,2
"sub.10135",-1309.25304142885,-1309.25304142885,1,1,2,3,1,1,2,3,500,4,11,18,1850075411,0.75,2,2
"sub.11174",-1329.37171021922,-1329.37171021922,3,1,2,2,3,1,2,2,500,4,12,18,1850075412,0.75,2,2
"sub.12151",-1333.90856133842,-1333.90856133842,1,1,1,2,1,1,1,2,500,4,13,18,1850075413,0.75,2,2
"sub.13138",-1328.67896575378,-1328.67896575378,2,1,1,2,2,1,1,2,500,4,14,18,1850075414,0.75,2,2
"sub.14135",-1317.51045962878,-1317.51045962878,3,1,2,1,3,1,2,1,500,4,15,18,1850075415,0.75,2,2
"sub.15135",-1317.61876325097,-1317.61876325097,2,1,1,2,2,1,1,2,500,4,16,18,1850075416,0.75,2,2
"sub.16135",-1309.57028825524,-1309.57028825524,2,3,1,1,2,3,1,1,500,4,17,18,1850075417,0.75,2,2
"sub.17135",-1305.46266212623,-1305.46266212623,2,1,1,2,2,1,1,2,500,4,18,18,1850075418,0.75,2,2
"sub.18135",-1326.78443292191,-1326.78443292191,3,1,2,2,3,1,2,2,500,4,19,18,1850075419,0.75,2,2
"sub.19135",-1310.78985868207,-1310.78985868207,1,1,1,1,1,1,1,1,500,4,20,18,1850075420,0.75,2,2
"sub136",-1333.21824587323,-1333.21824587323,4,1,3,2,4,1,3,2,500,4,1,19,195007541,0.75,4,1
"sub.1708",-1335.05309560297,-1335.05309560297,1,2,1,2,1,2,1,2,500,4,2,19,195007542,0.75,4,1
"sub.2136",-1319.25710468199,-1319.25710468199,1,3,2,3,1,3,2,3,500,4,3,19,195007543,0.75,4,1
"sub.3136",-1340.75907246121,-1340.75907246121,2,2,3,1,2,2,3,1,500,4,4,19,195007544,0.75,4,1
"sub.4136",-1322.70953979367,-1322.70953979367,2,2,1,2,2,2,1,2,500,4,5,19,195007545,0.75,4,1
"sub.5136",-1320.46407909555,-1320.46407909555,1,2,1,3,1,2,1,3,500,4,6,19,195007546,0.75,4,1
"sub.6136",-1334.06158101844,-1334.06158101844,1,3,2,2,1,3,2,2,500,4,7,19,195007547,0.75,4,1
"sub.7136",-1322.55497741062,-1322.55497741062,1,1,1,1,1,1,1,1,500,4,8,19,195007548,0.75,4,1
"sub.8136",-1303.63802000162,-1303.63802000162,1,3,3,2,1,3,3,2,500,4,9,19,195007549,0.75,4,1
"sub.9136",-1320.25107029037,-1320.25107029037,1,3,3,2,1,3,3,2,500,4,10,19,1950075410,0.75,4,1
"sub.10136",-1333.14864952743,-1333.14864952743,2,3,1,1,2,3,1,1,500,4,11,19,1950075411,0.75,4,1
"sub.11175",-1327.00724358715,-1327.00724358715,1,1,1,1,1,1,1,1,500,4,12,19,1950075412,0.75,4,1
"sub.12152",-1333.85298213646,-1333.85298213646,4,1,3,2,4,1,3,2,500,4,13,19,1950075413,0.75,4,1
"sub.13139",-1313.74190707278,-1313.74190707278,4,3,1,2,4,3,1,2,500,4,14,19,1950075414,0.75,4,1
"sub.14136",-1317.06520489578,-1317.06520489578,1,2,2,1,1,2,2,1,500,4,15,19,1950075415,0.75,4,1
"sub.15136",-1322.16195098975,-1322.16195098975,1,2,2,2,1,2,2,2,500,4,16,19,1950075416,0.75,4,1
"sub.16136",-1343.36901450532,-1343.36901450532,2,1,2,2,2,1,2,2,500,4,17,19,1950075417,0.75,4,1
"sub.17136",-1306.69109549305,-1306.69109549305,1,2,3,1,1,2,3,1,500,4,18,19,1950075418,0.75,4,1
"sub.18136",-1332.50616557118,-1332.50616557118,1,1,1,2,1,1,1,2,500,4,19,19,1950075419,0.75,4,1
"sub.19136",-1313.26333989125,-1313.26333989125,1,1,1,1,1,1,1,1,500,4,20,19,1950075420,0.75,4,1
"sub137",-1332.97446365723,-1332.90068200244,2,2,1,3,2,3,1,4,500,4,1,2,25007541,0.75,3,2
"sub.1709",-1307.10333308387,-1307.10333308387,3,1,3,2,3,1,3,2,500,4,2,2,25007542,0.75,3,2
"sub.2137",-1324.13343956404,-1324.13343956404,2,1,1,2,2,1,1,2,500,4,3,2,25007543,0.75,3,2
"sub.3137",-1314.97611847486,-1314.97611847486,1,1,1,2,1,1,1,2,500,4,4,2,25007544,0.75,3,2
"sub.4137",-1313.97723579887,-1313.97723579887,3,2,1,4,3,2,1,4,500,4,5,2,25007545,0.75,3,2
"sub.5137",-1324.98007047401,-1324.98007047401,1,1,1,1,1,1,1,1,500,4,6,2,25007546,0.75,3,2
"sub.6137",-1321.19808365908,-1321.19808365908,1,3,2,2,1,3,2,2,500,4,7,2,25007547,0.75,3,2
"sub.7137",-1331.48280072734,-1331.48280072734,1,2,2,2,1,2,2,2,500,4,8,2,25007548,0.75,3,2
"sub.8137",-1315.51147108604,-1315.51147108604,2,1,2,2,2,1,2,2,500,4,9,2,25007549,0.75,3,2
"sub.9137",-1307.82168123106,-1307.82168123106,1,1,1,1,1,1,1,1,500,4,10,2,250075410,0.75,3,2
"sub.10137",-1314.31148845914,-1314.31148845914,1,4,2,3,1,4,2,3,500,4,11,2,250075411,0.75,3,2
"sub.11176",-1320.95368633457,-1320.95368633457,1,2,1,1,1,2,1,1,500,4,12,2,250075412,0.75,3,2
"sub.12153",-1306.40370091127,-1306.40370091127,1,1,2,2,1,1,2,2,500,4,13,2,250075413,0.75,3,2
"sub.13140",-1301.7476627187,-1301.7476627187,1,1,2,2,1,1,2,2,500,4,14,2,250075414,0.75,3,2
"sub.14137",-1306.59284385538,-1306.59284385538,1,3,2,3,1,3,2,3,500,4,15,2,250075415,0.75,3,2
"sub.15137",-1317.80852929198,-1317.80852929198,3,1,2,1,3,1,2,1,500,4,16,2,250075416,0.75,3,2
"sub.16137",-1333.73637435469,-1333.73637435469,2,1,2,2,2,1,2,2,500,4,17,2,250075417,0.75,3,2
"sub.17137",-1316.40584444729,-1316.40584444729,2,1,2,2,2,1,2,2,500,4,18,2,250075418,0.75,3,2
"sub.18137",-1308.23573056324,-1308.23573056324,1,1,1,1,1,1,1,1,500,4,19,2,250075419,0.75,3,2
"sub.19137",-1315.16509572352,-1315.16509572352,4,1,2,3,4,1,2,3,500,4,20,2,250075420,0.75,3,2
"sub138",-1339.10377328162,-1339.10377328162,1,2,2,2,1,2,2,2,500,4,1,20,205007541,0.75,3,2
"sub.1800",-1309.36241987962,-1309.36241987962,1,2,3,1,1,2,3,1,500,4,2,20,205007542,0.75,3,2
"sub.2138",-1327.94832597975,-1327.94832597975,2,1,1,2,2,1,1,2,500,4,3,20,205007543,0.75,3,2
"sub.3138",-1321.20654963906,-1321.20654963906,2,3,1,2,2,3,1,2,500,4,4,20,205007544,0.75,3,2
"sub.4138",-1308.59989839605,-1308.59989839605,2,1,2,2,2,1,2,2,500,4,5,20,205007545,0.75,3,2
"sub.5138",-1324.64782427546,-1324.64782427546,1,1,2,1,1,1,2,1,500,4,6,20,205007546,0.75,3,2
"sub.6138",-1318.68979645151,-1318.68979645151,3,2,1,2,3,2,1,2,500,4,7,20,205007547,0.75,3,2
"sub.7138",-1318.17394680736,-1318.17394680736,1,2,1,3,1,2,1,3,500,4,8,20,205007548,0.75,3,2
"sub.8138",-1347.91827104671,-1347.91827104671,2,2,2,1,2,2,2,1,500,4,9,20,205007549,0.75,3,2
"sub.9138",-1340.23659072117,-1340.23659072117,1,2,2,3,1,2,2,3,500,4,10,20,2050075410,0.75,3,2
"sub.10138",-1344.95145454689,-1344.95145454689,1,2,3,2,1,2,3,2,500,4,11,20,2050075411,0.75,3,2
"sub.11177",-1318.06857443255,-1318.06857443255,1,1,1,2,1,1,1,2,500,4,12,20,2050075412,0.75,3,2
"sub.12154",-1291.68494323563,-1291.68494323563,1,1,1,1,1,1,1,1,500,4,13,20,2050075413,0.75,3,2
"sub.13141",-1334.04850858995,-1334.04850858995,3,1,2,3,3,1,2,3,500,4,14,20,2050075414,0.75,3,2
"sub.14138",-1302.94039388952,-1302.94039388952,2,2,1,1,2,2,1,1,500,4,15,20,2050075415,0.75,3,2
"sub.15138",-1305.7872417375,-1305.7872417375,1,2,2,2,1,2,2,2,500,4,16,20,2050075416,0.75,3,2
"sub.16138",-1315.30575439109,-1315.30575439109,2,1,3,3,2,1,3,3,500,4,17,20,2050075417,0.75,3,2
"sub.17138",-1333.38093522909,-1333.38093522909,1,3,2,3,1,3,2,3,500,4,18,20,2050075418,0.75,3,2
"sub.18138",-1337.58996360212,-1337.58996360212,2,1,1,2,2,1,1,2,500,4,19,20,2050075419,0.75,3,2
"sub.19138",-1289.16307388066,-1289.16307388066,1,1,1,1,1,1,1,1,500,4,20,20,2050075420,0.75,3,2
"sub139",-1319.20031991735,-1319.20031991735,1,1,2,2,1,1,2,2,500,4,1,3,35007541,0.75,3,2
"sub.1801",-1295.52084721149,-1295.52084721149,1,1,3,2,1,1,3,2,500,4,2,3,35007542,0.75,3,2
"sub.2139",-1321.59379612519,-1321.59379612519,1,2,2,2,1,2,2,2,500,4,3,3,35007543,0.75,3,2
"sub.3139",-1322.98092930456,-1322.98092930456,1,3,2,1,1,3,2,1,500,4,4,3,35007544,0.75,3,2
"sub.4139",-1318.77747429255,-1318.77747429255,1,2,2,2,1,2,2,2,500,4,5,3,35007545,0.75,3,2
"sub.5139",-1318.5551504005,-1318.5551504005,3,2,1,2,3,2,1,2,500,4,6,3,35007546,0.75,3,2
"sub.6139",-1329.33881577912,-1329.33881577912,2,3,1,2,2,3,1,2,500,4,7,3,35007547,0.75,3,2
"sub.7139",-1325.88753093671,-1325.88753093671,1,1,2,1,1,1,2,1,500,4,8,3,35007548,0.75,3,2
"sub.8139",-1311.88601655088,-1311.88601655088,2,3,4,1,2,3,4,1,500,4,9,3,35007549,0.75,3,2
"sub.9139",-1305.16859793285,-1305.16859793285,1,3,3,2,1,3,3,2,500,4,10,3,350075410,0.75,3,2
"sub.10139",-1289.09855635294,-1289.09855635294,1,1,1,1,1,1,1,1,500,4,11,3,350075411,0.75,3,2
"sub.11178",-1323.90744818687,-1323.90744818687,3,1,1,2,3,1,1,2,500,4,12,3,350075412,0.75,3,2
"sub.12155",-1306.31673445671,-1306.31673445671,1,3,2,3,1,3,2,3,500,4,13,3,350075413,0.75,3,2
"sub.13142",-1318.56137218,-1318.56137218,1,4,2,3,1,4,2,3,500,4,14,3,350075414,0.75,3,2
"sub.14139",-1327.57221971472,-1327.57221971472,1,2,2,2,1,2,2,2,500,4,15,3,350075415,0.75,3,2
"sub.15139",-1299.36924798962,-1299.36924798962,1,3,4,2,1,3,4,2,500,4,16,3,350075416,0.75,3,2
"sub.16139",-1321.7093374539,-1321.7093374539,1,3,2,3,1,3,2,3,500,4,17,3,350075417,0.75,3,2
"sub.17139",-1321.58317032624,-1321.58317032624,1,2,1,3,1,2,1,3,500,4,18,3,350075418,0.75,3,2
"sub.18139",-1306.68927309789,-1306.68927309789,1,2,2,2,1,2,2,2,500,4,19,3,350075419,0.75,3,2
"sub.19139",-1302.94184492653,-1302.94184492653,1,2,2,2,1,2,2,2,500,4,20,3,350075420,0.75,3,2
"sub140",-1303.0967595828,-1303.0967595828,2,3,1,3,2,3,1,3,500,4,1,4,45007541,0.75,4,1
"sub.1802",-1295.36277917179,-1295.36277917179,2,1,2,3,2,1,2,3,500,4,2,4,45007542,0.75,4,1
"sub.2140",-1332.03545074733,-1332.03545074733,2,2,1,3,2,2,1,3,500,4,3,4,45007543,0.75,4,1
"sub.3140",-1328.75714227435,-1328.75714227435,1,1,1,2,1,1,1,2,500,4,4,4,45007544,0.75,4,1
"sub.4140",-1318.87374008109,-1318.87374008109,2,2,2,1,2,2,2,1,500,4,5,4,45007545,0.75,4,1
"sub.5140",-1327.20355643467,-1327.20355643467,1,3,2,2,1,3,2,2,500,4,6,4,45007546,0.75,4,1
"sub.6140",-1307.67876884449,-1307.67876884449,1,2,2,1,1,2,2,1,500,4,7,4,45007547,0.75,4,1
"sub.7140",-1305.60995318545,-1305.60995318545,2,1,2,2,2,1,2,2,500,4,8,4,45007548,0.75,4,1
"sub.8140",-1316.4278767225,-1316.4278767225,1,1,2,2,1,1,2,2,500,4,9,4,45007549,0.75,4,1
"sub.9140",-1328.4234655783,-1328.4234655783,1,2,3,2,1,2,3,2,500,4,10,4,450075410,0.75,4,1
"sub.10140",-1316.4950719128,-1316.4950719128,1,2,2,1,1,2,2,1,500,4,11,4,450075411,0.75,4,1
"sub.11179",-1323.39901433359,-1323.39901433359,1,3,3,2,1,3,3,2,500,4,12,4,450075412,0.75,4,1
"sub.12156",-1308.98113499691,-1308.98113499691,4,2,3,1,4,2,3,1,500,4,13,4,450075413,0.75,4,1
"sub.13143",-1322.42386138306,-1322.42386138306,1,2,1,1,1,2,1,1,500,4,14,4,450075414,0.75,4,1
"sub.14140",-1305.17894995521,-1305.17894995521,1,2,1,2,1,2,1,2,500,4,15,4,450075415,0.75,4,1
"sub.15140",-1295.3120776501,-1295.3120776501,1,1,1,2,1,1,1,2,500,4,16,4,450075416,0.75,4,1
"sub.16140",-1306.5273476863,-1306.5273476863,1,2,3,2,1,2,3,2,500,4,17,4,450075417,0.75,4,1
"sub.17140",-1310.10332785316,-1310.10332785316,1,1,2,1,1,1,2,1,500,4,18,4,450075418,0.75,4,1
"sub.18140",-1328.77755092435,-1328.77755092435,2,1,2,2,2,1,2,2,500,4,19,4,450075419,0.75,4,1
"sub.19140",-1302.59242419211,-1302.59242419211,3,1,3,2,3,1,3,2,500,4,20,4,450075420,0.75,4,1
"sub141",-1323.21848564484,-1323.21848564484,1,3,2,1,1,3,2,1,500,4,1,5,55007541,0.75,2,2
"sub.1803",-1339.50631989816,-1339.50631989816,1,2,2,1,1,2,2,1,500,4,2,5,55007542,0.75,2,2
"sub.2141",-1300.62173435254,-1300.62173435254,1,1,1,1,1,1,1,1,500,4,3,5,55007543,0.75,2,2
"sub.3141",-1319.41039289928,-1319.41039289928,1,1,2,1,1,1,2,1,500,4,4,5,55007544,0.75,2,2
"sub.4141",-1325.97613186634,-1325.97613186634,2,2,1,2,2,2,1,2,500,4,5,5,55007545,0.75,2,2
"sub.5141",-1312.45510193742,-1312.45510193742,2,1,2,2,2,1,2,2,500,4,6,5,55007546,0.75,2,2
"sub.6141",-1333.89423467764,-1333.89423467764,2,3,1,3,2,3,1,3,500,4,7,5,55007547,0.75,2,2
"sub.7141",-1322.17623225256,-1322.17623225256,1,3,2,2,1,3,2,2,500,4,8,5,55007548,0.75,2,2
"sub.8141",-1315.91869848847,-1315.91869848847,1,2,3,4,1,2,3,4,500,4,9,5,55007549,0.75,2,2
"sub.9141",-1311.72233456893,-1311.72233456893,1,2,1,1,1,2,1,1,500,4,10,5,550075410,0.75,2,2
"sub.10141",-1326.94272605943,-1326.94272605943,1,1,1,1,1,1,1,1,500,4,11,5,550075411,0.75,2,2
"sub.11180",-1311.73086301996,-1311.73086301996,1,1,1,1,1,1,1,1,500,4,12,5,550075412,0.75,2,2
"sub.12157",-1339.98848464921,-1339.98848464921,1,1,2,2,1,1,2,2,500,4,13,5,550075413,0.75,2,2
"sub.13144",-1312.76571933255,-1312.76571933255,1,2,3,1,1,2,3,1,500,4,14,5,550075414,0.75,2,2
"sub.14141",-1295.06899091558,-1295.06899091558,1,1,1,2,1,1,1,2,500,4,15,5,550075415,0.75,2,2
"sub.15141",-1345.56419399273,-1345.56419399273,2,1,1,1,2,1,1,1,500,4,16,5,550075416,0.75,2,2
"sub.16141",-1329.40038207181,-1329.40038207181,1,2,2,2,1,2,2,2,500,4,17,5,550075417,0.75,2,2
"sub.17141",-1313.32785741897,-1313.32785741897,1,1,1,1,1,1,1,1,500,4,18,5,550075418,0.75,2,2
"sub.18141",-1319.0505064838,-1319.0505064838,2,2,1,2,2,2,1,2,500,4,19,5,550075419,0.75,2,2
"sub.19141",-1330.58242290491,-1330.58242290491,1,1,2,3,1,1,2,3,500,4,20,5,550075420,0.75,2,2
"sub142",-1334.85781078001,-1334.85781078001,2,2,1,3,2,2,1,3,500,4,1,6,65007541,0.75,3,2
"sub.1804",-1300.75393021898,-1300.75393021898,1,1,2,1,1,1,2,1,500,4,2,6,65007542,0.75,3,2
"sub.2142",-1294.66925006858,-1294.66925006858,1,1,1,1,1,1,1,1,500,4,3,6,65007543,0.75,3,2
"sub.3142",-1308.21960118131,-1308.21960118131,1,1,1,1,1,1,1,1,500,4,4,6,65007544,0.75,3,2
"sub.4142",-1340.44453600751,-1340.44453600751,2,1,3,2,2,1,3,2,500,4,5,6,65007545,0.75,3,2
"sub.5142",-1313.090806166,-1313.090806166,1,1,3,2,1,1,3,2,500,4,6,6,65007546,0.75,3,2
"sub.6142",-1308.29797034185,-1308.29797034185,2,1,1,3,2,1,1,3,500,4,7,6,65007547,0.75,3,2
"sub.7142",-1337.73815048912,-1337.73815048912,1,2,2,1,1,2,2,1,500,4,8,6,65007548,0.75,3,2
"sub.8142",-1311.51540492024,-1311.51540492024,1,2,1,2,1,2,1,2,500,4,9,6,65007549,0.75,3,2
"sub.9142",-1304.14420916421,-1304.14420916421,1,2,2,2,1,2,2,2,500,4,10,6,650075410,0.75,3,2
"sub.10142",-1329.80137518988,-1329.80137518988,1,2,2,3,1,2,2,3,500,4,11,6,650075411,0.75,3,2
"sub.11181",-1335.07768412695,-1335.07768412695,1,1,2,2,1,1,2,2,500,4,12,6,650075412,0.75,3,2
"sub.12158",-1325.5065469531,-1325.5065469531,2,3,1,1,2,3,1,1,500,4,13,6,650075413,0.75,3,2
"sub.13145",-1321.13049669884,-1321.13049669884,2,2,1,2,2,2,1,2,500,4,14,6,650075414,0.75,3,2
"sub.14142",-1311.99585087467,-1311.99585087467,2,2,1,2,2,2,1,2,500,4,15,6,650075415,0.75,3,2
"sub.15142",-1313.09340824281,-1313.09340824281,1,3,4,2,1,3,4,2,500,4,16,6,650075416,0.75,3,2
"sub.16142",-1296.29673080573,-1296.29673080573,1,1,1,2,1,1,1,2,500,4,17,6,650075417,0.75,3,2
"sub.17142",-1298.62682000327,-1298.62682000327,1,1,1,1,1,1,1,1,500,4,18,6,650075418,0.75,3,2
"sub.18142",-1314.67308745038,-1314.67308745038,1,3,3,2,1,3,3,2,500,4,19,6,650075419,0.75,3,2
"sub.19142",-1324.43763509112,-1324.43763509112,2,1,2,2,2,1,2,2,500,4,20,6,650075420,0.75,3,2
"sub143",-1305.18690620258,-1305.18690620258,1,1,1,1,1,1,1,1,500,4,1,7,75007541,0.75,4,1
"sub.1805",-1331.95420600551,-1331.95420600551,1,1,1,1,1,1,1,1,500,4,2,7,75007542,0.75,4,1
"sub.2143",-1340.47783219864,-1340.47783219864,1,1,3,2,1,1,3,2,500,4,3,7,75007543,0.75,4,1
"sub.3143",-1303.3532856726,-1303.3532856726,1,1,1,1,1,1,1,1,500,4,4,7,75007544,0.75,4,1
"sub.4143",-1314.49937130795,-1314.49937130795,2,1,4,3,2,1,4,3,500,4,5,7,75007545,0.75,4,1
"sub.5143",-1305.38113352557,-1305.38113352557,1,2,1,1,1,2,1,1,500,4,6,7,75007546,0.75,4,1
"sub.6143",-1317.86077050515,-1317.86077050515,1,1,1,1,1,1,1,1,500,4,7,7,75007547,0.75,4,1
"sub.7143",-1318.13950594416,-1318.13950594416,2,3,1,2,2,3,1,2,500,4,8,7,75007548,0.75,4,1
"sub.8143",-1322.25089810427,-1322.25089810427,2,1,3,3,2,1,3,3,500,4,9,7,75007549,0.75,4,1
"sub.9143",-1321.52248319953,-1321.52248319953,1,2,2,3,1,2,2,3,500,4,10,7,750075410,0.75,4,1
"sub.10143",-1336.7449653169,-1336.7449653169,1,1,1,2,1,1,1,2,500,4,11,7,750075411,0.75,4,1
"sub.11182",-1291.6688138537,-1291.6688138537,1,1,1,1,1,1,1,1,500,4,12,7,750075412,0.75,4,1
"sub.12159",-1303.32228247193,-1303.32228247193,1,2,4,3,1,2,4,3,500,4,13,7,750075413,0.75,4,1
"sub.13146",-1332.98877706641,-1332.98877706641,1,2,1,2,1,2,1,2,500,4,14,7,750075414,0.75,4,1
"sub.14143",-1315.82602371708,-1315.82602371708,1,2,2,3,1,2,2,3,500,4,15,7,750075415,0.75,4,1
"sub.15143",-1312.05075939577,-1312.05075939577,1,1,1,2,1,1,1,2,500,4,16,7,750075416,0.75,4,1
"sub.16143",-1304.21733292903,-1304.21733292903,1,3,2,1,1,3,2,1,500,4,17,7,750075417,0.75,4,1
"sub.17143",-1316.63889339411,-1316.63889339411,3,4,1,2,3,4,1,2,500,4,18,7,750075418,0.75,4,1
"sub.18143",-1317.75722182242,-1317.75722182242,1,1,2,2,1,1,2,2,500,4,19,7,750075419,0.75,4,1
"sub.19143",-1307.32698498922,-1307.32698498922,1,1,1,1,1,1,1,1,500,4,20,7,750075420,0.75,4,1
"sub144",-1299.74524754238,-1299.74524754238,1,1,1,1,1,1,1,1,500,4,1,8,85007541,0.75,3,2
"sub.1806",-1328.9660477544,-1328.9660477544,3,1,2,3,3,1,2,3,500,4,2,8,85007542,0.75,3,2
"sub.2144",-1303.25410449914,-1303.25410449914,1,1,1,2,1,1,1,2,500,4,3,8,85007543,0.75,3,2
"sub.3144",-1300.20611870814,-1300.20611870814,1,1,2,1,1,1,2,1,500,4,4,8,85007544,0.75,3,2
"sub.4144",-1314.04684349521,-1314.04684349521,1,3,1,2,1,3,1,2,500,4,5,8,85007545,0.75,3,2
"sub.5144",-1322.42070444679,-1322.42070444679,2,2,1,1,2,2,1,1,500,4,6,8,85007546,0.75,3,2
"sub.6144",-1313.81772079877,-1313.81772079877,2,3,1,4,2,3,1,4,500,4,7,8,85007547,0.75,3,2
"sub.7144",-1295.79872840034,-1295.79872840034,1,2,1,1,1,2,1,1,500,4,8,8,85007548,0.75,3,2
"sub.8144",-1301.50244005982,-1301.50244005982,1,1,2,3,1,1,2,3,500,4,9,8,85007549,0.75,3,2
"sub.9144",-1313.2479112062,-1313.2479112062,3,2,1,1,3,2,1,1,500,4,10,8,850075410,0.75,3,2
"sub.10144",-1305.98956631797,-1305.98956631797,1,1,1,2,1,1,1,2,500,4,11,8,850075411,0.75,3,2
"sub.11183",-1332.12856566684,-1332.12856566684,2,1,1,2,2,1,1,2,500,4,12,8,850075412,0.75,3,2
"sub.12160",-1317.1764743852,-1317.1764743852,2,2,1,3,2,2,1,3,500,4,13,8,850075413,0.75,3,2
"sub.13147",-1310.3274212041,-1310.3274212041,1,1,1,1,1,1,1,1,500,4,14,8,850075414,0.75,3,2
"sub.14144",-1326.75974790977,-1326.75974790977,2,2,1,2,2,2,1,2,500,4,15,8,850075415,0.75,3,2
"sub.15144",-1311.9651069899,-1311.9651069899,1,1,2,1,1,1,2,1,500,4,16,8,850075416,0.75,3,2
"sub.16144",-1325.78135548416,-1325.78135548416,1,1,2,2,1,1,2,2,500,4,17,8,850075417,0.75,3,2
"sub.17144",-1305.92354317336,-1305.92354317336,1,1,1,1,1,1,1,1,500,4,18,8,850075418,0.75,3,2
"sub.18144",-1336.97982459246,-1336.97982459246,1,2,1,2,1,2,1,2,500,4,19,8,850075419,0.75,3,2
"sub.19144",-1307.48567176716,-1307.48567176716,1,1,2,3,1,1,2,3,500,4,20,8,850075420,0.75,3,2
"sub145",-1324.21810103547,-1324.21810103547,1,1,2,2,1,1,2,2,500,4,1,9,95007541,0.75,3,2
"sub.1807",-1327.19333606888,-1327.19333606888,2,2,2,1,2,2,2,1,500,4,2,9,95007542,0.75,3,2
"sub.2145",-1337.41473231961,-1337.41473231961,3,3,2,1,3,3,2,1,500,4,3,9,95007543,0.75,3,2
"sub.3145",-1320.19379122674,-1320.19379122674,2,2,1,1,2,2,1,1,500,4,4,9,95007544,0.75,3,2
"sub.4145",-1323.37557653816,-1323.37557653816,2,1,2,1,2,1,2,1,500,4,5,9,95007545,0.75,3,2
"sub.5145",-1315.91479281116,-1315.91479281116,1,1,2,1,1,1,2,1,500,4,6,9,95007546,0.75,3,2
"sub.6145",-1331.22711202354,-1330.53497219265,1,2,3,4,1,2,3,3,500,4,7,9,95007547,0.75,3,2
"sub.7145",-1328.63996540795,-1328.63996540795,2,1,2,1,2,1,2,1,500,4,8,9,95007548,0.75,3,2
"sub.8145",-1326.48484537657,-1326.48484537657,3,1,4,2,3,1,4,2,500,4,9,9,95007549,0.75,3,2
"sub.9145",-1323.26625316345,-1323.26625316345,2,3,1,1,2,3,1,1,500,4,10,9,950075410,0.75,3,2
"sub.10145",-1304.15159291367,-1304.15159291367,2,1,2,2,2,1,2,2,500,4,11,9,950075411,0.75,3,2
"sub.11184",-1316.71062870653,-1316.71062870653,2,3,4,1,2,3,4,1,500,4,12,9,950075412,0.75,3,2
"sub.12161",-1324.03671863454,-1324.03671863454,2,2,1,1,2,2,1,1,500,4,13,9,950075413,0.75,3,2
"sub.13148",-1330.53739370205,-1330.53739370205,2,2,1,3,2,2,1,3,500,4,14,9,950075414,0.75,3,2
"sub.14145",-1331.38938879058,-1331.38938879058,2,1,1,2,2,1,1,2,500,4,15,9,950075415,0.75,3,2
"sub.15145",-1338.81955862832,-1338.81955862832,1,2,2,3,1,2,2,3,500,4,16,9,950075416,0.75,3,2
"sub.16145",-1283.01703701354,-1283.01703701354,1,1,1,1,1,1,1,1,500,4,17,9,950075417,0.75,3,2
"sub.17145",-1307.80555184913,-1307.80555184913,1,1,1,1,1,1,1,1,500,4,18,9,950075418,0.75,3,2
"sub.18145",-1300.74473802394,-1300.74473802394,1,2,1,2,1,2,1,2,500,4,19,9,950075419,0.75,3,2
"sub.19145",-1311.91409130497,-1311.91409130497,1,3,3,2,1,3,3,2,500,4,20,9,950075420,0.75,3,2
"sub146",-1164.24195754673,-1164.24195754673,2,2,2,1,2,2,2,1,500,4,1,1,15008541,0.85,2,2
"sub.1808",-1211.43810267086,-1211.43810267086,3,1,2,2,3,1,2,2,500,4,2,1,15008542,0.85,2,2
"sub.2146",-1213.54141079542,-1213.54141079542,3,1,2,3,3,1,2,3,500,4,3,1,15008543,0.85,2,2
"sub.3146",-1169.43904027179,-1169.43904027179,2,1,2,1,2,1,2,1,500,4,4,1,15008544,0.85,2,2
"sub.4146",-1199.90187690947,-1199.90187690947,1,2,1,2,1,2,1,2,500,4,5,1,15008545,0.85,2,2
"sub.5146",-1161.6729122814,-1161.6729122814,2,1,1,2,2,1,1,2,500,4,6,1,15008546,0.85,2,2
"sub.6146",-1210.73912131008,-1210.73912131008,1,2,3,4,1,2,3,4,500,4,7,1,15008547,0.85,2,2
"sub.7146",-1188.31488071026,-1188.31488071026,1,1,1,2,1,1,1,2,500,4,8,1,15008548,0.85,2,2
"sub.8146",-1231.86912469753,-1231.86912469753,1,3,2,2,1,3,2,2,500,4,9,1,15008549,0.85,2,2
"sub.9146",-1203.80124158709,-1203.80124158709,2,1,2,2,2,1,2,2,500,4,10,1,150085410,0.85,2,2
"sub.10146",-1182.83329699293,-1182.83329699293,2,1,2,2,2,1,2,2,500,4,11,1,150085411,0.85,2,2
"sub.11185",-1251.77172398363,-1251.77172398363,2,3,2,1,2,3,2,1,500,4,12,1,150085412,0.85,2,2
"sub.12162",-1185.27371387892,-1185.27371387892,1,2,2,2,1,2,2,2,500,4,13,1,150085413,0.85,2,2
"sub.13149",-1214.91840710428,-1214.91840710428,2,3,1,2,2,3,1,2,500,4,14,1,150085414,0.85,2,2
"sub.14146",-1203.27251673416,-1203.27251673416,3,1,3,2,3,1,3,2,500,4,15,1,150085415,0.85,2,2
"sub.15146",-1119.5852155291,-1119.5852155291,1,1,1,1,1,1,1,1,500,4,16,1,150085416,0.85,2,2
"sub.16146",-1201.0806053466,-1201.0806053466,2,2,3,1,2,2,3,1,500,4,17,1,150085417,0.85,2,2
"sub.17146",-1123.48680784931,-1123.48680784931,1,1,1,1,1,1,1,1,500,4,18,1,150085418,0.85,2,2
"sub.18146",-1159.14701812529,-1159.14701812529,1,1,1,2,1,1,1,2,500,4,19,1,150085419,0.85,2,2
"sub.19146",-1204.0880429305,-1204.0880429305,2,3,1,3,2,3,1,3,500,4,20,1,150085420,0.85,2,2
"sub147",-1162.67941051874,-1162.67941051874,1,1,1,2,1,1,1,2,500,4,1,10,105008541,0.85,4,1
"sub.1809",-1216.70971184178,-1216.70971184178,1,2,3,1,1,2,3,1,500,4,2,10,105008542,0.85,4,1
"sub.2147",-1206.55529196404,-1206.55529196404,2,1,2,3,2,1,2,3,500,4,3,10,105008543,0.85,4,1
"sub.3147",-1131.08386731038,-1131.08386731038,2,1,1,1,2,1,1,1,500,4,4,10,105008544,0.85,4,1
"sub.4147",-1176.27124544004,-1176.27124544004,1,1,1,2,1,1,1,2,500,4,5,10,105008545,0.85,4,1
"sub.5147",-1229.49996704108,-1229.49996704108,2,3,3,1,2,3,3,1,500,4,6,10,105008546,0.85,4,1
"sub.6147",-1180.50493985628,-1180.50493985628,2,1,1,3,2,1,1,3,500,4,7,10,105008547,0.85,4,1
"sub.7147",-1211.435321279,-1211.435321279,2,3,1,1,2,3,1,1,500,4,8,10,105008548,0.85,4,1
"sub.8147",-1185.42627012681,-1185.42627012681,3,1,1,2,3,1,1,2,500,4,9,10,105008549,0.85,4,1
"sub.9147",-1210.87696480476,-1210.87696480476,1,2,1,3,1,2,1,3,500,4,10,10,1050085410,0.85,4,1
"sub.10147",-1233.16913172106,-1233.16913172106,1,3,4,2,1,3,4,2,500,4,11,10,1050085411,0.85,4,1
"sub.11186",-1192.16392681787,-1192.16392681787,2,2,1,2,2,2,1,2,500,4,12,10,1050085412,0.85,4,1
"sub.12163",-1248.76058408557,-1248.76058408557,2,3,1,2,2,3,1,2,500,4,13,10,1050085413,0.85,4,1
"sub.13150",-1235.52519614989,-1235.52519614989,2,1,1,2,2,1,1,2,500,4,14,10,1050085414,0.85,4,1
"sub.14147",-1148.62102415089,-1148.62102415089,1,1,1,1,1,1,1,1,500,4,15,10,1050085415,0.85,4,1
"sub.15147",-1192.05835789917,-1192.05835789917,1,2,2,2,1,2,2,2,500,4,16,10,1050085416,0.85,4,1
"sub.16147",-1119.339322972,-1119.339322972,1,1,1,1,1,1,1,1,500,4,17,10,1050085417,0.85,4,1
"sub.17147",-1074.81838410761,-1074.81838410761,1,1,1,1,1,1,1,1,500,4,18,10,1050085418,0.85,4,1
"sub.18147",-1150.571820311,-1150.571820311,1,1,1,1,1,1,1,1,500,4,19,10,1050085419,0.85,4,1
"sub.19147",-1111.25414270043,-1111.25414270043,1,1,1,1,1,1,1,1,500,4,20,10,1050085420,0.85,4,1
"sub148",-1174.84018461968,-1174.84018461968,2,1,1,1,2,1,1,1,500,4,1,11,115008541,0.85,4,1
"sub.1900",-1171.66344541969,-1171.66344541969,1,1,3,2,1,1,3,2,500,4,2,11,115008542,0.85,4,1
"sub.2148",-1220.08148596192,-1220.08148596192,1,2,2,3,1,2,2,3,500,4,3,11,115008543,0.85,4,1
"sub.3148",-1225.72358456539,-1225.72358456539,2,1,3,2,2,1,3,2,500,4,4,11,115008544,0.85,4,1
"sub.4148",-1241.03120482726,-1241.03120482726,1,2,3,4,1,2,3,4,500,4,5,11,115008545,0.85,4,1
"sub.5148",-1134.10311984,-1134.10311984,1,1,1,1,1,1,1,1,500,4,6,11,115008546,0.85,4,1
"sub.6148",-1192.36678119379,-1192.36678119379,1,1,2,2,1,1,2,2,500,4,7,11,115008547,0.85,4,1
"sub.7148",-1171.54064625586,-1171.54064625586,2,2,2,1,2,2,2,1,500,4,8,11,115008548,0.85,4,1
"sub.8148",-1197.67351743335,-1197.67351743335,3,2,3,1,3,2,3,1,500,4,9,11,115008549,0.85,4,1
"sub.9148",-1185.16171780908,-1185.16171780908,3,3,1,2,3,3,1,2,500,4,10,11,1150085410,0.85,4,1
"sub.10148",-1203.35837115204,-1203.35837115204,1,2,3,3,1,2,3,3,500,4,11,11,1150085411,0.85,4,1
"sub.11187",-1163.86761011427,-1163.86761011427,2,2,1,2,2,2,1,2,500,4,12,11,1150085412,0.85,4,1
"sub.12164",-1164.1962521478,-1164.1962521478,1,1,1,2,1,1,1,2,500,4,13,11,1150085413,0.85,4,1
"sub.13151",-1211.95231479574,-1211.95231479574,1,2,3,4,1,2,3,4,500,4,14,11,1150085414,0.85,4,1
"sub.14148",-1200.87419772282,-1200.87419772282,2,3,1,2,2,3,1,2,500,4,15,11,1150085415,0.85,4,1
"sub.15148",-1163.0971240534,-1163.0971240534,1,2,1,1,1,2,1,1,500,4,16,11,1150085416,0.85,4,1
"sub.16148",-1170.49104664163,-1170.49104664163,2,1,2,2,2,1,2,2,500,4,17,11,1150085417,0.85,4,1
"sub.17148",-1209.28420214449,-1209.28420214449,2,1,2,3,2,1,2,3,500,4,18,11,1150085418,0.85,4,1
"sub.18148",-1197.29415782125,-1197.29415782125,1,3,2,3,1,3,2,3,500,4,19,11,1150085419,0.85,4,1
"sub.19148",-1173.66831474706,-1173.66831474706,1,2,3,3,1,2,3,3,500,4,20,11,1150085420,0.85,4,1
"sub149",-1249.42524927786,-1249.42524927786,3,2,1,4,3,2,1,4,500,4,1,12,125008541,0.85,4,1
"sub.1901",-1201.00419104888,-1201.00419104888,3,1,2,1,3,1,2,1,500,4,2,12,125008542,0.85,4,1
"sub.2149",-1196.73818894392,-1196.73818894392,1,2,3,4,1,2,3,4,500,4,3,12,125008543,0.85,4,1
"sub.3149",-1181.6814159068,-1181.6814159068,3,2,3,1,3,2,3,1,500,4,4,12,125008544,0.85,4,1
"sub.4149",-1200.37523422879,-1200.37523422879,2,3,1,3,2,3,1,3,500,4,5,12,125008545,0.85,4,1
"sub.5149",-1222.79718658202,-1222.79718658202,2,1,3,1,2,1,3,1,500,4,6,12,125008546,0.85,4,1
"sub.6149",-1202.58762595875,-1202.58762595875,1,2,2,2,1,2,2,2,500,4,7,12,125008547,0.85,4,1
"sub.7149",-1139.16538327824,-1139.16538327824,1,1,1,1,1,1,1,1,500,4,8,12,125008548,0.85,4,1
"sub.8149",-1176.92080695736,-1176.92080695736,1,1,1,2,1,1,1,2,500,4,9,12,125008549,0.85,4,1
"sub.9149",-1181.57530182996,-1181.57530182996,1,2,3,3,1,2,3,3,500,4,10,12,1250085410,0.85,4,1
"sub.10149",-1208.59273734272,-1208.59273734272,2,1,2,2,2,1,2,2,500,4,11,12,1250085411,0.85,4,1
"sub.11188",-1250.27929881713,-1250.27929881713,2,3,4,1,2,3,4,1,500,4,12,12,1250085412,0.85,4,1
"sub.12165",-1216.18924369532,-1216.18924369532,2,4,1,3,2,4,1,3,500,4,13,12,1250085413,0.85,4,1
"sub.13152",-1181.32470350467,-1181.32470350467,2,3,1,3,2,3,1,3,500,4,14,12,1250085414,0.85,4,1
"sub.14149",-1184.28809288739,-1184.28809288739,1,2,1,3,1,2,1,3,500,4,15,12,1250085415,0.85,4,1
"sub.15149",-1213.85025168563,-1213.85025168563,2,2,1,3,2,2,1,3,500,4,16,12,1250085416,0.85,4,1
"sub.16149",-1201.36212512672,-1201.36212512672,1,1,2,2,1,1,2,2,500,4,17,12,1250085417,0.85,4,1
"sub.17149",-1204.33169657577,-1204.33169657577,3,1,2,3,3,1,2,3,500,4,18,12,1250085418,0.85,4,1
"sub.18149",-1190.63122046093,-1190.63122046093,3,1,3,2,3,1,3,2,500,4,19,12,1250085419,0.85,4,1
"sub.19149",-1160.50311397256,-1160.50311397256,1,1,1,2,1,1,1,2,500,4,20,12,1250085420,0.85,4,1
"sub150",-1234.61304146597,-1234.61304146597,1,3,3,2,1,3,3,2,500,4,1,13,135008541,0.85,2,2
"sub.1902",-1189.85718456616,-1189.85718456616,1,2,3,4,1,2,3,4,500,4,2,13,135008542,0.85,2,2
"sub.2150",-1211.34987113638,-1211.34987113638,1,1,2,2,1,1,2,2,500,4,3,13,135008543,0.85,2,2
"sub.3150",-1155.83042192461,-1155.83042192461,1,2,1,1,1,2,1,1,500,4,4,13,135008544,0.85,2,2
"sub.4150",-1175.48552081388,-1175.48552081388,2,1,2,1,2,1,2,1,500,4,5,13,135008545,0.85,2,2
"sub.5150",-1238.32920425464,-1238.32920425464,2,1,3,4,2,1,3,4,500,4,6,13,135008546,0.85,2,2
"sub.6150",-1155.00130081946,-1155.00130081946,1,1,1,1,1,1,1,1,500,4,7,13,135008547,0.85,2,2
"sub.7150",-1135.17524051322,-1135.17524051322,1,1,1,1,1,1,1,1,500,4,8,13,135008548,0.85,2,2
"sub.8150",-1146.78305074538,-1146.78305074538,2,2,1,2,2,2,1,2,500,4,9,13,135008549,0.85,2,2
"sub.9150",-1184.7485375103,-1184.7485375103,2,1,1,2,2,1,1,2,500,4,10,13,1350085410,0.85,2,2
"sub.10150",-1145.84399987467,-1145.84399987467,1,1,1,1,1,1,1,1,500,4,11,13,1350085411,0.85,2,2
"sub.11189",-1178.12844531708,-1178.12844531708,1,1,1,2,1,1,1,2,500,4,12,13,1350085412,0.85,2,2
"sub.12166",-1233.81904022364,-1233.81904022364,1,1,2,3,1,1,2,3,500,4,13,13,1350085413,0.85,2,2
"sub.13153",-1243.62073567367,-1243.62073567367,2,1,3,2,2,1,3,2,500,4,14,13,1350085414,0.85,2,2
"sub.14150",-1231.31165614735,-1231.31165614735,1,1,2,3,1,1,2,3,500,4,15,13,1350085415,0.85,2,2
"sub.15150",-1190.21928630798,-1190.21928630798,2,1,1,1,2,1,1,1,500,4,16,13,1350085416,0.85,2,2
"sub.16150",-1204.98911669775,-1204.98911669775,1,4,2,3,1,4,2,3,500,4,17,13,1350085417,0.85,2,2
"sub.17150",-1209.40547037703,-1209.40547037703,2,1,2,3,2,1,2,3,500,4,18,13,1350085418,0.85,2,2
"sub.18150",-1196.00332879775,-1196.00332879775,1,2,1,2,1,2,1,2,500,4,19,13,1350085419,0.85,2,2
"sub.19150",-1190.31817695399,-1190.31817695399,1,2,3,3,1,2,3,3,500,4,20,13,1350085420,0.85,2,2
"sub151",-1228.64465975779,-1228.64465975779,2,4,1,3,2,4,1,3,500,4,1,14,145008541,0.85,2,2
"sub.1903",-1170.56295365299,-1170.56295365299,2,2,1,2,2,2,1,2,500,4,2,14,145008542,0.85,2,2
"sub.2151",-1124.31303596543,-1124.31303596543,1,1,1,1,1,1,1,1,500,4,3,14,145008543,0.85,2,2
"sub.3151",-1177.40000993854,-1177.40000993854,1,1,1,2,1,1,1,2,500,4,4,14,145008544,0.85,2,2
"sub.4151",-1186.22538750826,-1186.22538750826,1,1,2,1,1,1,2,1,500,4,5,14,145008545,0.85,2,2
"sub.5151",-1218.98802808678,-1218.98802808678,1,1,2,2,1,1,2,2,500,4,6,14,145008546,0.85,2,2
"sub.6151",-1191.78491816668,-1191.78491816668,2,3,1,3,2,3,1,3,500,4,7,14,145008547,0.85,2,2
"sub.7151",-1168.42420718975,-1168.42420718975,3,1,2,3,3,1,2,3,500,4,8,14,145008548,0.85,2,2
"sub.8151",-1200.45219694927,-1200.45219694927,1,2,3,2,1,2,3,2,500,4,9,14,145008549,0.85,2,2
"sub.9151",-1192.17583476175,-1192.17583476175,1,1,2,3,1,1,2,3,500,4,10,14,1450085410,0.85,2,2
"sub.10151",-1212.15536997855,-1212.15536997855,3,4,2,1,3,4,2,1,500,4,11,14,1450085411,0.85,2,2
"sub.11190",-1163.31031943228,-1163.31031943228,2,2,1,2,2,2,1,2,500,4,12,14,1450085412,0.85,2,2
"sub.12167",-1187.1434542692,-1187.1434542692,3,1,2,1,3,1,2,1,500,4,13,14,1450085413,0.85,2,2
"sub.13154",-1153.91441657987,-1153.91441657987,1,2,2,2,1,2,2,2,500,4,14,14,1450085414,0.85,2,2
"sub.14151",-1198.1230297284,-1198.1230297284,2,2,1,3,2,2,1,3,500,4,15,14,1450085415,0.85,2,2
"sub.15151",-1182.10878719731,-1182.10878719731,2,1,1,3,2,1,1,3,500,4,16,14,1450085416,0.85,2,2
"sub.16151",-1205.23451776597,-1205.23451776597,2,1,3,2,2,1,3,2,500,4,17,14,1450085417,0.85,2,2
"sub.17151",-1195.77339563118,-1195.77339563118,2,4,3,1,2,4,3,1,500,4,18,14,1450085418,0.85,2,2
"sub.18151",-1190.02999634281,-1190.02999634281,2,2,1,2,2,2,1,2,500,4,19,14,1450085419,0.85,2,2
"sub.19151",-1236.56996582388,-1236.56996582388,2,3,1,2,2,3,1,2,500,4,20,14,1450085420,0.85,2,2
"sub152",-1202.51456357272,-1202.51456357272,1,2,4,3,1,2,4,3,500,4,1,15,155008541,0.85,3,2
"sub.1904",-1230.87293215282,-1230.87293215282,3,2,4,1,3,2,4,1,500,4,2,15,155008542,0.85,3,2
"sub.2152",-1186.73391673426,-1186.73391673426,3,2,1,3,3,2,1,3,500,4,3,15,155008543,0.85,3,2
"sub.3152",-1168.93886957134,-1168.93886957134,1,1,1,1,1,1,1,1,500,4,4,15,155008544,0.85,3,2
"sub.4152",-1168.00341669572,-1168.00341669572,2,1,1,1,2,1,1,1,500,4,5,15,155008545,0.85,3,2
"sub.5152",-1222.79218221243,-1222.79218221243,1,3,2,4,1,3,2,4,500,4,6,15,155008546,0.85,3,2
"sub.6152",-1176.13586899853,-1176.13586899853,2,1,2,2,2,1,2,2,500,4,7,15,155008547,0.85,3,2
"sub.7152",-1211.4811118891,-1211.4811118891,2,3,1,1,2,3,1,1,500,4,8,15,155008548,0.85,3,2
"sub.8152",-1196.20713884771,-1196.20713884771,2,1,1,3,2,1,1,3,500,4,9,15,155008549,0.85,3,2
"sub.9152",-1234.473898331,-1234.473898331,3,3,1,2,3,3,1,2,500,4,10,15,1550085410,0.85,3,2
"sub.10152",-1221.32280362589,-1221.32280362589,1,1,2,3,1,1,2,3,500,4,11,15,1550085411,0.85,3,2
"sub.11191",-1244.38652281017,-1244.38652281017,3,1,4,2,3,1,4,2,500,4,12,15,1550085412,0.85,3,2
"sub.12168",-1208.62262025054,-1208.62262025054,1,2,2,1,1,2,2,1,500,4,13,15,1550085413,0.85,3,2
"sub.13155",-1194.82481650248,-1194.82481650248,1,2,3,3,1,2,3,3,500,4,14,15,1550085414,0.85,3,2
"sub.14152",-1221.49425819236,-1221.49425819236,4,1,2,3,4,1,2,3,500,4,15,15,1550085415,0.85,3,2
"sub.15152",-1175.17921522313,-1175.17921522313,1,1,2,2,1,1,2,2,500,4,16,15,1550085416,0.85,3,2
"sub.16152",-1162.42913497862,-1162.42913497862,1,3,1,2,1,3,1,2,500,4,17,15,1550085417,0.85,3,2
"sub.17152",-1151.83738617056,-1151.83738617056,1,1,1,1,1,1,1,1,500,4,18,15,1550085418,0.85,3,2
"sub.18152",-1155.2564295524,-1155.2564295524,1,2,1,1,1,2,1,1,500,4,19,15,1550085419,0.85,3,2
"sub.19152",-1085.04780572562,-1085.04780572562,1,1,1,1,1,1,1,1,500,4,20,15,1550085420,0.85,3,2
"sub153",-1215.00918022007,-1215.00918022007,1,2,2,1,1,2,2,1,500,4,1,16,165008541,0.85,4,1
"sub.1905",-1167.42981445462,-1167.42981445462,1,2,1,2,1,2,1,2,500,4,2,16,165008542,0.85,4,1
"sub.2153",-1174.59642117731,-1174.59642117731,2,1,1,2,2,1,1,2,500,4,3,16,165008543,0.85,4,1
"sub.3153",-1223.50215613459,-1223.50215613459,2,1,3,4,2,1,3,4,500,4,4,16,165008544,0.85,4,1
"sub.4153",-1232.23502187595,-1232.23502187595,2,1,1,2,2,1,1,2,500,4,5,16,165008545,0.85,4,1
"sub.5153",-1213.56329423121,-1213.56329423121,3,4,2,1,3,4,2,1,500,4,6,16,165008546,0.85,4,1
"sub.6153",-1157.58487990934,-1157.58487990934,1,1,1,1,1,1,1,1,500,4,7,16,165008547,0.85,4,1
"sub.7153",-1193.91477103352,-1193.91477103352,2,2,1,2,2,2,1,2,500,4,8,16,165008548,0.85,4,1
"sub.8153",-1131.13451489063,-1131.13451489063,1,1,1,2,1,1,1,2,500,4,9,16,165008549,0.85,4,1
"sub.9153",-1171.634888202,-1171.634888202,1,1,2,1,1,1,2,1,500,4,10,16,1650085410,0.85,4,1
"sub.10153",-1224.05017980017,-1224.05017980017,2,2,1,1,2,2,1,1,500,4,11,16,1650085411,0.85,4,1
"sub.11192",-1167.52605719634,-1167.52605719634,2,1,2,1,2,1,2,1,500,4,12,16,1650085412,0.85,4,1
"sub.12169",-1191.15092459327,-1191.15092459327,1,2,1,1,1,2,1,1,500,4,13,16,1650085413,0.85,4,1
"sub.13156",-1237.44750144275,-1237.44750144275,1,2,3,2,1,2,3,2,500,4,14,16,1650085414,0.85,4,1
"sub.14153",-1233.52044699147,-1233.52044699147,1,2,3,1,1,2,3,1,500,4,15,16,1650085415,0.85,4,1
"sub.15153",-1126.50972468263,-1126.50972468263,1,1,1,1,1,1,1,1,500,4,16,16,1650085416,0.85,4,1
"sub.16153",-1150.37837512466,-1150.37837512466,1,1,1,1,1,1,1,1,500,4,17,16,1650085417,0.85,4,1
"sub.17153",-1205.69311920739,-1205.69311920739,1,2,2,2,1,2,2,2,500,4,18,16,1650085418,0.85,4,1
"sub.18153",-1183.02732077413,-1183.02732077413,1,1,2,2,1,1,2,2,500,4,19,16,1650085419,0.85,4,1
"sub.19153",-1197.17041453802,-1197.17041453802,1,1,2,2,1,1,2,2,500,4,20,16,1650085420,0.85,4,1
"sub154",-1116.80819125288,-1116.80819125288,1,1,1,1,1,1,1,1,500,4,1,17,175008541,0.85,4,1
"sub.1906",-1219.44028969647,-1219.44028969647,1,2,3,1,1,2,3,1,500,4,2,17,175008542,0.85,4,1
"sub.2154",-1215.29593359095,-1215.29593359095,2,3,4,1,2,3,4,1,500,4,3,17,175008543,0.85,4,1
"sub.3154",-1184.48941903633,-1184.48941903633,2,3,1,2,2,3,1,2,500,4,4,17,175008544,0.85,4,1
"sub.4154",-1235.4321727733,-1235.4321727733,1,2,2,3,1,2,2,3,500,4,5,17,175008545,0.85,4,1
"sub.5154",-1189.93802981586,-1189.93802981586,1,1,2,1,1,1,2,1,500,4,6,17,175008546,0.85,4,1
"sub.6154",-1183.02102687156,-1183.02102687156,1,1,2,2,1,1,2,2,500,4,7,17,175008547,0.85,4,1
"sub.7154",-1149.44725226702,-1149.44725226702,1,1,1,1,1,1,1,1,500,4,8,17,175008548,0.85,4,1
"sub.8154",-1172.27793107623,-1172.27793107623,1,1,1,2,1,1,1,2,500,4,9,17,175008549,0.85,4,1
"sub.9154",-1199.67562038123,-1199.67562038123,1,1,2,3,1,1,2,3,500,4,10,17,1750085410,0.85,4,1
"sub.10154",-1225.50194061663,-1225.50194061663,1,3,2,3,1,3,2,3,500,4,11,17,1750085411,0.85,4,1
"sub.11193",-1195.67738186373,-1195.67738186373,2,1,2,1,2,1,2,1,500,4,12,17,1750085412,0.85,4,1
"sub.12170",-1210.21801083433,-1210.21801083433,3,1,3,2,3,1,3,2,500,4,13,17,1750085413,0.85,4,1
"sub.13157",-1175.70220932407,-1175.70220932407,1,1,1,2,1,1,1,2,500,4,14,17,1750085414,0.85,4,1
"sub.14154",-1179.76283058032,-1179.76283058032,1,2,2,2,1,2,2,2,500,4,15,17,1750085415,0.85,4,1
"sub.15154",-1191.35660692311,-1191.35660692311,3,3,2,1,3,3,2,1,500,4,16,17,1750085416,0.85,4,1
"sub.16154",-1238.04568836374,-1238.04568836374,4,1,2,3,4,1,2,3,500,4,17,17,1750085417,0.85,4,1
"sub.17154",-1181.26872188293,-1181.26872188293,3,1,2,3,3,1,2,3,500,4,18,17,1750085418,0.85,4,1
"sub.18154",-1196.60189644702,-1196.60189644702,2,1,2,2,2,1,2,2,500,4,19,17,1750085419,0.85,4,1
"sub.19154",-1240.2146446179,-1240.2146446179,3,1,4,2,3,1,4,2,500,4,20,17,1750085420,0.85,4,1
"sub155",-1217.15580296403,-1217.15580296403,2,1,4,3,2,1,4,3,500,4,1,18,185008541,0.85,2,2
"sub.1907",-1201.91128998381,-1201.91128998381,1,2,3,3,1,2,3,3,500,4,2,18,185008542,0.85,2,2
"sub.2155",-1180.64928996726,-1180.64928996726,2,2,1,2,2,2,1,2,500,4,3,18,185008543,0.85,2,2
"sub.3155",-1215.36175258237,-1215.36175258237,3,1,2,1,3,1,2,1,500,4,4,18,185008544,0.85,2,2
"sub.4155",-1215.66059524222,-1215.66059524222,3,1,2,1,3,1,2,1,500,4,5,18,185008545,0.85,2,2
"sub.5155",-1239.80646100226,-1239.80646100226,2,3,4,1,2,3,4,1,500,4,6,18,185008546,0.85,2,2
"sub.6155",-1201.67625997649,-1201.67625997649,2,3,4,1,2,3,4,1,500,4,7,18,185008547,0.85,2,2
"sub.7155",-1113.30983360205,-1113.30983360205,1,1,1,1,1,1,1,1,500,4,8,18,185008548,0.85,2,2
"sub.8155",-1203.23217364938,-1203.23217364938,1,2,4,3,1,2,4,3,500,4,9,18,185008549,0.85,2,2
"sub.9155",-1194.10399726853,-1194.10399726853,2,4,3,1,2,4,3,1,500,4,10,18,1850085410,0.85,2,2
"sub.10155",-1165.73801371827,-1165.73801371827,2,1,2,2,2,1,2,2,500,4,11,18,1850085411,0.85,2,2
"sub.11194",-1190.66802962146,-1190.66802962146,1,1,3,2,1,1,3,2,500,4,12,18,1850085412,0.85,2,2
"sub.12171",-1198.35354523452,-1198.35354523452,1,2,2,1,1,2,2,1,500,4,13,18,1850085413,0.85,2,2
"sub.13158",-1175.51054647013,-1175.51054647013,1,1,1,2,1,1,1,2,500,4,14,18,1850085414,0.85,2,2
"sub.14155",-1140.52174926673,-1140.52174926673,1,2,2,2,1,2,2,2,500,4,15,18,1850085415,0.85,2,2
"sub.15155",-1107.84433549443,-1107.84433549443,1,1,1,1,1,1,1,1,500,4,16,18,1850085416,0.85,2,2
"sub.16155",-1133.03099916678,-1133.03099916678,1,1,1,1,1,1,1,1,500,4,17,18,1850085417,0.85,2,2
"sub.17155",-1164.51338083197,-1164.51338083197,1,1,1,2,1,1,1,2,500,4,18,18,1850085418,0.85,2,2
"sub.18155",-1191.91539116911,-1191.91539116911,1,1,2,2,1,1,2,2,500,4,19,18,1850085419,0.85,2,2
"sub.19155",-1174.90932155479,-1174.90932155479,2,2,1,2,2,2,1,2,500,4,20,18,1850085420,0.85,2,2
"sub156",-1223.27631765114,-1223.27631765114,3,4,1,2,3,4,1,2,500,4,1,19,195008541,0.85,3,2
"sub.1908",-1206.42442960527,-1206.42442960527,2,1,2,2,2,1,2,2,500,4,2,19,195008542,0.85,3,2
"sub.2156",-1176.20471512322,-1176.20471512322,2,1,2,2,2,1,2,2,500,4,3,19,195008543,0.85,3,2
"sub.3156",-1185.9491280718,-1185.9491280718,1,3,2,3,1,3,2,3,500,4,4,19,195008544,0.85,3,2
"sub.4156",-1149.7984281376,-1149.7984281376,1,1,1,2,1,1,1,2,500,4,5,19,195008545,0.85,3,2
"sub.5156",-1185.99782357737,-1185.99782357737,1,2,2,1,1,2,2,1,500,4,6,19,195008546,0.85,3,2
"sub.6156",-1188.26084839053,-1188.26084839053,2,3,1,3,2,3,1,3,500,4,7,19,195008547,0.85,3,2
"sub.7156",-1156.1845574252,-1156.1845574252,1,1,1,2,1,1,1,2,500,4,8,19,195008548,0.85,3,2
"sub.8156",-1211.26898410942,-1211.26898410942,1,3,2,2,1,3,2,2,500,4,9,19,195008549,0.85,3,2
"sub.9156",-1215.53820161113,-1215.53820161113,2,3,1,2,2,3,1,2,500,4,10,19,1950085410,0.85,3,2
"sub.10156",-1168.4287036049,-1168.4287036049,2,2,1,2,2,2,1,2,500,4,11,19,1950085411,0.85,3,2
"sub.11195",-1213.11543236897,-1213.11543236897,1,2,2,3,1,2,2,3,500,4,12,19,1950085412,0.85,3,2
"sub.12172",-1215.53825960901,-1215.53825960901,4,3,1,2,4,3,1,2,500,4,13,19,1950085413,0.85,3,2
"sub.13159",-1162.89303590469,-1162.89303590469,1,1,1,1,1,1,1,1,500,4,14,19,1950085414,0.85,3,2
"sub.14156",-1197.39814611487,-1197.39814611487,1,2,1,3,1,2,1,3,500,4,15,19,1950085415,0.85,3,2
"sub.15156",-1157.58487990934,-1157.58487990934,1,1,1,1,1,1,1,1,500,4,16,19,1950085416,0.85,3,2
"sub.16156",-1105.11975858897,-1105.11975858897,1,1,1,1,1,1,1,1,500,4,17,19,1950085417,0.85,3,2
"sub.17156",-1110.81480495699,-1110.81480495699,1,1,1,1,1,1,1,1,500,4,18,19,1950085418,0.85,3,2
"sub.18156",-1201.12212603348,-1201.12212603348,1,2,1,2,1,2,1,2,500,4,19,19,1950085419,0.85,3,2
"sub.19156",-1212.58308152901,-1212.58308152901,2,1,1,2,2,1,1,2,500,4,20,19,1950085420,0.85,3,2
"sub157",-1209.92886334369,-1209.92886334369,1,1,2,1,1,1,2,1,500,4,1,2,25008541,0.85,2,2
"sub.1909",-1248.86404131734,-1248.86404131734,2,3,1,2,2,3,1,2,500,4,2,2,25008542,0.85,2,2
"sub.2157",-1168.79002533354,-1168.79002533354,1,2,2,2,1,2,2,2,500,4,3,2,25008543,0.85,2,2
"sub.3157",-1144.04869285763,-1144.04869285763,1,1,2,2,1,1,2,2,500,4,4,2,25008544,0.85,2,2
"sub.4157",-1205.30377612756,-1205.30377612756,2,2,2,1,2,2,2,1,500,4,5,2,25008545,0.85,2,2
"sub.5157",-1157.391434723,-1157.391434723,1,1,1,1,1,1,1,1,500,4,6,2,25008546,0.85,2,2
"sub.6157",-1209.06781612505,-1209.06781612505,1,1,2,3,1,1,2,3,500,4,7,2,25008547,0.85,2,2
"sub.7157",-1106.33287707777,-1106.33287707777,1,1,1,1,1,1,1,1,500,4,8,2,25008548,0.85,2,2
"sub.8157",-1159.81281647521,-1159.81281647521,1,1,1,2,1,1,1,2,500,4,9,2,25008549,0.85,2,2
"sub.9157",-1175.17192621023,-1175.17192621023,2,1,1,2,2,1,1,2,500,4,10,2,250085410,0.85,2,2
"sub.10157",-1182.57642171801,-1182.57642171801,2,1,3,3,2,1,3,3,500,4,11,2,250085411,0.85,2,2
"sub.11196",-1190.79033388639,-1190.79033388639,1,2,3,3,1,2,3,3,500,4,12,2,250085412,0.85,2,2
"sub.12173",-1131.95887849356,-1131.95887849356,1,1,1,1,1,1,1,1,500,4,13,2,250085413,0.85,2,2
"sub.13160",-1180.89862066051,-1180.89862066051,1,2,1,1,1,2,1,1,500,4,14,2,250085414,0.85,2,2
"sub.14157",-1190.58060037935,-1190.58060037935,1,2,3,1,1,2,3,1,500,4,15,2,250085415,0.85,2,2
"sub.15157",-1176.94897924609,-1176.94897924609,1,2,1,2,1,2,1,2,500,4,16,2,250085416,0.85,2,2
"sub.16157",-1195.08263853662,-1195.08263853662,2,2,2,1,2,2,2,1,500,4,17,2,250085417,0.85,2,2
"sub.17157",-1247.68426579839,-1247.68426579839,1,3,2,2,1,3,2,2,500,4,18,2,250085418,0.85,2,2
"sub.18157",-1236.94608192531,-1236.94608192531,3,1,2,4,3,1,2,4,500,4,19,2,250085419,0.85,2,2
"sub.19157",-1200.13445430212,-1200.13445430212,1,2,1,2,1,2,1,2,500,4,20,2,250085420,0.85,2,2
"sub158",-1189.28975036785,-1189.28975036785,2,2,1,2,2,2,1,2,500,4,1,20,205008541,0.85,3,2
"sub.11000",-1218.04003319835,-1218.04003319835,1,3,2,4,1,3,2,4,500,4,2,20,205008542,0.85,3,2
"sub.2158",-1219.28601035216,-1219.28601035216,2,3,4,1,2,3,4,1,500,4,3,20,205008543,0.85,3,2
"sub.3158",-1173.59103941997,-1173.59103941997,1,2,1,1,1,2,1,1,500,4,4,20,205008544,0.85,3,2
"sub.4158",-1154.36225311362,-1154.36225311362,2,1,1,2,2,1,1,2,500,4,5,20,205008545,0.85,3,2
"sub.5158",-1240.26464175838,-1240.26464175838,1,3,2,1,1,3,2,1,500,4,6,20,205008546,0.85,3,2
"sub.6158",-1152.30813739316,-1152.30813739316,1,1,1,2,1,1,1,2,500,4,7,20,205008547,0.85,3,2
"sub.7158",-1162.3528864367,-1162.3528864367,1,2,2,2,1,2,2,2,500,4,8,20,205008548,0.85,3,2
"sub.8158",-1182.56987527456,-1182.56987527456,1,2,3,3,1,2,3,3,500,4,9,20,205008549,0.85,3,2
"sub.9158",-1185.94225054082,-1185.94225054082,2,3,1,3,2,3,1,3,500,4,10,20,2050085410,0.85,3,2
"sub.10158",-1221.03392009504,-1221.03392009504,1,2,3,1,1,2,3,1,500,4,11,20,2050085411,0.85,3,2
"sub.11197",-1169.94309322786,-1169.94309322786,1,2,1,1,1,2,1,1,500,4,12,20,2050085412,0.85,3,2
"sub.12174",-1187.98955555919,-1187.98955555919,1,1,2,2,1,1,2,2,500,4,13,20,2050085413,0.85,3,2
"sub.13161",-1212.84456317703,-1212.84456317703,1,2,1,2,1,2,1,2,500,4,14,20,2050085414,0.85,3,2
"sub.14158",-1088.07072255895,-1088.07072255895,1,1,1,1,1,1,1,1,500,4,15,20,2050085415,0.85,3,2
"sub.15158",-1193.69423629046,-1193.69423629046,3,2,1,3,3,2,1,3,500,4,16,20,2050085416,0.85,3,2
"sub.16158",-1244.4898644803,-1244.4898644803,3,1,2,2,3,1,2,2,500,4,17,20,2050085417,0.85,3,2
"sub.17158",-1249.57006204583,-1249.57006204583,3,4,1,2,3,4,1,2,500,4,18,20,2050085418,0.85,3,2
"sub.18158",-1196.49822863186,-1196.49822863186,1,3,1,2,1,3,1,2,500,4,19,20,2050085419,0.85,3,2
"sub.19158",-1207.78815221876,-1207.78815221876,3,1,2,1,3,1,2,1,500,4,20,20,2050085420,0.85,3,2
"sub159",-1128.93596166023,-1128.93596166023,1,1,1,1,1,1,1,1,500,4,1,3,35008541,0.85,3,2
"sub.11001",-1190.76932401199,-1190.76932401199,2,1,2,1,2,1,2,1,500,4,2,3,35008542,0.85,3,2
"sub.2159",-1179.54788244447,-1179.54788244447,1,1,2,1,1,1,2,1,500,4,3,3,35008543,0.85,3,2
"sub.3159",-1218.41411776428,-1218.41411776428,1,2,1,3,1,2,1,3,500,4,4,3,35008544,0.85,3,2
"sub.4159",-1176.02288749736,-1176.02288749736,1,2,1,3,1,2,1,3,500,4,5,3,35008545,0.85,3,2
"sub.5159",-1189.35151654882,-1189.35151654882,3,1,1,2,3,1,1,2,500,4,6,3,35008546,0.85,3,2
"sub.6159",-1253.59573917681,-1253.59573917681,2,1,4,3,2,1,4,3,500,4,7,3,35008547,0.85,3,2
"sub.7159",-1215.18435320581,-1215.18435320581,3,2,2,1,3,2,2,1,500,4,8,3,35008548,0.85,3,2
"sub.8159",-1203.10016270331,-1203.10016270331,1,2,2,3,1,2,2,3,500,4,9,3,35008549,0.85,3,2
"sub.9159",-1196.97615543978,-1196.97615543978,1,2,2,1,1,2,2,1,500,4,10,3,350085410,0.85,3,2
"sub.10159",-1178.34470479621,-1178.34470479621,3,1,1,2,3,1,1,2,500,4,11,3,350085411,0.85,3,2
"sub.11198",-1191.92454275848,-1191.92454275848,2,1,2,2,2,1,2,2,500,4,12,3,350085412,0.85,3,2
"sub.12175",-1203.9571956165,-1203.9571956165,1,2,1,3,1,2,1,3,500,4,13,3,350085413,0.85,3,2
"sub.13162",-1188.30379702034,-1188.30379702034,2,1,2,2,2,1,2,2,500,4,14,3,350085414,0.85,3,2
"sub.14159",-1205.05179923589,-1205.05179923589,1,1,2,2,1,1,2,2,500,4,15,3,350085415,0.85,3,2
"sub.15159",-1141.11617943835,-1141.11617943835,1,1,1,1,1,1,1,1,500,4,16,3,350085416,0.85,3,2
"sub.16159",-1200.5522506471,-1200.5522506471,2,1,1,2,2,1,1,2,500,4,17,3,350085417,0.85,3,2
"sub.17159",-1194.14271635599,-1194.14271635599,2,3,1,3,2,3,1,3,500,4,18,3,350085418,0.85,3,2
"sub.18159",-1186.39125372824,-1186.39125372824,1,1,1,2,1,1,1,2,500,4,19,3,350085419,0.85,3,2
"sub.19159",-1199.51522409444,-1199.51522409444,1,2,2,1,1,2,2,1,500,4,20,3,350085420,0.85,3,2
"sub160",-1171.77872716204,-1171.77872716204,1,1,1,2,1,1,1,2,500,4,1,4,45008541,0.85,4,1
"sub.11002",-1201.33630996884,-1201.33630996884,1,3,4,2,1,3,4,2,500,4,2,4,45008542,0.85,4,1
"sub.2160",-1208.06050468575,-1208.06050468575,3,1,2,2,3,1,2,2,500,4,3,4,45008543,0.85,4,1
"sub.3160",-1180.38949986769,-1180.38949986769,1,2,1,2,1,2,1,2,500,4,4,4,45008544,0.85,4,1
"sub.4160",-1188.01386401943,-1188.01386401943,1,1,1,2,1,1,1,2,500,4,5,4,45008545,0.85,4,1
"sub.5160",-1233.31485211018,-1233.31485211018,2,3,2,1,2,3,2,1,500,4,6,4,45008546,0.85,4,1
"sub.6160",-1234.95533272019,-1234.95533272019,1,2,3,2,1,2,3,2,500,4,7,4,45008547,0.85,4,1
"sub.7160",-1211.05215834357,-1211.05215834357,1,3,3,2,1,3,3,2,500,4,8,4,45008548,0.85,4,1
"sub.8160",-1206.42941615218,-1206.42941615218,2,4,1,3,2,4,1,3,500,4,9,4,45008549,0.85,4,1
"sub.9160",-1210.8071505605,-1210.8071505605,1,2,2,1,1,2,2,1,500,4,10,4,450085410,0.85,4,1
"sub.10160",-1208.54926891577,-1208.54926891577,3,1,1,2,3,1,1,2,500,4,11,4,450085411,0.85,4,1
"sub.11199",-1172.64690313873,-1172.64690313873,3,3,1,2,3,3,1,2,500,4,12,4,450085412,0.85,4,1
"sub.12176",-1177.56949346212,-1177.56949346212,1,2,2,2,1,2,2,2,500,4,13,4,450085413,0.85,4,1
"sub.13163",-1181.40826210216,-1181.40826210216,1,1,1,2,1,1,1,2,500,4,14,4,450085414,0.85,4,1
"sub.14160",-1187.91071657432,-1187.91071657432,1,1,2,2,1,1,2,2,500,4,15,4,450085415,0.85,4,1
"sub.15160",-1163.63432829742,-1163.63432829742,2,1,2,2,2,1,2,2,500,4,16,4,450085416,0.85,4,1
"sub.16160",-1241.57364702417,-1241.57364702417,1,1,2,3,1,1,2,3,500,4,17,4,450085417,0.85,4,1
"sub.17160",-1209.38176942036,-1209.38176942036,2,1,2,3,2,1,2,3,500,4,18,4,450085418,0.85,4,1
"sub.18160",-1156.12586886344,-1156.12586886344,1,1,1,1,1,1,1,1,500,4,19,4,450085419,0.85,4,1
"sub.19160",-1224.60827643263,-1224.60827643263,2,3,2,1,2,3,2,1,500,4,20,4,450085420,0.85,4,1
"sub161",-1208.3232142208,-1208.3232142208,2,3,1,2,2,3,1,2,500,4,1,5,55008541,0.85,2,3
"sub.11003",-1185.64138151265,-1185.64138151265,1,1,1,2,1,1,1,2,500,4,2,5,55008542,0.85,2,3
"sub.2161",-1152.60976015982,-1152.60976015982,1,2,1,2,1,2,1,2,500,4,3,5,55008543,0.85,2,3
"sub.3161",-1135.22768788398,-1135.22768788398,1,1,1,1,1,1,1,1,500,4,4,5,55008544,0.85,2,3
"sub.4161",-1114.08361434742,-1114.08361434742,1,1,1,1,1,1,1,1,500,4,5,5,55008545,0.85,2,3
"sub.5161",-1211.81539452181,-1211.81539452181,2,2,1,2,2,2,1,2,500,4,6,5,55008546,0.85,2,3
"sub.6161",-1214.77274030028,-1214.77274030028,1,3,2,2,1,3,2,2,500,4,7,5,55008547,0.85,2,3
"sub.7161",-1227.6157559899,-1227.6157559899,1,2,3,3,1,2,3,3,500,4,8,5,55008548,0.85,2,3
"sub.8161",-1195.22161633254,-1195.22161633254,1,2,1,1,1,2,1,1,500,4,9,5,55008549,0.85,2,3
"sub.9161",-1219.6371837547,-1219.6371837547,1,3,4,2,1,3,4,2,500,4,10,5,550085410,0.85,2,3
"sub.10161",-1194.17295734472,-1194.17295734472,1,2,2,2,1,2,2,2,500,4,11,5,550085411,0.85,2,3
"sub.11200",-1208.82126679842,-1208.82126679842,1,2,3,2,1,2,3,2,500,4,12,5,550085412,0.85,2,3
"sub.12177",-1220.3605979406,-1220.3605979406,4,2,1,3,4,2,1,3,500,4,13,5,550085413,0.85,2,3
"sub.13164",-1204.52241441408,-1204.52241441408,1,2,2,2,1,2,2,2,500,4,14,5,550085414,0.85,2,3
"sub.14161",-1196.75815523272,-1196.75815523272,1,2,3,3,1,2,3,3,500,4,15,5,550085415,0.85,2,3
"sub.15161",-1214.49338674286,-1214.49338674286,3,1,3,2,3,1,3,2,500,4,16,5,550085416,0.85,2,3
"sub.16161",-1156.75865179322,-1156.75865179322,1,1,1,1,1,1,1,1,500,4,17,5,550085417,0.85,2,3
"sub.17161",-1194.23172975779,-1194.23172975779,1,2,1,1,1,2,1,1,500,4,18,5,550085418,0.85,2,3
"sub.18161",-1192.72270489923,-1192.72270489923,1,2,3,3,1,2,3,3,500,4,19,5,550085419,0.85,2,3
"sub.19161",-1201.79608444771,-1201.79608444771,2,3,3,1,2,3,3,1,500,4,20,5,550085420,0.85,2,3
"sub162",-1122.85402491953,-1122.85402491953,1,1,1,1,1,1,1,1,500,4,1,6,65008541,0.85,3,2
"sub.11004",-1209.78122175897,-1209.78122175897,3,2,1,1,3,2,1,1,500,4,2,6,65008542,0.85,3,2
"sub.2162",-1170.8450928801,-1170.8450928801,2,2,1,2,2,2,1,2,500,4,3,6,65008543,0.85,3,2
"sub.3162",-1212.1383727191,-1212.1383727191,2,3,1,1,2,3,1,1,500,4,4,6,65008544,0.85,3,2
"sub.4162",-1205.41463108082,-1205.41463108082,2,1,2,2,2,1,2,2,500,4,5,6,65008545,0.85,3,2
"sub.5162",-1216.22923372209,-1216.22923372209,4,2,3,1,4,2,3,1,500,4,6,6,65008546,0.85,3,2
"sub.6162",-1173.11281586451,-1173.11281586451,1,2,1,1,1,2,1,1,500,4,7,6,65008547,0.85,3,2
"sub.7162",-1173.97671240311,-1173.97671240311,1,2,1,3,1,2,1,3,500,4,8,6,65008548,0.85,3,2
"sub.8162",-1219.01253879544,-1219.01253879544,2,4,1,3,2,4,1,3,500,4,9,6,65008549,0.85,3,2
"sub.9162",-1105.94598670509,-1105.94598670509,1,1,1,1,1,1,1,1,500,4,10,6,650085410,0.85,3,2
"sub.10162",-1208.16592680516,-1208.16592680516,1,4,3,2,1,4,3,2,500,4,11,6,650085411,0.85,3,2
"sub.11201",-1151.94916705289,-1151.94916705289,1,1,1,2,1,1,1,2,500,4,12,6,650085412,0.85,3,2
"sub.12178",-1192.15353386265,-1192.15353386265,2,3,1,3,2,3,1,3,500,4,13,6,650085413,0.85,3,2
"sub.13165",-1167.98946159928,-1167.98946159928,1,2,1,1,1,2,1,1,500,4,14,6,650085414,0.85,3,2
"sub.14162",-1242.81083399896,-1242.81083399896,1,2,3,2,1,2,3,2,500,4,15,6,650085415,0.85,3,2
"sub.15162",-1185.94758653794,-1185.94758653794,1,3,2,3,1,3,2,3,500,4,16,6,650085416,0.85,3,2
"sub.16162",-1236.13723770598,-1236.13723770598,1,2,3,4,1,2,3,4,500,4,17,6,650085417,0.85,3,2
"sub.17162",-1204.323694354,-1204.323694354,1,3,3,2,1,3,3,2,500,4,18,6,650085418,0.85,3,2
"sub.18162",-1168.70096901278,-1168.70096901278,2,3,1,3,2,3,1,3,500,4,19,6,650085419,0.85,3,2
"sub.19162",-1102.09684175564,-1102.09684175564,1,1,1,1,1,1,1,1,500,4,20,6,650085420,0.85,3,2
"sub163",-1134.3490123971,-1134.3490123971,1,1,1,1,1,1,1,1,500,4,1,7,75008541,0.85,3,2
"sub.11005",-1197.15302112858,-1197.15302112858,2,2,2,1,2,2,2,1,500,4,2,7,75008542,0.85,3,2
"sub.2163",-1183.13972885776,-1183.13972885776,2,1,1,3,2,1,1,3,500,4,3,7,75008543,0.85,3,2
"sub.3163",-1241.52414862558,-1241.52414862558,1,2,2,3,1,2,2,3,500,4,4,7,75008544,0.85,3,2
"sub.4163",-1180.76574353335,-1180.76574353335,1,2,1,2,1,2,1,2,500,4,5,7,75008545,0.85,3,2
"sub.5163",-1204.37498917843,-1204.37498917843,2,3,1,2,2,3,1,2,500,4,6,7,75008546,0.85,3,2
"sub.6163",-1120.85078138866,-1120.85078138866,1,1,1,1,1,1,1,1,500,4,7,7,75008547,0.85,3,2
"sub.7163",-1153.10575869564,-1153.10575869564,2,2,1,2,2,2,1,2,500,4,8,7,75008548,0.85,3,2
"sub.8163",-1194.00834791159,-1194.00834791159,2,1,3,1,2,1,3,1,500,4,9,7,75008549,0.85,3,2
"sub.9163",-1190.32514917796,-1190.32514917796,1,1,1,2,1,1,1,2,500,4,10,7,750085410,0.85,3,2
"sub.10163",-1244.35156113088,-1244.35156113088,1,2,3,3,1,2,3,3,500,4,11,7,750085411,0.85,3,2
"sub.11202",-1196.26768465671,-1196.26768465671,2,1,3,2,2,1,3,2,500,4,12,7,750085412,0.85,3,2
"sub.12179",-1209.93177601853,-1209.93177601853,1,3,2,1,1,3,2,1,500,4,13,7,750085413,0.85,3,2
"sub.13166",-1222.08796583423,-1222.08796583423,1,3,3,2,1,3,3,2,500,4,14,7,750085414,0.85,3,2
"sub.14163",-1222.43537414777,-1222.43537414777,2,1,2,3,2,1,2,3,500,4,15,7,750085415,0.85,3,2
"sub.15163",-1173.094867795,-1173.094867795,1,3,2,3,1,3,2,3,500,4,16,7,750085416,0.85,3,2
"sub.16163",-1138.39160253288,-1138.39160253288,1,1,1,1,1,1,1,1,500,4,17,7,750085417,0.85,3,2
"sub.17163",-1203.23277141004,-1203.23277141004,2,1,2,3,2,1,2,3,500,4,18,7,750085418,0.85,3,2
"sub.18163",-1191.82477639609,-1191.82477639609,1,1,2,1,1,1,2,1,500,4,19,7,750085419,0.85,3,2
"sub.19163",-1165.65153006682,-1165.65153006682,1,2,1,1,1,2,1,1,500,4,20,7,750085420,0.85,3,2
"sub164",-1218.08973100419,-1218.08973100419,3,2,4,1,3,2,4,1,500,4,1,8,85008541,0.85,3,2
"sub.11006",-1179.75653661934,-1179.75653661934,2,3,1,3,2,3,1,3,500,4,2,8,85008542,0.85,3,2
"sub.2164",-1187.0916216265,-1187.0916216265,1,1,2,3,1,1,2,3,500,4,3,8,85008543,0.85,3,2
"sub.3164",-1157.47181025461,-1157.47181025461,2,2,1,2,2,2,1,2,500,4,4,8,85008544,0.85,3,2
"sub.4164",-1218.44625128039,-1218.44625128039,2,3,1,3,2,3,1,3,500,4,5,8,85008545,0.85,3,2
"sub.5164",-1242.30140114294,-1242.30140114294,2,4,1,3,2,4,1,3,500,4,6,8,85008546,0.85,3,2
"sub.6164",-1214.82916383493,-1214.82916383493,2,1,3,1,2,1,3,1,500,4,7,8,85008547,0.85,3,2
"sub.7164",-1204.21503101666,-1204.21503101666,2,3,1,1,2,3,1,1,500,4,8,8,85008548,0.85,3,2
"sub.8164",-1248.7967345694,-1248.7967345694,1,2,1,3,1,2,1,3,500,4,9,8,85008549,0.85,3,2
"sub.9164",-1229.87450436197,-1229.87450436197,1,3,2,2,1,3,2,2,500,4,10,8,850085410,0.85,3,2
"sub.10164",-1210.82525499368,-1210.82525499368,2,3,2,1,2,3,2,1,500,4,11,8,850085411,0.85,3,2
"sub.11203",-1182.54592771715,-1182.54592771715,1,3,2,2,1,3,2,2,500,4,12,8,850085412,0.85,3,2
"sub.12180",-1173.72830149203,-1173.72830149203,2,2,1,2,2,2,1,2,500,4,13,8,850085413,0.85,3,2
"sub.13167",-1197.921926843,-1197.921926843,1,3,1,2,1,3,1,2,500,4,14,8,850085414,0.85,3,2
"sub.14164",-1250.84569235323,-1250.84569235323,2,3,1,4,2,3,1,4,500,4,15,8,850085415,0.85,3,2
"sub.15164",-1231.11413563014,-1231.11413563014,1,2,1,2,1,2,1,2,500,4,16,8,850085416,0.85,3,2
"sub.16164",-1180.34224571822,-1180.34224571822,1,1,2,1,1,1,2,1,500,4,17,8,850085417,0.85,3,2
"sub.17164",-1215.30780431684,-1215.30780431684,1,2,2,3,1,2,2,3,500,4,18,8,850085418,0.85,3,2
"sub.18164",-1105.99843407585,-1105.99843407585,1,1,1,1,1,1,1,1,500,4,19,8,850085419,0.85,3,2
"sub.19164",-1223.50690006221,-1223.50690006221,1,2,1,3,1,2,1,3,500,4,20,8,850085420,0.85,3,2
"sub165",-1136.82769674546,-1136.82769674546,1,1,1,1,1,1,1,1,500,4,1,9,95008541,0.85,2,3
"sub.11007",-1224.19414141523,-1224.19414141523,2,2,3,1,2,2,3,1,500,4,2,9,95008542,0.85,2,3
"sub.2165",-1205.33516150174,-1205.33516150174,1,2,2,1,1,2,2,1,500,4,3,9,95008543,0.85,2,3
"sub.3165",-1089.77562616195,-1089.77562616195,1,1,1,1,1,1,1,1,500,4,4,9,95008544,0.85,2,3
"sub.4165",-1201.2355485045,-1201.2355485045,1,2,1,3,1,2,1,3,500,4,5,9,95008545,0.85,2,3
"sub.5165",-1201.77429618477,-1201.77429618477,1,2,1,1,1,2,1,1,500,4,6,9,95008546,0.85,2,3
"sub.6165",-1221.09163028751,-1221.09163028751,2,1,2,3,2,1,2,3,500,4,7,9,95008547,0.85,2,3
"sub.7165",-1234.28594762934,-1234.28594762934,1,3,2,2,1,3,2,2,500,4,8,9,95008548,0.85,2,3
"sub.8165",-1162.8804119748,-1162.8804119748,1,2,2,2,1,2,2,2,500,4,9,9,95008549,0.85,2,3
"sub.9165",-1201.54704069185,-1201.54704069185,3,2,1,2,3,2,1,2,500,4,10,9,950085410,0.85,2,3
"sub.10165",-1180.75518325703,-1180.75518325703,2,1,1,2,2,1,1,2,500,4,11,9,950085411,0.85,2,3
"sub.11204",-1162.3611768449,-1162.3611768449,2,1,1,3,2,1,1,3,500,4,12,9,950085412,0.85,2,3
"sub.12181",-1206.21247999094,-1206.21247999094,3,2,3,1,3,2,3,1,500,4,13,9,950085413,0.85,2,3
"sub.13168",-1222.50429827498,-1222.50429827498,1,1,2,2,1,1,2,2,500,4,14,9,950085414,0.85,2,3
"sub.14165",-1207.70913627131,-1207.70913627131,1,2,2,3,1,2,2,3,500,4,15,9,950085415,0.85,2,3
"sub.15165",-1198.92614661606,-1198.92614661606,2,3,3,1,2,3,3,1,500,4,16,9,950085416,0.85,2,3
"sub.16165",-1154.22798002517,-1154.22798002517,1,2,2,2,1,2,2,2,500,4,17,9,950085417,0.85,2,3
"sub.17165",-1208.60331019121,-1208.60331019121,1,2,1,2,1,2,1,2,500,4,18,9,950085418,0.85,2,3
"sub.18165",-1191.85591190964,-1191.85591190964,1,3,2,1,1,3,2,1,500,4,19,9,950085419,0.85,2,3
"sub.19165",-1208.74558902151,-1208.74558902151,1,1,2,2,1,1,2,2,500,4,20,9,950085420,0.85,2,3
"sub166",-1022.07923366621,-1022.07923366621,3,2,1,4,3,2,1,4,500,4,1,1,15009541,0.95,3,2
"sub.11008",-889.510916577672,-889.510916577672,1,1,1,2,1,1,1,2,500,4,2,1,15009542,0.95,3,2
"sub.2166",-879.40911872206,-879.40911872206,1,2,2,2,1,2,2,2,500,4,3,1,15009543,0.95,3,2
"sub.3166",-981.605123889469,-981.605123889469,1,1,2,3,1,1,2,3,500,4,4,1,15009544,0.95,3,2
"sub.4166",-826.045412400651,-826.045412400651,1,1,2,1,1,1,2,1,500,4,5,1,15009545,0.95,3,2
"sub.5166",-715.474014005196,-715.474014005196,1,1,1,1,1,1,1,1,500,4,6,1,15009546,0.95,3,2
"sub.6166",-971.820953011815,-971.820953011815,1,3,2,1,1,3,2,1,500,4,7,1,15009547,0.95,3,2
"sub.7166",-767.927829851756,-767.927829851756,1,1,1,1,1,1,1,1,500,4,8,1,15009548,0.95,3,2
"sub.8166",-713.602337975865,-713.602337975865,1,1,1,1,1,1,1,1,500,4,9,1,15009549,0.95,3,2
"sub.9166",-970.903571897683,-970.903571897683,2,3,1,3,2,3,1,3,500,4,10,1,150095410,0.95,3,2
"sub.10166",-953.386368617802,-953.386368617802,1,3,3,2,1,3,3,2,500,4,11,1,150095411,0.95,3,2
"sub.11205",-722.923810508399,-722.923810508399,1,1,1,1,1,1,1,1,500,4,12,1,150095412,0.95,3,2
"sub.12182",-687.623645720345,-687.623645720345,1,1,1,1,1,1,1,1,500,4,13,1,150095413,0.95,3,2
"sub.13169",-1004.55594492929,-1004.55594492929,2,2,1,3,2,2,1,3,500,4,14,1,150095414,0.95,3,2
"sub.14166",-862.736299878594,-862.736299878594,1,2,2,2,1,2,2,2,500,4,15,1,150095415,0.95,3,2
"sub.15166",-836.586471743807,-836.586471743807,2,2,1,2,2,2,1,2,500,4,16,1,150095416,0.95,3,2
"sub.16166",-958.438207987164,-958.438207987164,1,1,2,3,1,1,2,3,500,4,17,1,150095417,0.95,3,2
"sub.17166",-956.054218179604,-956.054218179604,2,1,3,3,2,1,3,3,500,4,18,1,150095418,0.95,3,2
"sub.18166",-891.591828052824,-891.591828052824,1,1,1,2,1,1,1,2,500,4,19,1,150095419,0.95,3,2
"sub.19166",-969.415884226888,-969.415884226888,3,1,2,3,3,1,2,3,500,4,20,1,150095420,0.95,3,2
"sub167",-935.593657287955,-935.593657287955,1,1,2,1,1,1,2,1,500,4,1,10,105009541,0.95,2,3
"sub.11009",-929.269408255003,-929.269408255003,3,3,1,2,3,3,1,2,500,4,2,10,105009542,0.95,2,3
"sub.2167",-861.090686097537,-861.090686097537,1,1,2,1,1,1,2,1,500,4,3,10,105009543,0.95,2,3
"sub.3167",-972.497840268501,-972.497840268501,3,2,3,1,3,2,3,1,500,4,4,10,105009544,0.95,2,3
"sub.4167",-673.602866072228,-673.602866072228,1,1,1,1,1,1,1,1,500,4,5,10,105009545,0.95,2,3
"sub.5167",-957.67963141252,-957.67963141252,2,1,2,3,2,1,2,3,500,4,6,10,105009546,0.95,2,3
"sub.6167",-852.153117429083,-852.153117429083,2,2,1,2,2,2,1,2,500,4,7,10,105009547,0.95,2,3
"sub.7167",-953.091077683946,-953.091077683946,1,2,1,3,1,2,1,3,500,4,8,10,105009548,0.95,2,3
"sub.8167",-852.065492113145,-852.065492113145,1,2,1,1,1,2,1,1,500,4,9,10,105009549,0.95,2,3
"sub.9167",-887.349066923688,-887.349066923688,1,2,1,2,1,2,1,2,500,4,10,10,1050095410,0.95,2,3
"sub.10167",-889.197667519813,-889.197667519813,1,2,1,2,1,2,1,2,500,4,11,10,1050095411,0.95,2,3
"sub.11206",-965.358433070977,-965.358433070977,1,2,3,3,1,2,3,3,500,4,12,10,1050095412,0.95,2,3
"sub.12183",-1008.52719251324,-1008.52719251324,2,4,1,3,2,4,1,3,500,4,13,10,1050095413,0.95,2,3
"sub.13170",-864.210704241847,-864.210704241847,1,1,1,2,1,1,1,2,500,4,14,10,1050095414,0.95,2,3
"sub.14167",-865.902688602377,-865.902688602377,2,1,1,1,2,1,1,1,500,4,15,10,1050095415,0.95,2,3
"sub.15167",-891.881369311983,-891.881369311983,1,2,1,1,1,2,1,1,500,4,16,10,1050095416,0.95,2,3
"sub.16167",-1012.87240373592,-1012.87240373592,2,4,3,1,2,4,3,1,500,4,17,10,1050095417,0.95,2,3
"sub.17167",-901.961478734761,-901.961478734761,1,1,1,2,1,1,1,2,500,4,18,10,1050095418,0.95,2,3
"sub.18167",-872.250675352625,-872.250675352625,2,1,2,2,2,1,2,2,500,4,19,10,1050095419,0.95,2,3
"sub.19167",-697.823931611169,-697.823931611169,1,1,1,1,1,1,1,1,500,4,20,10,1050095420,0.95,2,3
"sub168",-961.205938848368,-961.205938848368,1,1,2,3,1,1,2,3,500,4,1,11,115009541,0.95,3,2
"sub.11010",-985.016543065967,-985.016543065967,1,1,2,3,1,1,2,3,500,4,2,11,115009542,0.95,3,2
"sub.2168",-984.353247099871,-984.353247099871,2,1,3,2,2,1,3,2,500,4,3,11,115009543,0.95,3,2
"sub.3168",-858.205642503608,-858.205642503608,2,1,2,2,2,1,2,2,500,4,4,11,115009544,0.95,3,2
"sub.4168",-860.891743429796,-860.891743429796,2,1,2,2,2,1,2,2,500,4,5,11,115009545,0.95,3,2
"sub.5168",-740.76508391381,-740.76508391381,1,1,1,1,1,1,1,1,500,4,6,11,115009546,0.95,3,2
"sub.6168",-943.032168260305,-943.032168260305,1,3,2,2,1,3,2,2,500,4,7,11,115009547,0.95,3,2
"sub.7168",-874.17019944749,-874.17019944749,2,2,1,2,2,2,1,2,500,4,8,11,115009548,0.95,3,2
"sub.8168",-925.53069007975,-925.53069007975,1,3,2,3,1,3,2,3,500,4,9,11,115009549,0.95,3,2
"sub.9168",-913.02877924486,-913.02877924486,2,3,1,3,2,3,1,3,500,4,10,11,1150095410,0.95,3,2
"sub.10168",-698.015122622553,-698.015122622553,1,1,1,1,1,1,1,1,500,4,11,11,1150095411,0.95,3,2
"sub.11207",-961.310254702837,-961.310254702837,1,3,2,3,1,3,2,3,500,4,12,11,1150095412,0.95,3,2
"sub.12184",-969.817265918846,-969.817265918846,2,1,3,2,2,1,3,2,500,4,13,11,1150095413,0.95,3,2
"sub.13171",-1016.45702261286,-1016.45702261286,2,3,1,4,2,3,1,4,500,4,14,11,1150095414,0.95,3,2
"sub.14168",-923.255827867373,-923.255827867373,1,1,2,2,1,1,2,2,500,4,15,11,1150095415,0.95,3,2
"sub.15168",-740.077461566905,-740.077461566905,1,1,1,1,1,1,1,1,500,4,16,11,1150095416,0.95,3,2
"sub.16168",-838.460586814499,-838.460586814499,1,1,1,2,1,1,1,2,500,4,17,11,1150095417,0.95,3,2
"sub.17168",-897.857208131444,-897.857208131444,2,1,2,2,2,1,2,2,500,4,18,11,1150095418,0.95,3,2
"sub.18168",-877.28367243292,-877.28367243292,1,1,1,2,1,1,1,2,500,4,19,11,1150095419,0.95,3,2
"sub.19168",-948.408160695097,-948.408160695097,3,3,2,1,3,3,2,1,500,4,20,11,1150095420,0.95,3,2
"sub169",-953.656722270078,-953.656722270078,2,1,2,3,2,1,2,3,500,4,1,12,125009541,0.95,2,2
"sub.11011",-953.75745181398,-953.75745181398,2,1,3,3,2,1,3,3,500,4,2,12,125009542,0.95,2,2
"sub.2169",-979.904787482058,-979.904787482058,1,2,3,2,1,2,3,2,500,4,3,12,125009543,0.95,2,2
"sub.3169",-859.407195054496,-859.407195054496,1,2,2,1,1,2,2,1,500,4,4,12,125009544,0.95,2,2
"sub.4169",-1012.60323292599,-1012.60323292599,3,4,2,1,3,4,2,1,500,4,5,12,125009545,0.95,2,2
"sub.5169",-906.519410298612,-906.519410298612,1,2,3,3,1,2,3,3,500,4,6,12,125009546,0.95,2,2
"sub.6169",-711.157088912381,-711.157088912381,1,1,1,1,1,1,1,1,500,4,7,12,125009547,0.95,2,2
"sub.7169",-967.675306796533,-967.675306796533,1,3,2,2,1,3,2,2,500,4,8,12,125009548,0.95,2,2
"sub.8169",-874.048900328525,-874.048900328525,1,1,2,2,1,1,2,2,500,4,9,12,125009549,0.95,2,2
"sub.9169",-878.391922539391,-878.391922539391,1,2,2,2,1,2,2,2,500,4,10,12,1250095410,0.95,2,2
"sub.10169",-1017.39743019623,-1017.39743019623,1,3,4,2,1,3,4,2,500,4,11,12,1250095411,0.95,2,2
"sub.11208",-827.96419559508,-827.96419559508,1,1,1,2,1,1,1,2,500,4,12,12,1250095412,0.95,2,2
"sub.12185",-1012.87516628484,-1012.87516628484,2,2,3,1,2,2,3,1,500,4,13,12,1250095413,0.95,2,2
"sub.13172",-900.0208486633,-900.0208486633,1,2,1,1,1,2,1,1,500,4,14,12,1250095414,0.95,2,2
"sub.14169",-865.820593595335,-865.820593595335,1,1,1,2,1,1,1,2,500,4,15,12,1250095415,0.95,2,2
"sub.15169",-1018.74866189434,-1018.74866189434,1,2,3,4,1,2,3,4,500,4,16,12,1250095416,0.95,2,2
"sub.16169",-926.559688388756,-926.559688388756,1,3,2,3,1,3,2,3,500,4,17,12,1250095417,0.95,2,2
"sub.17169",-988.301337427618,-988.301337427618,1,2,3,3,1,2,3,3,500,4,18,12,1250095418,0.95,2,2
"sub.18169",-886.307420221359,-886.307420221359,1,2,2,2,1,2,2,2,500,4,19,12,1250095419,0.95,2,2
"sub.19169",-968.348606325972,-968.348606325972,1,2,2,3,1,2,2,3,500,4,20,12,1250095420,0.95,2,2
"sub170",-959.360615369928,-959.360615369928,2,3,1,2,2,3,1,2,500,4,1,13,135009541,0.95,2,2
"sub.11012",-895.922217230882,-895.922217230882,1,2,1,2,1,2,1,2,500,4,2,13,135009542,0.95,2,2
"sub.2170",-963.01125477951,-963.01125477951,1,3,2,2,1,3,2,2,500,4,3,13,135009543,0.95,2,2
"sub.3170",-914.986604181977,-914.986604181977,1,1,2,2,1,1,2,2,500,4,4,13,135009544,0.95,2,2
"sub.4170",-978.238448197912,-978.238448197912,1,3,2,3,1,3,2,3,500,4,5,13,135009545,0.95,2,2
"sub.5170",-1026.48508167897,-1026.48508167897,1,3,4,2,1,3,4,2,500,4,6,13,135009546,0.95,2,2
"sub.6170",-760.669224359937,-760.669224359937,1,1,1,1,1,1,1,1,500,4,7,13,135009547,0.95,2,2
"sub.7170",-900.195865378496,-900.195865378496,3,1,3,2,3,1,3,2,500,4,8,13,135009548,0.95,2,2
"sub.8170",-910.739548097322,-910.739548097322,1,1,2,2,1,1,2,2,500,4,9,13,135009549,0.95,2,2
"sub.9170",-926.056591538474,-926.056591538474,3,3,1,2,3,3,1,2,500,4,10,13,1350095410,0.95,2,2
"sub.10170",-760.669224359937,-760.669224359937,1,1,1,1,1,1,1,1,500,4,11,13,1350095411,0.95,2,2
"sub.11209",-930.378941247203,-930.378941247203,2,3,1,1,2,3,1,1,500,4,12,13,1350095412,0.95,2,2
"sub.12186",-1023.28187297652,-1023.28187297652,2,3,1,4,2,3,1,4,500,4,13,13,1350095413,0.95,2,2
"sub.13173",-878.019724033851,-878.019724033851,2,2,1,2,2,2,1,2,500,4,14,13,1350095414,0.95,2,2
"sub.14170",-975.295765340754,-975.295765340754,3,2,1,2,3,2,1,2,500,4,15,13,1350095415,0.95,2,2
"sub.15170",-903.612929290153,-903.612929290153,1,2,2,1,1,2,2,1,500,4,16,13,1350095416,0.95,2,2
"sub.16170",-975.837496832356,-975.837496832356,1,3,3,2,1,3,3,2,500,4,17,13,1350095417,0.95,2,2
"sub.17170",-950.560813663281,-950.560813663281,1,2,3,2,1,2,3,2,500,4,18,13,1350095418,0.95,2,2
"sub.18170",-914.627174645905,-914.627174645905,1,1,2,2,1,1,2,2,500,4,19,13,1350095419,0.95,2,2
"sub.19170",-853.571712388169,-853.571712388169,1,1,1,2,1,1,1,2,500,4,20,13,1350095420,0.95,2,2
"sub171",-892.160717723496,-892.160717723496,1,1,1,2,1,1,1,2,500,4,1,14,145009541,0.95,3,2
"sub.11013",-775.568817366343,-775.568817366343,1,1,1,1,1,1,1,1,500,4,2,14,145009542,0.95,3,2
"sub.2171",-980.14152412592,-980.14152412592,3,1,1,2,3,1,1,2,500,4,3,14,145009543,0.95,3,2
"sub.3171",-932.840164023654,-932.840164023654,1,3,1,2,1,3,1,2,500,4,4,14,145009544,0.95,3,2
"sub.4171",-1007.78322481188,-1007.78322481188,1,3,2,4,1,3,2,4,500,4,5,14,145009545,0.95,3,2
"sub.5171",-973.219774170966,-973.219774170966,2,3,1,3,2,3,1,3,500,4,6,14,145009546,0.95,3,2
"sub.6171",-826.200929772305,-826.200929772305,2,1,1,1,2,1,1,1,500,4,7,14,145009547,0.95,3,2
"sub.7171",-847.776107872818,-847.776107872818,2,1,2,2,2,1,2,2,500,4,8,14,145009548,0.95,3,2
"sub.8171",-940.082396084403,-940.082396084403,3,2,1,3,3,2,1,3,500,4,9,14,145009549,0.95,3,2
"sub.9171",-942.080906033025,-942.080906033025,3,3,1,2,3,3,1,2,500,4,10,14,1450095410,0.95,3,2
"sub.10171",-980.326051023814,-980.326051023814,3,4,1,2,3,4,1,2,500,4,11,14,1450095411,0.95,3,2
"sub.11210",-851.866423153097,-851.866423153097,2,1,1,1,2,1,1,1,500,4,12,14,1450095412,0.95,3,2
"sub.12187",-882.889066141655,-882.889066141655,1,2,2,2,1,2,2,2,500,4,13,14,1450095413,0.95,3,2
"sub.13174",-729.494793653314,-729.494793653314,1,1,1,1,1,1,1,1,500,4,14,14,1450095414,0.95,3,2
"sub.14171",-865.785909906803,-865.785909906803,1,2,2,2,1,2,2,2,500,4,15,14,1450095415,0.95,3,2
"sub.15171",-900.873154027018,-900.873154027018,2,2,1,1,2,2,1,1,500,4,16,14,1450095416,0.95,3,2
"sub.16171",-863.90839034899,-863.90839034899,1,2,1,1,1,2,1,1,500,4,17,14,1450095417,0.95,3,2
"sub.17171",-872.447300149102,-872.447300149102,1,2,1,1,1,2,1,1,500,4,18,14,1450095418,0.95,3,2
"sub.18171",-905.380509587002,-905.380509587002,1,1,1,2,1,1,1,2,500,4,19,14,1450095419,0.95,3,2
"sub.19171",-820.009447750254,-820.009447750254,2,2,1,2,2,2,1,2,500,4,20,14,1450095420,0.95,3,2
"sub172",-865.903629629964,-865.903629629964,1,2,2,2,1,2,2,2,500,4,1,15,155009541,0.95,4,1
"sub.11014",-876.806413841225,-876.806413841225,1,1,2,1,1,1,2,1,500,4,2,15,155009542,0.95,4,1
"sub.2172",-1020.1112790404,-1020.1112790404,2,1,3,4,2,1,3,4,500,4,3,15,155009543,0.95,4,1
"sub.3172",-868.162254534697,-868.162254534697,1,1,1,2,1,1,1,2,500,4,4,15,155009544,0.95,4,1
"sub.4172",-969.753489725714,-969.753489725714,1,3,2,3,1,3,2,3,500,4,5,15,155009545,0.95,4,1
"sub.5172",-826.325201372704,-826.325201372704,1,2,1,1,1,2,1,1,500,4,6,15,155009546,0.95,4,1
"sub.6172",-851.610172781459,-851.610172781459,1,1,1,2,1,1,1,2,500,4,7,15,155009547,0.95,4,1
"sub.7172",-887.703643968447,-887.703643968447,2,2,2,1,2,2,2,1,500,4,8,15,155009548,0.95,4,1
"sub.8172",-985.141367441944,-985.141367441944,4,3,2,1,4,3,2,1,500,4,9,15,155009549,0.95,4,1
"sub.9172",-966.943739765935,-966.943739765935,2,2,1,3,2,2,1,3,500,4,10,15,1550095410,0.95,4,1
"sub.10172",-836.102711899531,-836.102711899531,2,1,2,2,2,1,2,2,500,4,11,15,1550095411,0.95,4,1
"sub.11211",-829.870842959706,-829.870842959706,1,2,2,2,1,2,2,2,500,4,12,15,1550095412,0.95,4,1
"sub.12188",-970.582184376271,-970.582184376271,2,1,3,1,2,1,3,1,500,4,13,15,1550095413,0.95,4,1
"sub.13175",-952.435227810631,-952.435227810631,1,2,2,3,1,2,2,3,500,4,14,15,1550095414,0.95,4,1
"sub.14172",-981.742671838844,-981.742671838844,1,1,2,3,1,1,2,3,500,4,15,15,1550095415,0.95,4,1
"sub.15172",-955.648637168488,-955.648637168488,1,3,2,1,1,3,2,1,500,4,16,15,1550095416,0.95,4,1
"sub.16172",-852.70674783921,-852.70674783921,2,2,1,2,2,2,1,2,500,4,17,15,1550095417,0.95,4,1
"sub.17172",-865.830949544571,-865.830949544571,1,1,2,2,1,1,2,2,500,4,18,15,1550095418,0.95,4,1
"sub.18172",-741.6438972721,-741.6438972721,1,1,1,1,1,1,1,1,500,4,19,15,1550095419,0.95,4,1
"sub.19172",-954.718986762252,-954.718986762252,1,3,2,3,1,3,2,3,500,4,20,15,1550095420,0.95,4,1
"sub173",-861.732912724414,-861.732912724414,2,1,1,1,2,1,1,1,500,4,1,16,165009541,0.95,4,1
"sub.11015",-851.984761135406,-851.984761135406,1,1,1,2,1,1,1,2,500,4,2,16,165009542,0.95,4,1
"sub.2173",-712.723524617576,-712.723524617576,1,1,1,1,1,1,1,1,500,4,3,16,165009543,0.95,4,1
"sub.3173",-957.540943984232,-957.540943984232,1,2,1,3,1,2,1,3,500,4,4,16,165009544,0.95,4,1
"sub.4173",-952.216978969238,-952.216978969238,2,1,1,3,2,1,1,3,500,4,5,16,165009545,0.95,4,1
"sub.5173",-1004.72776386152,-1004.72776386152,4,1,2,3,4,1,2,3,500,4,6,16,165009546,0.95,4,1
"sub.6173",-917.776380418777,-917.776380418777,1,1,2,2,1,1,2,2,500,4,7,16,165009547,0.95,4,1
"sub.7173",-951.926603366069,-951.926603366069,2,3,1,3,2,3,1,3,500,4,8,16,165009548,0.95,4,1
"sub.8173",-874.146741830906,-874.146741830906,2,2,2,1,2,2,2,1,500,4,9,16,165009549,0.95,4,1
"sub.9173",-848.201521595953,-848.201521595953,2,2,1,2,2,2,1,2,500,4,10,16,1650095410,0.95,4,1
"sub.10173",-877.832245538905,-877.832245538905,2,2,1,1,2,2,1,1,500,4,11,16,1650095411,0.95,4,1
"sub.11212",-867.22680374815,-867.22680374815,2,2,1,2,2,2,1,2,500,4,12,16,1650095412,0.95,4,1
"sub.12189",-1012.55331323346,-1012.55331323346,2,3,1,4,2,3,1,4,500,4,13,16,1650095413,0.95,4,1
"sub.13176",-850.11483164027,-850.11483164027,1,2,1,1,1,2,1,1,500,4,14,16,1650095414,0.95,4,1
"sub.14173",-969.065966611114,-969.065966611114,2,1,2,3,2,1,2,3,500,4,15,16,1650095415,0.95,4,1
"sub.15173",-997.859487088779,-997.859487088779,4,1,2,3,4,1,2,3,500,4,16,16,1650095416,0.95,4,1
"sub.16173",-734.194100768896,-734.194100768896,1,1,1,1,1,1,1,1,500,4,17,16,1650095417,0.95,4,1
"sub.17173",-929.996267995579,-929.996267995579,1,2,1,1,1,2,1,1,500,4,18,16,1650095418,0.95,4,1
"sub.18173",-760.669224359937,-760.669224359937,1,1,1,1,1,1,1,1,500,4,19,16,1650095419,0.95,4,1
"sub.19173",-988.621475560818,-988.621475560818,3,1,2,2,3,1,2,2,500,4,20,16,1650095420,0.95,4,1
"sub174",-968.517513326405,-968.517513326405,2,1,1,3,2,1,1,3,500,4,1,17,175009541,0.95,2,3
"sub.11016",-972.851608580576,-972.851608580576,2,3,1,2,2,3,1,2,500,4,2,17,175009542,0.95,2,3
"sub.2174",-1026.32995288209,-1026.32995288209,2,4,1,3,2,4,1,3,500,4,3,17,175009543,0.95,2,3
"sub.3174",-970.339870476007,-970.339870476007,2,2,1,3,2,2,1,3,500,4,4,17,175009544,0.95,2,3
"sub.4174",-957.201671531703,-957.201671531703,1,2,3,2,1,2,3,2,500,4,5,17,175009545,0.95,2,3
"sub.5174",-888.79972439947,-888.79972439947,1,1,2,2,1,1,2,2,500,4,6,17,175009546,0.95,2,3
"sub.6174",-887.112103959341,-887.112103959341,2,2,1,2,2,2,1,2,500,4,7,17,175009547,0.95,2,3
"sub.7174",-945.357075691471,-945.357075691471,2,1,2,3,2,1,2,3,500,4,8,17,175009548,0.95,2,3
"sub.8174",-1038.76499346689,-1038.76499346689,2,3,4,1,2,3,4,1,500,4,9,17,175009549,0.95,2,3
"sub.9174",-946.391645424519,-946.391645424519,3,2,1,2,3,2,1,2,500,4,10,17,1750095410,0.95,2,3
"sub.10174",-963.579638816344,-963.579638816344,2,3,1,2,2,3,1,2,500,4,11,17,1750095411,0.95,2,3
"sub.11213",-845.399636999133,-845.399636999133,1,2,2,2,1,2,2,2,500,4,12,17,1750095412,0.95,2,3
"sub.12190",-942.818312341857,-942.818312341857,1,1,2,2,1,1,2,2,500,4,13,17,1750095413,0.95,2,3
"sub.13177",-874.967342824449,-874.967342824449,1,2,2,2,1,2,2,2,500,4,14,17,1750095414,0.95,2,3
"sub.14174",-784.890289898878,-784.890289898878,1,1,1,1,1,1,1,1,500,4,15,17,1750095415,0.95,2,3
"sub.15174",-727.431926612598,-727.431926612598,1,1,1,1,1,1,1,1,500,4,16,17,1750095416,0.95,2,3
"sub.16174",-946.353600264714,-946.353600264714,2,2,1,3,2,2,1,3,500,4,17,17,1750095417,0.95,2,3
"sub.17174",-965.898157543918,-965.898157543918,3,1,1,2,3,1,1,2,500,4,18,17,1750095418,0.95,2,3
"sub.18174",-885.419674876897,-885.419674876897,1,1,2,1,1,1,2,1,500,4,19,17,1750095419,0.95,2,3
"sub.19174",-997.175349857007,-997.175349857007,1,2,3,4,1,2,3,4,500,4,20,17,1750095420,0.95,2,3
"sub175",-988.59517417638,-988.59517417638,3,2,2,1,3,2,2,1,500,4,1,18,185009541,0.95,3,2
"sub.11017",-863.191674523812,-863.191674523812,2,2,2,1,2,2,2,1,500,4,2,18,185009542,0.95,3,2
"sub.2175",-858.994608315446,-858.994608315446,2,2,1,2,2,2,1,2,500,4,3,18,185009543,0.95,3,2
"sub.3175",-983.666438962671,-983.666438962671,1,3,2,3,1,3,2,3,500,4,4,18,185009544,0.95,3,2
"sub.4175",-734.881723115801,-734.881723115801,1,1,1,1,1,1,1,1,500,4,5,18,185009545,0.95,3,2
"sub.5175",-976.696100112317,-976.696100112317,1,3,2,4,1,3,2,4,500,4,6,18,185009546,0.95,3,2
"sub.6175",-894.698654810904,-894.698654810904,2,1,1,1,2,1,1,1,500,4,7,18,185009547,0.95,3,2
"sub.7175",-959.143309763109,-959.143309763109,1,3,2,3,1,3,2,3,500,4,8,18,185009548,0.95,3,2
"sub.8175",-900.898651801327,-900.898651801327,1,1,2,2,1,1,2,2,500,4,9,18,185009549,0.95,3,2
"sub.9175",-937.117847811114,-937.117847811114,2,1,1,2,2,1,1,2,500,4,10,18,1850095410,0.95,3,2
"sub.10175",-853.141637531849,-853.141637531849,1,2,1,1,1,2,1,1,500,4,11,18,1850095411,0.95,3,2
"sub.11214",-966.693612486992,-966.693612486992,3,2,1,1,3,2,1,1,500,4,12,18,1850095412,0.95,3,2
"sub.12191",-757.727543960932,-757.727543960932,1,1,1,1,1,1,1,1,500,4,13,18,1850095413,0.95,3,2
"sub.13178",-997.992873060854,-997.992873060854,2,3,1,3,2,3,1,3,500,4,14,18,1850095414,0.95,3,2
"sub.14175",-961.113280357729,-961.113280357729,3,1,2,3,3,1,2,3,500,4,15,18,1850095415,0.95,3,2
"sub.15175",-970.714179387216,-970.714179387216,2,3,2,1,2,3,2,1,500,4,16,18,1850095416,0.95,3,2
"sub.16175",-963.116184447358,-963.116184447358,2,1,3,3,2,1,3,3,500,4,17,18,1850095417,0.95,3,2
"sub.17175",-958.233157520356,-958.233157520356,1,1,2,3,1,1,2,3,500,4,18,18,1850095418,0.95,3,2
"sub.18175",-958.595209700813,-958.595209700813,3,1,2,3,3,1,2,3,500,4,19,18,1850095419,0.95,3,2
"sub.19175",-879.481630455112,-879.481630455112,2,2,1,2,2,2,1,2,500,4,20,18,1850095420,0.95,3,2
"sub176",-1029.67572658504,-1029.67572658504,1,2,3,4,1,2,3,4,500,4,1,19,195009541,0.95,3,2
"sub.11018",-969.684236264836,-969.684236264836,3,2,2,1,3,2,2,1,500,4,2,19,195009542,0.95,3,2
"sub.2176",-913.278983942958,-913.278983942958,2,2,3,1,2,2,3,1,500,4,3,19,195009543,0.95,3,2
"sub.3176",-888.709552749951,-888.709552749951,2,2,2,1,2,2,2,1,500,4,4,19,195009544,0.95,3,2
"sub.4176",-828.780582278814,-828.780582278814,1,1,1,2,1,1,1,2,500,4,5,19,195009545,0.95,3,2
"sub.5176",-742.140328607621,-742.140328607621,1,1,1,1,1,1,1,1,500,4,6,19,195009546,0.95,3,2
"sub.6176",-822.656606375243,-822.656606375243,1,2,1,1,1,2,1,1,500,4,7,19,195009547,0.95,3,2
"sub.7176",-1015.14832431817,-1015.14832431817,2,4,1,3,2,4,1,3,500,4,8,19,195009548,0.95,3,2
"sub.8176",-695.761064570454,-695.761064570454,1,1,1,1,1,1,1,1,500,4,9,19,195009549,0.95,3,2
"sub.9176",-729.685984664698,-729.685984664698,1,1,1,1,1,1,1,1,500,4,10,19,1950095410,0.95,3,2
"sub.10176",-977.059093404292,-977.059093404292,2,1,1,3,2,1,1,3,500,4,11,19,1950095411,0.95,3,2
"sub.11215",-1045.84697718628,-1045.84697718628,3,1,4,2,3,1,4,2,500,4,12,19,1950095412,0.95,3,2
"sub.12192",-860.424670353886,-860.424670353886,1,1,1,2,1,1,1,2,500,4,13,19,1950095413,0.95,3,2
"sub.13179",-742.140328607621,-742.140328607621,1,1,1,1,1,1,1,1,500,4,14,19,1950095414,0.95,3,2
"sub.14176",-686.057210015151,-686.057210015151,1,1,1,1,1,1,1,1,500,4,15,19,1950095415,0.95,3,2
"sub.15176",-926.26463776103,-926.26463776103,1,2,1,3,1,2,1,3,500,4,16,19,1950095416,0.95,3,2
"sub.16176",-964.788426514228,-964.788426514228,1,2,3,3,1,2,3,3,500,4,17,19,1950095417,0.95,3,2
"sub.17176",-756.352299267122,-756.352299267122,1,1,1,1,1,1,1,1,500,4,18,19,1950095418,0.95,3,2
"sub.18176",-877.981173022168,-877.981173022168,2,1,2,2,2,1,2,2,500,4,19,19,1950095419,0.95,3,2
"sub.19176",-1009.73555250942,-1009.73555250942,2,3,1,4,2,3,1,4,500,4,20,19,1950095420,0.95,3,2
"sub177",-1007.73456722167,-1007.73456722167,3,2,1,4,3,2,1,4,500,4,1,2,25009541,0.95,2,3
"sub.11019",-932.313548821212,-932.313548821212,2,1,1,2,2,1,1,2,500,4,2,2,25009542,0.95,2,3
"sub.2177",-923.178164734942,-923.178164734942,2,2,1,1,2,2,1,1,500,4,3,2,25009543,0.95,2,3
"sub.3177",-971.317988113583,-971.317988113583,2,1,2,3,2,1,2,3,500,4,4,2,25009544,0.95,2,3
"sub.4177",-936.69213945433,-936.69213945433,2,1,1,2,2,1,1,2,500,4,5,2,25009545,0.95,2,3
"sub.5177",-906.719407992616,-906.719407992616,1,1,1,2,1,1,1,2,500,4,6,2,25009546,0.95,2,3
"sub.6177",-959.950059850655,-959.950059850655,3,1,2,2,3,1,2,2,500,4,7,2,25009547,0.95,2,3
"sub.7177",-745.273200018009,-745.273200018009,1,1,1,1,1,1,1,1,500,4,8,2,25009548,0.95,2,3
"sub.8177",-972.709558232371,-972.709558232371,3,1,2,3,3,1,2,3,500,4,9,2,25009549,0.95,2,3
"sub.9177",-947.520582496604,-947.520582496604,2,1,3,2,2,1,3,2,500,4,10,2,250095410,0.95,2,3
"sub.10177",-914.222085423201,-914.222085423201,1,1,2,3,1,1,2,3,500,4,11,2,250095411,0.95,2,3
"sub.11216",-941.946204112016,-941.946204112016,2,3,1,1,2,3,1,1,500,4,12,2,250095412,0.95,2,3
"sub.12193",-885.625482541028,-885.625482541028,1,2,1,2,1,2,1,2,500,4,13,2,250095413,0.95,2,3
"sub.13180",-757.039921614027,-757.039921614027,1,1,1,1,1,1,1,1,500,4,14,2,250095414,0.95,2,3
"sub.14177",-856.502203788708,-856.502203788708,2,2,2,1,2,2,2,1,500,4,15,2,250095415,0.95,2,3
"sub.15177",-892.301782060876,-892.301782060876,1,1,1,2,1,1,1,2,500,4,16,2,250095416,0.95,2,3
"sub.16177",-667.719505274219,-667.719505274219,1,1,1,1,1,1,1,1,500,4,17,2,250095417,0.95,2,3
"sub.17177",-733.506478421991,-733.506478421991,1,1,1,1,1,1,1,1,500,4,18,2,250095418,0.95,2,3
"sub.18177",-965.600719104352,-965.600719104352,2,1,3,3,2,1,3,3,500,4,19,2,250095419,0.95,2,3
"sub.19177",-854.433511454356,-854.433511454356,2,1,1,2,2,1,1,2,500,4,20,2,250095420,0.95,2,3
"sub178",-892.220494242594,-892.220494242594,2,2,2,1,2,2,2,1,500,4,1,20,205009541,0.95,2,3
"sub.11020",-960.939464433907,-960.939464433907,3,2,1,2,3,2,1,2,500,4,2,20,205009542,0.95,2,3
"sub.2178",-826.546776167287,-826.546776167287,2,2,1,2,2,2,1,2,500,4,3,20,205009543,0.95,2,3
"sub.3178",-907.166135432323,-907.166135432323,1,1,1,2,1,1,1,2,500,4,4,20,205009544,0.95,2,3
"sub.4178",-891.896178228372,-891.896178228372,1,2,1,2,1,2,1,2,500,4,5,20,205009545,0.95,2,3
"sub.5178",-712.723524617576,-712.723524617576,1,1,1,1,1,1,1,1,500,4,6,20,205009546,0.95,2,3
"sub.6178",-930.436242703107,-930.436242703107,3,1,2,2,3,1,2,2,500,4,7,20,205009547,0.95,2,3
"sub.7178",-897.010286211181,-897.010286211181,1,2,1,2,1,2,1,2,500,4,8,20,205009548,0.95,2,3
"sub.8178",-849.783427360345,-849.783427360345,1,2,2,2,1,2,2,2,500,4,9,20,205009549,0.95,2,3
"sub.9178",-940.781298318141,-940.781298318141,2,1,2,1,2,1,2,1,500,4,10,20,2050095410,0.95,2,3
"sub.10178",-846.664348838058,-846.664348838058,1,2,1,1,1,2,1,1,500,4,11,20,2050095411,0.95,2,3
"sub.11217",-901.532155274946,-901.532155274946,1,1,2,2,1,1,2,2,500,4,12,20,2050095412,0.95,2,3
"sub.12194",-845.228839618888,-845.228839618888,1,1,1,2,1,1,1,2,500,4,13,20,2050095413,0.95,2,3
"sub.13181",-938.853343140094,-938.853343140094,1,3,3,2,1,3,3,2,500,4,14,20,2050095414,0.95,2,3
"sub.14178",-1004.32645895201,-1004.32645895201,1,3,2,4,1,3,2,4,500,4,15,20,2050095415,0.95,2,3
"sub.15178",-739.198648208616,-739.198648208616,1,1,1,1,1,1,1,1,500,4,16,20,2050095416,0.95,2,3
"sub.16178",-860.664034945548,-860.664034945548,2,1,1,1,2,1,1,1,500,4,17,20,2050095417,0.95,2,3
"sub.17178",-948.517288752511,-948.517288752511,1,1,3,2,1,1,3,2,500,4,18,20,2050095418,0.95,2,3
"sub.18178",-900.807361237602,-900.807361237602,1,1,1,2,1,1,1,2,500,4,19,20,2050095419,0.95,2,3
"sub.19178",-875.601835944713,-875.601835944713,2,2,2,1,2,2,2,1,500,4,20,20,2050095420,0.95,2,3
"sub179",-977.121979532674,-977.121979532674,1,3,1,2,1,3,1,2,500,4,1,3,35009541,0.95,3,2
"sub.11021",-1008.29353322123,-1008.29353322123,1,2,3,4,1,2,3,4,500,4,2,3,35009542,0.95,3,2
"sub.2179",-863.305621325865,-863.305621325865,1,2,2,2,1,2,2,2,500,4,3,3,35009543,0.95,3,2
"sub.3179",-977.292128703611,-977.292128703611,1,2,4,3,1,2,4,3,500,4,4,3,35009544,0.95,3,2
"sub.4179",-758.415166307837,-758.415166307837,1,1,1,1,1,1,1,1,500,4,5,3,35009545,0.95,3,2
"sub.5179",-889.320313193472,-889.320313193472,1,2,1,2,1,2,1,2,500,4,6,3,35009546,0.95,3,2
"sub.6179",-969.695302066567,-969.695302066567,3,1,2,2,3,1,2,2,500,4,7,3,35009547,0.95,3,2
"sub.7179",-1021.87316520805,-1021.87316520805,4,1,2,3,4,1,2,3,500,4,8,3,35009548,0.95,3,2
"sub.8179",-749.590125110824,-749.590125110824,1,1,1,1,1,1,1,1,500,4,9,3,35009549,0.95,3,2
"sub.9179",-1029.60151963955,-1029.60151963955,1,4,2,3,1,4,2,3,500,4,10,3,350095410,0.95,3,2
"sub.10179",-952.590676484528,-952.590676484528,2,2,3,1,2,2,3,1,500,4,11,3,350095411,0.95,3,2
"sub.11218",-703.210861073657,-703.210861073657,1,1,1,1,1,1,1,1,500,4,12,3,350095412,0.95,3,2
"sub.12195",-907.158218710342,-907.158218710342,2,2,1,1,2,2,1,1,500,4,13,3,350095413,0.95,3,2
"sub.13182",-1000.39947124094,-1000.39947124094,3,2,4,1,3,2,4,1,500,4,14,3,350095414,0.95,3,2
"sub.14179",-945.122113117252,-945.122113117252,3,1,2,1,3,1,2,1,500,4,15,3,350095415,0.95,3,2
"sub.15179",-955.169188240183,-955.169188240183,2,2,3,1,2,2,3,1,500,4,16,3,350095416,0.95,3,2
"sub.16179",-889.865557642546,-889.865557642546,2,1,2,1,2,1,2,1,500,4,17,3,350095417,0.95,3,2
"sub.17179",-891.840930847488,-891.840930847488,1,1,2,2,1,1,2,2,500,4,18,3,350095418,0.95,3,2
"sub.18179",-978.867605670484,-978.867605670484,2,3,1,3,2,3,1,3,500,4,19,3,350095419,0.95,3,2
"sub.19179",-875.494716539765,-875.494716539765,1,1,2,1,1,1,2,1,500,4,20,3,350095420,0.95,3,2
"sub180",-759.293979666127,-759.293979666127,1,1,1,1,1,1,1,1,500,4,1,4,45009541,0.95,2,3
"sub.11022",-729.685984664698,-729.685984664698,1,1,1,1,1,1,1,1,500,4,2,4,45009542,0.95,2,3
"sub.2180",-938.421757133772,-938.421757133772,1,2,2,3,1,2,2,3,500,4,3,4,45009543,0.95,2,3
"sub.3180",-946.10575452893,-946.10575452893,1,3,2,2,1,3,2,2,500,4,4,4,45009544,0.95,2,3
"sub.4180",-873.492772381091,-873.492772381091,1,1,2,1,1,1,2,1,500,4,5,4,45009545,0.95,2,3
"sub.5180",-869.416764477774,-869.416764477774,1,2,2,1,1,2,2,1,500,4,6,4,45009546,0.95,2,3
"sub.6180",-846.356364400314,-846.356364400314,2,2,1,2,2,2,1,2,500,4,7,4,45009547,0.95,2,3
"sub.7180",-949.715519374009,-949.715519374009,1,1,3,2,1,1,3,2,500,4,8,4,45009548,0.95,2,3
"sub.8180",-887.965687058778,-887.965687058778,1,1,1,2,1,1,1,2,500,4,9,4,45009549,0.95,2,3
"sub.9180",-960.199845454354,-960.199845454354,2,2,1,3,2,2,1,3,500,4,10,4,450095410,0.95,2,3
"sub.10180",-855.317816941528,-855.317816941528,1,1,1,2,1,1,1,2,500,4,11,4,450095411,0.95,2,3
"sub.11219",-806.169675038815,-806.169675038815,1,1,1,1,1,1,1,1,500,4,12,4,450095412,0.95,2,3
"sub.12196",-884.138387389866,-884.138387389866,2,1,2,2,2,1,2,2,500,4,13,4,450095413,0.95,2,3
"sub.13183",-935.798101607535,-935.798101607535,3,1,1,2,3,1,1,2,500,4,14,4,450095414,0.95,2,3
"sub.14180",-1008.42926651837,-1008.42926651837,1,4,2,3,1,4,2,3,500,4,15,4,450095415,0.95,2,3
"sub.15180",-869.508070526154,-869.508070526154,2,1,2,2,2,1,2,2,500,4,16,4,450095416,0.95,2,3
"sub.16180",-748.02368940563,-748.02368940563,1,1,1,1,1,1,1,1,500,4,17,4,450095417,0.95,2,3
"sub.17180",-846.158198085618,-846.158198085618,1,1,1,2,1,1,1,2,500,4,18,4,450095418,0.95,2,3
"sub.18180",-943.385390018368,-943.385390018368,1,1,2,3,1,1,2,3,500,4,19,4,450095419,0.95,2,3
"sub.19180",-967.523187160415,-967.523187160415,2,1,3,3,2,1,3,3,500,4,20,4,450095420,0.95,2,3
"sub181",-973.335097573386,-973.335097573386,1,1,2,3,1,1,2,3,500,4,1,5,55009541,0.95,4,1
"sub.11023",-915.039356125946,-915.039356125946,1,2,1,2,1,2,1,2,500,4,2,5,55009542,0.95,4,1
"sub.2181",-913.998662046115,-913.998662046115,1,2,2,1,1,2,2,1,500,4,3,5,55009543,0.95,4,1
"sub.3181",-887.064414526522,-887.064414526522,2,2,2,1,2,2,2,1,500,4,4,5,55009544,0.95,4,1
"sub.4181",-907.85035649904,-907.85035649904,2,1,2,1,2,1,2,1,500,4,5,5,55009545,0.95,4,1
"sub.5181",-726.553113254309,-726.553113254309,1,1,1,1,1,1,1,1,500,4,6,5,55009546,0.95,4,1
"sub.6181",-1022.18025054145,-1022.18025054145,1,3,2,4,1,3,2,4,500,4,7,5,55009547,0.95,4,1
"sub.7181",-836.653617057216,-836.653617057216,1,2,2,2,1,2,2,2,500,4,8,5,55009548,0.95,4,1
"sub.8181",-1018.91697191142,-1018.91697191142,1,4,2,3,1,4,2,3,500,4,9,5,55009549,0.95,4,1
"sub.9181",-874.454946299595,-874.454946299595,1,1,1,2,1,1,1,2,500,4,10,5,550095410,0.95,4,1
"sub.10181",-973.86841894236,-973.86841894236,2,2,1,3,2,2,1,3,500,4,11,5,550095411,0.95,4,1
"sub.11220",-869.602171401669,-869.602171401669,1,2,1,2,1,2,1,2,500,4,12,5,550095412,0.95,4,1
"sub.12197",-729.685984664698,-729.685984664698,1,1,1,1,1,1,1,1,500,4,13,5,550095413,0.95,4,1
"sub.13184",-719.982130109395,-719.982130109395,1,1,1,1,1,1,1,1,500,4,14,5,550095414,0.95,4,1
"sub.14181",-952.177547758161,-952.177547758161,1,2,2,3,1,2,2,3,500,4,15,5,550095415,0.95,4,1
"sub.15181",-934.633621784988,-934.633621784988,2,1,2,3,2,1,2,3,500,4,16,5,550095416,0.95,4,1
"sub.16181",-1021.95995005746,-1021.95995005746,1,3,2,4,1,3,2,4,500,4,17,5,550095417,0.95,4,1
"sub.17181",-858.316755534391,-858.316755534391,1,2,1,2,1,2,1,2,500,4,18,5,550095418,0.95,4,1
"sub.18181",-854.412242733479,-854.412242733479,1,2,1,2,1,2,1,2,500,4,19,5,550095419,0.95,4,1
"sub.19181",-869.21930070745,-869.21930070745,1,1,2,1,1,1,2,1,500,4,20,5,550095420,0.95,4,1
"sub182",-896.371483728217,-896.371483728217,1,1,2,1,1,1,2,1,500,4,1,6,65009541,0.95,3,2
"sub.11024",-845.636912394418,-845.636912394418,1,2,1,1,1,2,1,1,500,4,2,6,65009542,0.95,3,2
"sub.2182",-972.528353127539,-972.528353127539,2,3,1,2,2,3,1,2,500,4,3,6,65009543,0.95,3,2
"sub.3182",-882.575850659598,-882.575850659598,1,1,1,2,1,1,1,2,500,4,4,6,65009544,0.95,3,2
"sub.4182",-888.664062915849,-888.664062915849,1,2,2,1,1,2,2,1,500,4,5,6,65009545,0.95,3,2
"sub.5182",-848.431675780276,-848.431675780276,1,2,1,1,1,2,1,1,500,4,6,6,65009546,0.95,3,2
"sub.6182",-977.233683178519,-977.233683178519,1,2,1,3,1,2,1,3,500,4,7,6,65009547,0.95,3,2
"sub.7182",-878.964216476853,-878.964216476853,2,2,1,2,2,2,1,2,500,4,8,6,65009548,0.95,3,2
"sub.8182",-831.988147258217,-831.988147258217,2,1,1,1,2,1,1,1,500,4,9,6,65009549,0.95,3,2
"sub.9182",-761.356846706842,-761.356846706842,1,1,1,1,1,1,1,1,500,4,10,6,650095410,0.95,3,2
"sub.10182",-959.7671425769,-959.7671425769,3,2,1,1,3,2,1,1,500,4,11,6,650095411,0.95,3,2
"sub.11221",-910.272459199924,-910.272459199924,3,3,1,2,3,3,1,2,500,4,12,6,650095412,0.95,3,2
"sub.12198",-858.583990577138,-858.583990577138,2,2,2,1,2,2,2,1,500,4,13,6,650095413,0.95,3,2
"sub.13185",-888.769040979258,-888.769040979258,2,1,2,2,2,1,2,2,500,4,14,6,650095414,0.95,3,2
"sub.14182",-888.436884035429,-888.436884035429,2,2,1,2,2,2,1,2,500,4,15,6,650095415,0.95,3,2
"sub.15182",-977.855836226009,-977.855836226009,1,2,3,1,1,2,3,1,500,4,16,6,650095416,0.95,3,2
"sub.16182",-852.683681078125,-852.683681078125,1,2,1,1,1,2,1,1,500,4,17,6,650095417,0.95,3,2
"sub.17182",-985.665674001401,-985.665674001401,4,3,1,2,4,3,1,2,500,4,18,6,650095418,0.95,3,2
"sub.18182",-944.220858500491,-944.220858500491,1,2,2,3,1,2,2,3,500,4,19,6,650095419,0.95,3,2
"sub.19182",-978.704677912738,-978.704677912738,1,2,3,1,1,2,3,1,500,4,20,6,650095420,0.95,3,2
"sub183",-927.509436004255,-927.509436004255,2,2,1,3,2,2,1,3,500,4,1,7,75009541,0.95,3,2
"sub.11025",-938.654558021559,-938.654558021559,2,1,2,3,2,1,2,3,500,4,2,7,75009542,0.95,3,2
"sub.2183",-934.474964913939,-934.474964913939,2,1,2,1,2,1,2,1,500,4,3,7,75009543,0.95,3,2
"sub.3183",-876.824134142036,-876.824134142036,1,1,1,2,1,1,1,2,500,4,4,7,75009544,0.95,3,2
"sub.4183",-750.965369804634,-750.965369804634,1,1,1,1,1,1,1,1,500,4,5,7,75009545,0.95,3,2
"sub.5183",-1024.05524714517,-1024.05524714517,3,1,2,4,3,1,2,4,500,4,6,7,75009546,0.95,3,2
"sub.6183",-975.774109204054,-975.774109204054,1,2,1,3,1,2,1,3,500,4,7,7,75009547,0.95,3,2
"sub.7183",-849.853592231672,-849.853592231672,1,2,2,2,1,2,2,2,500,4,8,7,75009548,0.95,3,2
"sub.8183",-951.212563762552,-951.212563762552,2,3,3,1,2,3,3,1,500,4,9,7,75009549,0.95,3,2
"sub.9183",-962.981071030522,-962.981071030522,2,1,2,3,2,1,2,3,500,4,10,7,750095410,0.95,3,2
"sub.10183",-1025.88237736319,-1025.88237736319,3,1,2,4,3,1,2,4,500,4,11,7,750095411,0.95,3,2
"sub.11222",-980.78200679486,-980.78200679486,3,1,2,3,3,1,2,3,500,4,12,7,750095412,0.95,3,2
"sub.12199",-854.166211385197,-854.166211385197,1,2,2,1,1,2,2,1,500,4,13,7,750095413,0.95,3,2
"sub.13186",-867.556598914417,-867.556598914417,1,1,1,2,1,1,1,2,500,4,14,7,750095414,0.95,3,2
"sub.14183",-951.200694643584,-951.200694643584,2,2,3,1,2,2,3,1,500,4,15,7,750095415,0.95,3,2
"sub.15183",-898.975678973534,-898.975678973534,1,2,2,2,1,2,2,2,500,4,16,7,750095416,0.95,3,2
"sub.16183",-965.984008271004,-965.984008271004,1,3,1,2,1,3,1,2,500,4,17,7,750095417,0.95,3,2
"sub.17183",-915.388570200403,-915.388570200403,1,2,1,2,1,2,1,2,500,4,18,7,750095418,0.95,3,2
"sub.18183",-703.707292409178,-703.707292409178,1,1,1,1,1,1,1,1,500,4,19,7,750095419,0.95,3,2
"sub.19183",-1012.42370028164,-1012.42370028164,4,1,2,3,4,1,2,3,500,4,20,7,750095420,0.95,3,2
"sub184",-871.968126313318,-871.968126313318,2,1,2,1,2,1,2,1,500,4,1,8,85009541,0.95,4,1
"sub.11026",-897.796060067926,-897.796060067926,1,2,1,2,1,2,1,2,500,4,2,8,85009542,0.95,4,1
"sub.2184",-960.035273475362,-960.035273475362,1,2,2,3,1,2,2,3,500,4,3,8,85009543,0.95,4,1
"sub.3184",-924.435666325095,-924.435666325095,3,1,1,2,3,1,1,2,500,4,4,8,85009544,0.95,4,1
"sub.4184",-945.399361228749,-945.399361228749,1,3,2,3,1,3,2,3,500,4,5,8,85009545,0.95,4,1
"sub.5184",-882.2521007266,-882.2521007266,2,1,2,1,2,1,2,1,500,4,6,8,85009546,0.95,4,1
"sub.6184",-882.910210477248,-882.910210477248,2,2,1,1,2,2,1,1,500,4,7,8,85009547,0.95,4,1
"sub.7184",-1018.37150606774,-1018.37150606774,4,1,2,3,4,1,2,3,500,4,8,8,85009548,0.95,4,1
"sub.8184",-932.954879665802,-932.954879665802,1,3,3,2,1,3,3,2,500,4,9,8,85009549,0.95,4,1
"sub.9184",-1037.5898075094,-1037.5898075094,4,3,1,2,4,3,1,2,500,4,10,8,850095410,0.95,4,1
"sub.10184",-957.845060799306,-957.845060799306,3,3,1,2,3,3,1,2,500,4,11,8,850095411,0.95,4,1
"sub.11223",-927.325385930028,-927.325385930028,2,2,1,3,2,2,1,3,500,4,12,8,850095412,0.95,4,1
"sub.12200",-740.76508391381,-740.76508391381,1,1,1,1,1,1,1,1,500,4,13,8,850095413,0.95,4,1
"sub.13187",-875.010427714521,-875.010427714521,1,1,2,1,1,1,2,1,500,4,14,8,850095414,0.95,4,1
"sub.14184",-680.173849217142,-680.173849217142,1,1,1,1,1,1,1,1,500,4,15,8,850095415,0.95,4,1
"sub.15184",-975.123040295757,-975.123040295757,3,1,1,2,3,1,1,2,500,4,16,8,850095416,0.95,4,1
"sub.16184",-943.960475698274,-943.960475698274,1,1,2,3,1,1,2,3,500,4,17,8,850095417,0.95,4,1
"sub.17184",-721.548565814589,-721.548565814589,1,1,1,1,1,1,1,1,500,4,18,8,850095418,0.95,4,1
"sub.18184",-965.861971158751,-965.861971158751,1,2,3,2,1,2,3,2,500,4,19,8,850095419,0.95,4,1
"sub.19184",-916.816839483246,-916.816839483246,1,1,2,2,1,1,2,2,500,4,20,8,850095420,0.95,4,1
"sub185",-901.905595195934,-901.905595195934,2,1,1,2,2,1,1,2,500,4,1,9,95009541,0.95,2,2
"sub.11027",-736.944590156517,-736.944590156517,1,1,1,1,1,1,1,1,500,4,2,9,95009542,0.95,2,2
"sub.2185",-865.098438930294,-865.098438930294,1,2,1,1,1,2,1,1,500,4,3,9,95009543,0.95,2,2
"sub.3185",-966.270960709948,-966.270960709948,1,2,3,2,1,2,3,2,500,4,4,9,95009544,0.95,2,2
"sub.4185",-951.785457876052,-951.785457876052,2,3,1,3,2,3,1,3,500,4,5,9,95009545,0.95,2,2
"sub.5185",-949.004286937474,-949.004286937474,2,3,1,2,2,3,1,2,500,4,6,9,95009546,0.95,2,2
"sub.6185",-931.553504893253,-931.553504893253,1,2,3,3,1,2,3,3,500,4,7,9,95009547,0.95,2,2
"sub.7185",-1043.18161086993,-1043.18161086993,1,3,4,2,1,3,4,2,500,4,8,9,95009548,0.95,2,2
"sub.8185",-732.436474052318,-732.436474052318,1,1,1,1,1,1,1,1,500,4,9,9,95009549,0.95,2,2
"sub.9185",-752.531805509828,-752.531805509828,1,1,1,1,1,1,1,1,500,4,10,9,950095410,0.95,2,2
"sub.10185",-904.405546139381,-904.405546139381,1,2,2,2,1,2,2,2,500,4,11,9,950095411,0.95,2,2
"sub.11224",-973.694721029553,-973.694721029553,2,1,3,2,2,1,3,2,500,4,12,9,950095412,0.95,2,2
"sub.12201",-855.597238390151,-855.597238390151,1,1,2,1,1,1,2,1,500,4,13,9,950095413,0.95,2,2
"sub.13188",-1039.99966586911,-1039.99966586911,2,3,1,4,2,3,1,4,500,4,14,9,950095414,0.95,2,2
"sub.14185",-922.249233257961,-922.249233257961,2,3,3,1,2,3,3,1,500,4,15,9,950095415,0.95,2,2
"sub.15185",-756.161108255738,-756.161108255738,1,1,1,1,1,1,1,1,500,4,16,9,950095416,0.95,2,2
"sub.16185",-955.30823349009,-955.30823349009,1,3,2,2,1,3,2,2,500,4,17,9,950095417,0.95,2,2
"sub.17185",-880.239664751481,-880.239664751481,1,1,2,1,1,1,2,1,500,4,18,9,950095418,0.95,2,2
"sub.18185",-887.378529320718,-887.378529320718,2,1,1,1,2,1,1,1,500,4,19,9,950095419,0.95,2,2
"sub.19185",-851.863442994504,-851.863442994504,2,2,1,2,2,2,1,2,500,4,20,9,950095420,0.95,2,2
